2026-03-20 13:43:49,644 | INFO | events | preparing template=volatility_reversion expression=ts_rank(((returns - ts_mean(returns, 60)) / (1 + ts_std_dev(returns, 60))), 60)
2026-03-20 13:45:06,061 | INFO | events | completed alpha_id=1 status=complete sharpe=-1.4000 fitness=-0.4000
2026-03-20 13:45:06,076 | INFO | events | preparing template=mean_reversion expression=rank(group_neutralize((returns - ts_mean(returns, 5)), industry))
2026-03-20 13:46:22,139 | INFO | events | completed alpha_id=2 status=complete sharpe=-0.5400 fitness=-0.1100
2026-03-20 13:46:22,156 | INFO | events | preparing template=liquidity_reversal expression=zscore(group_neutralize(((close - ts_mean(close, 40)) / (1 + ts_rank(volume, 40))), sector))
2026-03-20 13:47:12,203 | INFO | events | preparing template=acceleration expression=rank((ts_delta(vwap, 10) - ts_delta(vwap, 20)))
2026-03-20 13:48:42,641 | INFO | events | completed alpha_id=6 status=complete sharpe=0.0200 fitness=0.0000
2026-03-20 13:48:42,660 | INFO | events | preparing template=quality_value expression=zscore((ts_rank((book_value / (1 + sales)), 20) - ts_rank(sales, 20)))
2026-03-20 13:48:44,627 | INFO | events | preparing template=mean_reversion expression=rank(group_neutralize((returns - ts_mean(returns, 5)), sector))
2026-03-20 13:50:26,903 | INFO | events | completed alpha_id=8 status=complete sharpe=-0.5800 fitness=-0.1200
2026-03-20 13:50:27,003 | INFO | events | preparing template=volatility_reversion expression=rank(((returns - ts_mean(returns, 60)) / (1 + ts_std_dev(returns, 60))))
2026-03-20 13:52:29,837 | INFO | events | completed alpha_id=12 status=complete sharpe=-1.2000 fitness=-0.3700
2026-03-20 13:52:29,851 | INFO | events | preparing template=mean_reversion expression=zscore(group_neutralize((returns - ts_mean(returns, 5)), sector))
2026-03-20 13:54:05,811 | INFO | events | completed alpha_id=13 status=complete sharpe=-0.4400 fitness=-0.0900
2026-03-20 13:54:05,932 | INFO | events | preparing template=volatility_reversion expression=zscore(((returns - ts_mean(returns, 60)) / (1 + ts_std_dev(returns, 60))))
2026-03-20 13:55:09,668 | INFO | events | preparing template=momentum expression=rank((ts_rank(vwap, 10) - ts_rank(vwap, 120)))
2026-03-20 13:57:39,063 | INFO | events | completed alpha_id=21 status=complete sharpe=-0.9900 fitness=-0.4200
2026-03-20 13:57:39,111 | INFO | events | preparing template=momentum expression=rank((ts_rank(returns, 10) - ts_rank(returns, 120)))
2026-03-20 13:59:40,279 | INFO | events | completed alpha_id=23 status=complete sharpe=0.7700 fitness=0.1500
2026-03-20 13:59:40,518 | INFO | events | preparing template=acceleration expression=rank((ts_delta(returns, 10) - ts_delta(returns, 20)))
2026-03-20 14:01:07,360 | INFO | events | completed alpha_id=33 status=complete sharpe=-0.6500 fitness=-0.1300
2026-03-20 14:01:12,870 | INFO | events | preparing template=fundamental_cross expression=rank((ts_rank(operating_margin, 60) - ts_rank(sales, 60)))
2026-03-20 14:01:14,273 | INFO | events | preparing template=fundamental_cross expression=rank((ts_rank(book_value, 120) - ts_rank(sales, 120)))
2026-03-20 14:01:16,950 | INFO | events | preparing template=acceleration expression=rank((ts_delta(vwap, 10) - ts_delta(vwap, 120)))
2026-03-20 14:02:32,487 | INFO | events | completed alpha_id=43 status=complete sharpe=0.1200 fitness=0.0400
2026-03-20 14:02:32,669 | INFO | events | preparing template=volatility_reversion expression=ts_rank(((book_value - ts_mean(book_value, 120)) / (1 + ts_std_dev(book_value, 120))), 120)
2026-03-20 14:02:45,036 | INFO | events | preparing template=breakout expression=ts_rank(((high - ts_min(high, 120)) / (1 + (ts_max(high, 120) - ts_min(high, 120)))), 120)
2026-03-20 14:02:46,339 | INFO | events | preparing template=range_reversion expression=rank(((vwap - ts_mean(vwap, 40)) / (1 + (ts_max(vwap, 40) - ts_min(vwap, 40)))))
2026-03-20 14:02:48,310 | INFO | events | preparing template=breakout expression=rank(((high - ts_min(high, 120)) / (1 + (ts_max(high, 120) - ts_min(high, 120)))))
2026-03-20 14:02:55,808 | INFO | events | preparing template=volatility_reversion expression=rank(((returns - ts_mean(returns, 120)) / (1 + ts_std_dev(returns, 120))))
2026-03-20 14:05:15,060 | INFO | events | completed alpha_id=57 status=complete sharpe=-1.2800 fitness=-0.4100
2026-03-20 14:05:15,082 | INFO | events | preparing template=fundamental_cross expression=rank((ts_rank(vwap, 10) - ts_rank(sales, 10)))
2026-03-20 14:06:31,052 | INFO | events | completed alpha_id=58 status=complete sharpe=-1.4500 fitness=-0.6600
2026-03-20 14:06:36,475 | INFO | events | preparing template=quality_efficiency expression=ts_rank((ts_rank((operating_margin / (1 + sales)), 120) - ts_rank((sales / (1 + operating_margin)), 120)), 120)
2026-03-20 14:06:43,001 | INFO | events | preparing template=quality_efficiency expression=rank((ts_rank((sales / (1 + eps)), 60) - ts_rank((eps / (1 + sales)), 60)))
2026-03-20 14:17:21,914 | INFO | events | preparing template=quality_efficiency expression=rank((ts_rank((eps / (1 + cashflow)), 20) - ts_rank((cashflow / (1 + eps)), 20)))
2026-03-20 14:28:00,196 | INFO | events | preparing template=acceleration expression=zscore((ts_delta(vwap, 20) - ts_delta(vwap, 120)))
2026-03-20 14:29:26,721 | INFO | events | completed alpha_id=73 status=complete sharpe=-0.0100 fitness=-0.0000
2026-03-20 14:29:26,904 | INFO | events | preparing template=fundamental_cross expression=zscore((ts_rank(eps, 60) - ts_rank(sales, 60)))
2026-03-20 14:31:35,602 | INFO | events | completed alpha_id=77 status=complete sharpe=0.1700 fitness=0.0400
2026-03-20 14:31:40,872 | INFO | events | preparing template=price_volume_divergence expression=zscore((ts_delta(close, 5) - ts_decay_linear(ts_delta(adv20, 5), 5)))
2026-03-20 14:42:22,165 | INFO | events | preparing template=fundamental_momentum_spread expression=zscore((ts_rank(eps, 120) - ts_rank((ts_rank(vwap, 20) - ts_rank(vwap, 120)), 20)))
2026-03-20 14:44:22,677 | INFO | events | completed alpha_id=83 status=complete sharpe=1.1000 fitness=0.4200
2026-03-20 14:44:22,930 | INFO | events | preparing template=momentum expression=zscore((ts_rank(vwap, 10) - ts_rank(vwap, 120)))
2026-03-20 14:46:44,547 | INFO | events | completed alpha_id=88 status=complete sharpe=-0.9300 fitness=-0.3800
2026-03-20 14:46:45,158 | INFO | events | preparing template=acceleration expression=rank((ts_delta(high, 120) - ts_delta(high, 20)))
2026-03-20 14:48:01,198 | INFO | events | completed alpha_id=93 status=complete sharpe=-0.1100 fitness=-0.0400
2026-03-20 14:48:06,417 | INFO | events | preparing template=quality_value expression=zscore((ts_rank((sales / (1 + eps)), 60) - ts_rank(eps, 60)))
2026-03-20 14:58:37,891 | INFO | events | preparing template=volume_confirmed_breakout expression=zscore((((close - ts_max(close, 40)) / (1 + ts_std_dev(close, 40))) * ts_rank(adv20, 40)))
2026-03-20 14:58:39,311 | INFO | events | preparing template=quality_efficiency expression=ts_rank((ts_rank((returns / (1 + eps)), 60) - ts_rank((eps / (1 + returns)), 60)), 60)
2026-03-20 15:09:19,352 | INFO | events | preparing template=range_reversion expression=rank(((close - ts_mean(close, 10)) / (1 + (ts_max(close, 10) - ts_min(close, 10)))))
2026-03-20 15:09:31,051 | INFO | events | preparing template=breakout expression=ts_rank(((low - ts_min(low, 20)) / (1 + (ts_max(low, 20) - ts_min(low, 20)))), 20)
2026-03-20 15:09:32,309 | INFO | events | preparing template=breakout expression=ts_rank(((close - ts_min(close, 60)) / (1 + (ts_max(close, 60) - ts_min(close, 60)))), 60)
2026-03-20 15:09:34,323 | INFO | events | preparing template=quality_value expression=rank((ts_rank((eps / (1 + sales)), 120) - ts_rank(sales, 120)))
2026-03-20 15:12:03,448 | INFO | events | completed alpha_id=113 status=complete sharpe=0.0600 fitness=0.0100
2026-03-20 15:12:09,096 | INFO | events | preparing template=fundamental_momentum_spread expression=rank((ts_rank(eps, 60) - ts_rank((ts_rank(close, 20) - ts_rank(close, 60)), 20)))
2026-03-20 15:14:06,214 | INFO | events | completed alpha_id=126 status=complete sharpe=1.3000 fitness=0.4900
2026-03-20 15:14:06,238 | INFO | events | preparing template=price_volume_divergence expression=rank((ts_delta(close, 60) - ts_decay_linear(ts_delta(adv20, 60), 3)))
2026-03-20 15:24:43,143 | INFO | events | preparing template=breakout expression=ts_rank(((vwap - ts_min(vwap, 120)) / (1 + (ts_max(vwap, 120) - ts_min(vwap, 120)))), 120)
2026-03-20 15:25:00,226 | INFO | events | preparing template=quality_value expression=zscore((ts_rank((operating_margin / (1 + cashflow)), 60) - ts_rank(cashflow, 60)))
2026-03-20 15:25:22,609 | INFO | events | preparing template=range_reversion expression=zscore(((high - ts_mean(high, 20)) / (1 + (ts_max(high, 20) - ts_min(high, 20)))))
2026-03-20 15:25:24,883 | INFO | events | preparing template=fundamental_momentum_spread expression=ts_rank((ts_rank(close, 120) - ts_rank((ts_rank(eps, 60) - ts_rank(eps, 120)), 60)), 60)
2026-03-20 15:28:05,080 | INFO | events | completed alpha_id=153 status=complete sharpe=-0.9300 fitness=-0.3900
2026-03-20 15:28:10,306 | INFO | events | preparing template=quality_value expression=rank((ts_rank((eps / (1 + cashflow)), 60) - ts_rank(cashflow, 60)))
2026-03-20 15:30:02,544 | INFO | events | completed alpha_id=157 status=complete sharpe=0.1300 fitness=0.0200
2026-03-20 15:30:02,572 | INFO | events | preparing template=quality_value expression=rank((ts_rank((eps / (1 + operating_margin)), 60) - ts_rank(operating_margin, 60)))
2026-03-20 15:30:09,997 | INFO | events | preparing template=momentum expression=rank((ts_rank(sales, 60) - ts_rank(sales, 120)))
2026-03-20 15:32:02,547 | INFO | events | completed alpha_id=163 status=complete sharpe=-0.0700 fitness=-0.0100
2026-03-20 15:32:02,712 | INFO | events | preparing template=fundamental_cross expression=rank((ts_rank(sales, 10) - ts_rank(eps, 10)))
2026-03-20 15:33:44,382 | INFO | events | completed alpha_id=167 status=complete sharpe=-0.4100 fitness=-0.1300
2026-03-20 15:33:44,407 | INFO | events | preparing template=momentum expression=ts_rank((ts_rank(close, 10) - ts_rank(close, 120)), 10)
2026-03-20 15:35:58,465 | INFO | events | completed alpha_id=168 status=complete sharpe=-1.5800 fitness=-0.5600
2026-03-20 15:36:03,733 | INFO | events | preparing template=liquidity_reversal expression=rank(group_neutralize(((vwap - ts_mean(vwap, 20)) / (1 + ts_rank(volume, 20))), subindustry))
2026-03-20 15:39:25,043 | INFO | events | completed alpha_id=173 status=complete sharpe=-1.5400 fitness=-0.8500
2026-03-20 15:39:25,227 | INFO | events | preparing template=acceleration expression=rank((ts_delta(returns, 60) - ts_delta(returns, 120)))
2026-03-20 15:41:49,876 | INFO | events | completed alpha_id=177 status=complete sharpe=0.9100 fitness=0.2100
2026-03-20 15:41:55,292 | INFO | events | preparing template=range_reversion expression=zscore(((close - ts_mean(close, 10)) / (1 + (ts_max(close, 10) - ts_min(close, 10)))))
2026-03-20 15:41:56,585 | INFO | events | preparing template=breakout expression=rank(((close - ts_min(close, 120)) / (1 + (ts_max(close, 120) - ts_min(close, 120)))))
2026-03-20 15:41:58,573 | INFO | events | preparing template=fundamental_momentum_spread expression=ts_rank((ts_rank(sales, 120) - ts_rank((ts_rank(close, 60) - ts_rank(close, 120)), 60)), 60)
2026-03-20 15:44:22,441 | INFO | events | completed alpha_id=188 status=complete sharpe=0.5500 fitness=0.1600
2026-03-20 15:44:22,653 | INFO | events | preparing template=fundamental_momentum_spread expression=rank((ts_rank(vwap, 120) - ts_rank((ts_rank(vwap, 20) - ts_rank(vwap, 120)), 20)))
2026-03-20 15:46:33,635 | INFO | events | completed alpha_id=192 status=complete sharpe=0.0800 fitness=0.0100
2026-03-20 15:46:39,105 | INFO | events | preparing template=liquidity_reversal expression=zscore(group_neutralize(((vwap - ts_mean(vwap, 5)) / (1 + ts_rank(adv60, 5))), subindustry))
2026-03-20 15:46:45,605 | INFO | events | preparing template=acceleration expression=rank((ts_delta(close, 5) - ts_delta(close, 40)))
2026-03-20 15:48:06,843 | INFO | events | completed alpha_id=203 status=complete sharpe=0.4800 fitness=0.2200
2026-03-20 15:48:07,045 | INFO | events | preparing template=volatility_reversion expression=ts_rank(((operating_margin - ts_mean(operating_margin, 60)) / (1 + ts_std_dev(operating_margin, 60))), 60)
2026-03-20 15:48:08,925 | INFO | events | preparing template=fundamental_momentum_spread expression=zscore((ts_rank(operating_margin, 120) - ts_rank((ts_rank(vwap, 20) - ts_rank(vwap, 120)), 20)))
2026-03-20 15:48:16,255 | INFO | events | preparing template=volatility_reversion expression=ts_rank(((returns - ts_mean(returns, 120)) / (1 + ts_std_dev(returns, 120))), 120)
2026-03-20 15:49:42,749 | INFO | events | completed alpha_id=213 status=complete sharpe=-1.5900 fitness=-0.4900
2026-03-20 15:49:47,988 | INFO | events | preparing template=price_volume_divergence expression=ts_decay_linear((ts_delta(vwap, 60) - ts_decay_linear(ts_delta(volume, 60), 5)), 60)
2026-03-20 16:00:22,388 | INFO | events | preparing template=price_volume_divergence expression=ts_decay_linear((ts_delta(vwap, 20) - ts_decay_linear(ts_delta(volume, 20), 10)), 20)
2026-03-20 16:11:07,521 | INFO | events | preparing template=quality_value expression=zscore((ts_rank((book_value / (1 + cashflow)), 120) - ts_rank(cashflow, 120)))
2026-03-20 16:11:09,113 | INFO | events | preparing template=breakout expression=rank(((low - ts_min(low, 20)) / (1 + (ts_max(low, 20) - ts_min(low, 20)))))
2026-03-20 16:11:11,547 | INFO | events | preparing template=quality_value expression=zscore((ts_rank((returns / (1 + sales)), 60) - ts_rank(sales, 60)))
2026-03-20 16:14:11,462 | INFO | events | completed alpha_id=237 status=complete sharpe=-1.5200 fitness=-0.4900
2026-03-20 16:14:11,712 | INFO | events | preparing template=fundamental_momentum_spread expression=zscore((ts_rank(returns, 120) - ts_rank((ts_rank(vwap, 20) - ts_rank(vwap, 120)), 20)))
2026-03-20 16:15:53,780 | INFO | events | completed alpha_id=242 status=complete sharpe=-0.6900 fitness=-0.1500
2026-03-20 16:15:59,081 | INFO | events | preparing template=acceleration expression=ts_rank((ts_delta(close, 20) - ts_delta(close, 40)), 20)
2026-03-20 16:17:14,512 | INFO | events | completed alpha_id=247 status=complete sharpe=0.2200 fitness=0.0400
2026-03-20 16:17:14,537 | INFO | events | preparing template=quality_efficiency expression=ts_rank((ts_rank((cashflow / (1 + sales)), 60) - ts_rank((sales / (1 + cashflow)), 60)), 60)
2026-03-20 16:18:30,857 | INFO | events | completed alpha_id=248 status=complete sharpe=0.0200 fitness=0.0000
2026-03-20 16:18:31,103 | INFO | events | preparing template=quality_value expression=zscore((ts_rank((book_value / (1 + vwap)), 20) - ts_rank(vwap, 20)))
2026-03-20 16:18:33,001 | INFO | events | preparing template=breakout expression=rank(((returns - ts_min(returns, 60)) / (1 + (ts_max(returns, 60) - ts_min(returns, 60)))))
2026-03-20 16:18:40,108 | INFO | events | preparing template=price_volume_divergence expression=ts_decay_linear((ts_delta(vwap, 5) - ts_decay_linear(ts_delta(adv20, 5), 3)), 5)
2026-03-20 16:29:18,093 | INFO | events | preparing template=acceleration expression=ts_rank((ts_delta(returns, 20) - ts_delta(returns, 120)), 20)
2026-03-20 16:31:16,767 | INFO | events | completed alpha_id=273 status=complete sharpe=0.4700 fitness=0.0700
2026-03-20 16:31:22,350 | INFO | events | preparing template=liquidity_reversal expression=zscore(group_neutralize(((vwap - ts_mean(vwap, 20)) / (1 + ts_rank(adv20, 20))), subindustry))
2026-03-20 16:32:54,185 | INFO | events | completed alpha_id=277 status=complete sharpe=-1.0500 fitness=-0.5300
2026-03-20 16:32:54,209 | INFO | events | preparing template=quality_efficiency expression=zscore((ts_rank((cashflow / (1 + sales)), 120) - ts_rank((sales / (1 + cashflow)), 120)))
2026-03-20 16:34:15,670 | INFO | events | completed alpha_id=278 status=complete sharpe=0.6200 fitness=0.2000
2026-03-20 16:34:21,412 | INFO | events | preparing template=range_reversion expression=zscore(((vwap - ts_mean(vwap, 20)) / (1 + (ts_max(vwap, 20) - ts_min(vwap, 20)))))
2026-03-20 16:34:22,683 | INFO | events | preparing template=volume_confirmed_breakout expression=rank((((high - ts_max(high, 40)) / (1 + ts_std_dev(high, 40))) * ts_rank(adv20, 40)))
2026-03-20 16:34:25,082 | INFO | events | preparing template=volatility_reversion expression=ts_rank(((vwap - ts_mean(vwap, 120)) / (1 + ts_std_dev(vwap, 120))), 120)
2026-03-20 16:35:41,618 | INFO | events | completed alpha_id=302 status=complete sharpe=-0.9700 fitness=-0.6000
2026-03-20 16:35:47,145 | INFO | events | preparing template=breakout expression=rank(((vwap - ts_min(vwap, 10)) / (1 + (ts_max(vwap, 10) - ts_min(vwap, 10)))))
2026-03-20 16:35:59,721 | INFO | events | preparing template=fundamental_momentum_spread expression=rank((ts_rank(operating_margin, 120) - ts_rank((ts_rank(close, 60) - ts_rank(close, 120)), 60)))
2026-03-20 16:36:00,994 | INFO | events | preparing template=acceleration expression=ts_rank((ts_delta(vwap, 5) - ts_delta(vwap, 10)), 5)
2026-03-20 16:37:28,403 | INFO | events | completed alpha_id=337 status=complete sharpe=0.0600 fitness=0.0000
2026-03-20 16:37:34,211 | INFO | events | preparing template=fundamental_momentum_spread expression=rank((ts_rank(cashflow, 120) - ts_rank((ts_rank(close, 10) - ts_rank(close, 120)), 10)))
2026-03-20 16:38:55,738 | INFO | events | completed alpha_id=352 status=complete sharpe=1.5100 fitness=0.5200
2026-03-20 16:38:56,046 | INFO | events | preparing template=volatility_reversion expression=rank(((vwap - ts_mean(vwap, 60)) / (1 + ts_std_dev(vwap, 60))))
2026-03-20 16:40:23,728 | INFO | events | completed alpha_id=358 status=complete sharpe=-0.9700 fitness=-0.7300
2026-03-20 16:40:23,939 | INFO | events | preparing template=volatility_reversion expression=ts_rank(((close - ts_mean(close, 60)) / (1 + ts_std_dev(close, 60))), 60)
2026-03-20 16:41:55,939 | INFO | events | completed alpha_id=362 status=complete sharpe=-1.0100 fitness=-0.5300
2026-03-20 16:42:01,632 | INFO | events | preparing template=volume_confirmed_breakout expression=rank((((low - ts_max(low, 20)) / (1 + ts_std_dev(low, 20))) * ts_rank(adv20, 20)))
2026-03-20 16:42:03,081 | INFO | events | preparing template=acceleration expression=zscore((ts_delta(returns, 10) - ts_delta(returns, 20)))
2026-03-20 16:43:19,677 | INFO | events | completed alpha_id=368 status=complete sharpe=-0.4900 fitness=-0.0900
2026-03-20 16:43:19,855 | INFO | events | preparing template=fundamental_momentum_spread expression=zscore((ts_rank(vwap, 20) - ts_rank((ts_rank(vwap, 10) - ts_rank(vwap, 20)), 10)))
2026-03-20 16:44:51,604 | INFO | events | completed alpha_id=372 status=complete sharpe=-0.4400 fitness=-0.1100
2026-03-20 16:44:51,628 | INFO | events | preparing template=volatility_reversion expression=ts_rank(((eps - ts_mean(eps, 120)) / (1 + ts_std_dev(eps, 120))), 120)
2026-03-20 16:46:28,723 | INFO | events | completed alpha_id=373 status=complete sharpe=0.0300 fitness=0.0000
2026-03-20 16:46:28,992 | INFO | events | preparing template=acceleration expression=rank((ts_delta(eps, 10) - ts_delta(eps, 20)))
2026-03-20 16:47:47,310 | INFO | events | completed alpha_id=378 status=complete sharpe=-0.3100 fitness=-0.0700
2026-03-20 16:47:52,894 | INFO | events | preparing template=acceleration expression=zscore((ts_delta(close, 20) - ts_delta(close, 40)))
2026-03-20 16:49:39,123 | INFO | events | completed alpha_id=388 status=complete sharpe=-0.0800 fitness=-0.0100
2026-03-20 16:49:39,300 | INFO | events | preparing template=price_volume_divergence expression=rank((ts_delta(close, 10) - ts_decay_linear(ts_delta(volume, 10), 10)))
2026-03-20 17:00:15,238 | INFO | events | preparing template=price_volume_divergence expression=rank((ts_delta(vwap, 20) - ts_decay_linear(ts_delta(volume, 20), 5)))
2026-03-20 17:10:54,368 | INFO | events | preparing template=volume_confirmed_breakout expression=ts_rank((((low - ts_max(low, 20)) / (1 + ts_std_dev(low, 20))) * ts_rank(adv60, 20)), 20)
2026-03-20 17:11:01,306 | INFO | events | preparing template=range_reversion expression=rank(((high - ts_mean(high, 20)) / (1 + (ts_max(high, 20) - ts_min(high, 20)))))
2026-03-20 17:11:13,157 | INFO | events | preparing template=quality_efficiency expression=ts_rank((ts_rank((cashflow / (1 + operating_margin)), 60) - ts_rank((operating_margin / (1 + cashflow)), 60)), 60)
2026-03-20 17:11:20,563 | INFO | events | preparing template=fundamental_momentum_spread expression=rank((ts_rank(vwap, 60) - ts_rank((ts_rank(close, 20) - ts_rank(close, 60)), 20)))
2026-03-20 17:12:54,165 | INFO | events | completed alpha_id=417 status=complete sharpe=0.0000 fitness=0.0000
2026-03-20 17:12:54,195 | INFO | events | preparing template=volatility_reversion expression=rank(((close - ts_mean(close, 60)) / (1 + ts_std_dev(close, 60))))
2026-03-20 17:14:41,622 | INFO | events | completed alpha_id=418 status=complete sharpe=-1.0500 fitness=-0.7800
2026-03-20 17:14:47,143 | INFO | events | preparing template=fundamental_momentum_spread expression=ts_rank((ts_rank(cashflow, 120) - ts_rank((ts_rank(vwap, 60) - ts_rank(vwap, 120)), 60)), 60)
2026-03-20 17:17:00,435 | INFO | events | completed alpha_id=427 status=complete sharpe=0.5200 fitness=0.1500
2026-03-20 17:17:00,734 | INFO | events | preparing template=quality_value expression=rank((ts_rank((book_value / (1 + cashflow)), 120) - ts_rank(cashflow, 120)))
2026-03-20 17:17:02,466 | INFO | events | preparing template=acceleration expression=zscore((ts_delta(high, 120) - ts_delta(high, 20)))
2026-03-20 17:18:46,891 | INFO | events | completed alpha_id=437 status=complete sharpe=-0.0100 fitness=-0.0000
2026-03-20 17:18:46,905 | INFO | events | preparing template=momentum expression=zscore((ts_rank(eps, 10) - ts_rank(eps, 120)))
2026-03-20 17:20:10,137 | INFO | events | completed alpha_id=438 status=complete sharpe=-0.7200 fitness=-0.3000
2026-03-20 17:20:15,286 | INFO | events | preparing template=price_volume_divergence expression=ts_decay_linear((ts_delta(vwap, 20) - ts_decay_linear(ts_delta(adv20, 20), 10)), 20)
2026-03-20 17:24:26,745 | INFO | events | preparing template=price_volume_divergence expression=zscore((ts_delta(close, 5) - ts_decay_linear(ts_delta(volume, 5), 3)))
2026-03-20 17:35:05,395 | INFO | events | preparing template=acceleration expression=zscore((ts_delta(close, 5) - ts_delta(close, 40)))
2026-03-20 17:36:20,095 | INFO | events | completed alpha_id=447 status=complete sharpe=0.2500 fitness=0.0800
2026-03-20 17:36:20,123 | INFO | events | preparing template=price_volume_divergence expression=ts_decay_linear((ts_delta(close, 5) - ts_decay_linear(ts_delta(volume, 5), 10)), 5)
2026-03-20 17:46:52,796 | INFO | events | preparing template=price_volume_divergence expression=rank((ts_delta(close, 5) - ts_decay_linear(ts_delta(volume, 5), 3)))
2026-03-20 17:57:26,309 | INFO | events | preparing template=acceleration expression=rank((ts_delta(close, 5) - ts_delta(close, 20)))
2026-03-20 17:59:07,926 | INFO | events | completed alpha_id=457 status=complete sharpe=0.3500 fitness=0.1000
2026-03-20 17:59:13,218 | INFO | events | preparing template=fundamental_momentum_spread expression=ts_rank((ts_rank(cashflow, 60) - ts_rank((ts_rank(close, 120) - ts_rank(close, 60)), 120)), 120)
2026-03-20 18:01:12,141 | INFO | events | completed alpha_id=462 status=complete sharpe=-0.6500 fitness=-0.2200
2026-03-20 18:01:12,386 | INFO | events | preparing template=fundamental_momentum_spread expression=ts_decay_linear((ts_rank(close, 60) - ts_rank((ts_rank(close, 120) - ts_rank(close, 60)), 120)), 120)
2026-03-20 18:03:52,049 | INFO | events | completed alpha_id=467 status=complete sharpe=-0.2300 fitness=-0.1100
2026-03-20 18:03:52,291 | INFO | events | preparing template=acceleration expression=rank((ts_delta(cashflow, 10) - ts_delta(cashflow, 20)))
2026-03-20 18:05:29,261 | INFO | events | completed alpha_id=472 status=complete sharpe=0.4000 fitness=0.1400
2026-03-20 18:05:34,550 | INFO | events | preparing template=range_reversion expression=zscore(((high - ts_mean(high, 40)) / (1 + (ts_max(high, 40) - ts_min(high, 40)))))
2026-03-20 18:05:41,085 | INFO | events | preparing template=volume_confirmed_breakout expression=rank((((low - ts_max(low, 10)) / (1 + ts_std_dev(low, 10))) * ts_rank(volume, 10)))
2026-03-20 18:05:48,772 | INFO | events | preparing template=price_volume_divergence expression=zscore((ts_delta(vwap, 10) - ts_decay_linear(ts_delta(volume, 10), 5)))
2026-03-20 18:16:32,897 | INFO | events | preparing template=fundamental_momentum_spread expression=rank((ts_rank(book_value, 60) - ts_rank((ts_rank(vwap, 20) - ts_rank(vwap, 60)), 20)))
2026-03-20 18:16:34,357 | INFO | events | preparing template=price_volume_divergence expression=rank((ts_delta(close, 120) - ts_decay_linear(ts_delta(close, 120), 5)))
2026-03-20 18:18:28,936 | INFO | events | completed alpha_id=497 status=complete sharpe=-1.3600 fitness=-0.4700
2026-03-20 18:18:29,212 | INFO | events | preparing template=price_volume_divergence expression=rank((ts_delta(low, 5) - ts_decay_linear(ts_delta(volume, 5), 3)))
2026-03-20 18:29:11,036 | INFO | events | preparing template=range_reversion expression=zscore(((close - ts_mean(close, 20)) / (1 + (ts_max(close, 20) - ts_min(close, 20)))))
2026-03-20 18:29:17,543 | INFO | events | preparing template=volume_confirmed_breakout expression=ts_rank((((high - ts_max(high, 10)) / (1 + ts_std_dev(high, 10))) * ts_rank(adv20, 10)), 10)
2026-03-20 18:29:19,526 | INFO | events | preparing template=price_volume_divergence expression=rank((ts_delta(vwap, 60) - ts_decay_linear(ts_delta(volume, 60), 3)))
2026-03-20 18:39:57,299 | INFO | events | preparing template=acceleration expression=ts_rank((ts_delta(vwap, 10) - ts_delta(vwap, 20)), 10)
2026-03-20 18:41:14,219 | INFO | events | completed alpha_id=518 status=complete sharpe=-0.5300 fitness=-0.1200
2026-03-20 18:41:19,429 | INFO | events | preparing template=volume_confirmed_breakout expression=ts_rank((((close - ts_max(close, 60)) / (1 + ts_std_dev(close, 60))) * ts_rank(adv20, 60)), 60)
2026-03-20 18:41:30,708 | INFO | events | preparing template=volume_confirmed_breakout expression=zscore((((low - ts_max(low, 60)) / (1 + ts_std_dev(low, 60))) * ts_rank(adv60, 60)))
2026-03-20 18:41:33,093 | INFO | events | preparing template=volatility_reversion expression=rank(((vwap - ts_mean(vwap, 10)) / (1 + ts_std_dev(vwap, 10))))
2026-03-20 18:42:48,645 | INFO | events | completed alpha_id=527 status=complete sharpe=-1.6200 fitness=-0.9200
2026-03-20 18:42:54,182 | INFO | events | preparing template=volume_confirmed_breakout expression=rank((((vwap - ts_max(vwap, 20)) / (1 + ts_std_dev(vwap, 20))) * ts_rank(volume, 20)))
2026-03-20 18:42:55,811 | INFO | events | preparing template=breakout expression=ts_rank(((close - ts_min(close, 20)) / (1 + (ts_max(close, 20) - ts_min(close, 20)))), 20)
2026-03-20 18:43:02,867 | INFO | events | preparing template=fundamental_momentum_spread expression=ts_rank((ts_rank(returns, 60) - ts_rank((ts_rank(close, 120) - ts_rank(close, 60)), 120)), 120)
2026-03-20 18:44:21,588 | INFO | events | completed alpha_id=542 status=complete sharpe=-1.2900 fitness=-0.4200
2026-03-20 18:44:28,107 | INFO | events | preparing template=quality_efficiency expression=zscore((ts_rank((operating_margin / (1 + sales)), 60) - ts_rank((sales / (1 + operating_margin)), 60)))
2026-03-20 18:44:29,516 | INFO | events | preparing template=quality_efficiency expression=rank((ts_rank((operating_margin / (1 + eps)), 20) - ts_rank((eps / (1 + operating_margin)), 20)))
2026-03-20 18:44:37,396 | INFO | events | preparing template=fundamental_cross expression=zscore((ts_rank(operating_margin, 60) - ts_rank(eps, 60)))
2026-03-20 18:44:44,351 | INFO | events | preparing template=acceleration expression=zscore((ts_delta(close, 10) - ts_delta(close, 20)))
2026-03-20 18:46:05,276 | INFO | events | completed alpha_id=562 status=complete sharpe=0.4600 fitness=0.1400
2026-03-20 18:46:10,639 | INFO | events | preparing template=volume_confirmed_breakout expression=zscore((((vwap - ts_max(vwap, 10)) / (1 + ts_std_dev(vwap, 10))) * ts_rank(adv20, 10)))
2026-03-20 18:46:12,361 | INFO | events | preparing template=acceleration expression=ts_rank((ts_delta(vwap, 120) - ts_delta(vwap, 5)), 120)
2026-03-20 18:48:04,933 | INFO | events | completed alpha_id=577 status=complete sharpe=-0.1700 fitness=-0.0500
2026-03-20 18:48:10,571 | INFO | events | preparing template=volatility_reversion expression=ts_rank(((returns - ts_mean(returns, 10)) / (1 + ts_std_dev(returns, 10))), 10)
2026-03-20 18:49:42,619 | INFO | events | completed alpha_id=588 status=complete sharpe=-0.9400 fitness=-0.2100
2026-03-20 18:49:49,051 | INFO | events | preparing template=quality_efficiency expression=zscore((ts_rank((sales / (1 + eps)), 120) - ts_rank((eps / (1 + sales)), 120)))
2026-03-20 19:00:20,743 | INFO | events | preparing template=volatility_reversion expression=zscore(((close - ts_mean(close, 10)) / (1 + ts_std_dev(close, 10))))
2026-03-20 19:02:02,234 | INFO | events | completed alpha_id=602 status=complete sharpe=-1.6800 fitness=-0.9200
2026-03-20 19:02:02,481 | INFO | events | preparing template=volatility_reversion expression=zscore(((cashflow - ts_mean(cashflow, 60)) / (1 + ts_std_dev(cashflow, 60))))
2026-03-20 19:03:54,956 | INFO | events | completed alpha_id=607 status=complete sharpe=-0.6700 fitness=-0.2800
2026-03-20 19:04:00,319 | INFO | events | preparing template=range_reversion expression=rank(((low - ts_mean(low, 60)) / (1 + (ts_max(low, 60) - ts_min(low, 60)))))
2026-03-20 19:04:01,764 | INFO | events | preparing template=volatility_reversion expression=zscore(((vwap - ts_mean(vwap, 10)) / (1 + ts_std_dev(vwap, 10))))
2026-03-20 19:05:17,826 | INFO | events | completed alpha_id=617 status=complete sharpe=-1.5400 fitness=-0.8500
2026-03-20 19:05:17,889 | INFO | events | preparing template=range_reversion expression=ts_rank(((close - ts_mean(close, 40)) / (1 + (ts_max(close, 40) - ts_min(close, 40)))), 40)
2026-03-20 19:05:30,815 | INFO | events | preparing template=range_reversion expression=ts_rank(((returns - ts_mean(returns, 40)) / (1 + (ts_max(returns, 40) - ts_min(returns, 40)))), 40)
2026-03-20 19:05:38,286 | INFO | events | preparing template=acceleration expression=rank((ts_delta(returns, 40) - ts_delta(returns, 5)))
2026-03-20 19:07:25,098 | INFO | events | completed alpha_id=628 status=complete sharpe=0.4900 fitness=0.0900
2026-03-20 19:07:25,335 | INFO | events | preparing template=price_volume_divergence expression=zscore((ts_delta(close, 120) - ts_decay_linear(ts_delta(close, 120), 5)))
2026-03-20 19:08:56,860 | INFO | events | completed alpha_id=633 status=complete sharpe=-0.9300 fitness=-0.2800
2026-03-20 19:09:02,466 | INFO | events | preparing template=volume_confirmed_breakout expression=zscore((((vwap - ts_max(vwap, 20)) / (1 + ts_std_dev(vwap, 20))) * ts_rank(adv60, 20)))
2026-03-20 19:09:09,658 | INFO | events | preparing template=fundamental_momentum_spread expression=ts_rank((ts_rank(operating_margin, 20) - ts_rank((ts_rank(returns, 10) - ts_rank(returns, 20)), 10)), 10)
2026-03-20 19:09:21,798 | INFO | events | preparing template=acceleration expression=rank((ts_delta(vwap, 60) - ts_delta(vwap, 20)))
2026-03-20 19:10:52,185 | INFO | events | completed alpha_id=667 status=complete sharpe=-0.5000 fitness=-0.2500
2026-03-20 19:10:52,217 | INFO | events | preparing template=acceleration expression=rank((ts_delta(close, 60) - ts_delta(close, 40)))
2026-03-20 19:12:13,662 | INFO | events | completed alpha_id=668 status=complete sharpe=-0.2000 fitness=-0.0400
2026-03-20 19:12:26,550 | INFO | events | preparing template=breakout expression=rank(((vwap - ts_min(vwap, 40)) / (1 + (ts_max(vwap, 40) - ts_min(vwap, 40)))))
2026-03-20 19:12:28,319 | INFO | events | preparing template=fundamental_momentum_spread expression=zscore((ts_rank(operating_margin, 120) - ts_rank((ts_rank(vwap, 60) - ts_rank(vwap, 120)), 60)))
2026-03-20 19:12:31,308 | INFO | events | preparing template=fundamental_momentum_spread expression=zscore((ts_rank(close, 60) - ts_rank((ts_rank(close, 120) - ts_rank(close, 60)), 120)))
2026-03-20 19:13:48,962 | INFO | events | completed alpha_id=698 status=complete sharpe=-1.1800 fitness=-0.6400
2026-03-20 19:13:54,443 | INFO | events | preparing template=range_reversion expression=zscore(((vwap - ts_mean(vwap, 10)) / (1 + (ts_max(vwap, 10) - ts_min(vwap, 10)))))
2026-03-20 19:14:01,281 | INFO | events | preparing template=acceleration expression=ts_rank((ts_delta(returns, 20) - ts_delta(returns, 40)), 20)
2026-03-20 19:16:12,829 | INFO | events | completed alpha_id=717 status=complete sharpe=-0.3100 fitness=-0.0400
2026-03-20 19:16:14,320 | INFO | events | preparing template=price_volume_divergence expression=ts_decay_linear((ts_delta(vwap, 120) - ts_decay_linear(ts_delta(close, 120), 5)), 120)
2026-03-20 19:19:45,731 | INFO | events | completed alpha_id=727 status=complete sharpe=-0.2700 fitness=-0.1200
2026-03-20 19:19:45,757 | INFO | events | preparing template=volatility_reversion expression=rank(((close - ts_mean(close, 10)) / (1 + ts_std_dev(close, 10))))
2026-03-20 19:21:33,831 | INFO | events | completed alpha_id=728 status=complete sharpe=-1.7100 fitness=-0.9500
2026-03-20 19:21:39,336 | INFO | events | preparing template=volatility_reversion expression=rank(((sales - ts_mean(sales, 120)) / (1 + ts_std_dev(sales, 120))))
2026-03-20 19:22:53,014 | INFO | events | completed alpha_id=737 status=complete sharpe=0.2900 fitness=0.1000
2026-03-20 19:22:58,502 | INFO | events | preparing template=quality_efficiency expression=ts_rank((ts_rank((eps / (1 + operating_margin)), 60) - ts_rank((operating_margin / (1 + eps)), 60)), 60)
2026-03-20 19:23:00,057 | INFO | events | preparing template=volatility_reversion expression=ts_rank(((vwap - ts_mean(vwap, 5)) / (1 + ts_std_dev(vwap, 5))), 5)
2026-03-20 19:24:29,168 | INFO | events | completed alpha_id=752 status=complete sharpe=-1.0300 fitness=-0.2800
2026-03-20 19:24:36,276 | INFO | events | preparing template=volume_confirmed_breakout expression=rank((((vwap - ts_max(vwap, 10)) / (1 + ts_std_dev(vwap, 10))) * ts_rank(adv60, 10)))
2026-03-20 19:24:38,963 | INFO | events | preparing template=fundamental_momentum_spread expression=zscore((ts_rank(cashflow, 60) - ts_rank((ts_rank(sales, 120) - ts_rank(sales, 60)), 120)))
2026-03-20 19:27:16,359 | INFO | events | completed alpha_id=772 status=complete sharpe=0.1700 fitness=0.0300
2026-03-20 19:27:16,393 | INFO | events | preparing template=fundamental_momentum_spread expression=rank((ts_rank(close, 40) - ts_rank((ts_rank(returns, 5) - ts_rank(returns, 40)), 5)))
2026-03-20 19:29:00,188 | INFO | events | completed alpha_id=773 status=complete sharpe=-1.1100 fitness=-0.3400
2026-03-20 19:29:11,322 | INFO | events | preparing template=volume_confirmed_breakout expression=zscore((((high - ts_max(high, 60)) / (1 + ts_std_dev(high, 60))) * ts_rank(volume, 60)))
2026-03-20 19:29:12,934 | INFO | events | preparing template=volatility_reversion expression=ts_rank(((low - ts_mean(low, 10)) / (1 + ts_std_dev(low, 10))), 10)
2026-03-20 19:30:34,158 | INFO | events | completed alpha_id=798 status=complete sharpe=-1.6800 fitness=-0.6900
2026-03-20 19:30:34,337 | INFO | events | preparing template=fundamental_momentum_spread expression=rank((ts_rank(cashflow, 20) - ts_rank((ts_rank(close, 10) - ts_rank(close, 20)), 10)))
2026-03-20 19:31:46,871 | INFO | events | completed alpha_id=802 status=complete sharpe=1.2800 fitness=0.3700
2026-03-20 19:31:52,634 | INFO | events | preparing template=fundamental_momentum_spread expression=ts_rank((ts_rank(close, 60) - ts_rank((ts_rank(close, 5) - ts_rank(close, 60)), 5)), 5)
2026-03-20 19:33:13,367 | INFO | events | completed alpha_id=818 status=complete sharpe=-0.8800 fitness=-0.2000
2026-03-20 19:33:24,785 | INFO | events | preparing template=breakout expression=ts_rank(((vwap - ts_min(vwap, 40)) / (1 + (ts_max(vwap, 40) - ts_min(vwap, 40)))), 40)
2026-03-20 19:33:26,229 | INFO | events | preparing template=fundamental_momentum_spread expression=zscore((ts_rank(sales, 10) - ts_rank((ts_rank(vwap, 120) - ts_rank(vwap, 10)), 120)))
2026-03-20 19:35:19,129 | INFO | events | completed alpha_id=847 status=complete sharpe=-1.2600 fitness=-0.5000
2026-03-20 19:35:19,159 | INFO | events | preparing template=volatility_reversion expression=ts_rank(((cashflow - ts_mean(cashflow, 120)) / (1 + ts_std_dev(cashflow, 120))), 120)
2026-03-20 19:36:45,247 | INFO | events | completed alpha_id=848 status=complete sharpe=0.8800 fitness=0.3700
2026-03-20 19:36:50,748 | INFO | events | preparing template=price_volume_divergence expression=ts_decay_linear((ts_delta(close, 60) - ts_decay_linear(ts_delta(volume, 60), 3)), 60)
2026-03-20 19:47:27,047 | INFO | events | preparing template=acceleration expression=zscore((ts_delta(returns, 5) - ts_delta(returns, 20)))
2026-03-20 19:48:47,737 | INFO | events | completed alpha_id=868 status=complete sharpe=-0.4100 fitness=-0.0700
2026-03-20 19:48:47,937 | INFO | events | preparing template=liquidity_reversal expression=zscore(group_neutralize(((returns - ts_mean(returns, 5)) / (1 + ts_rank(volume, 5))), industry))
2026-03-20 19:50:45,565 | INFO | events | completed alpha_id=872 status=complete sharpe=-0.2500 fitness=-0.0400
2026-03-20 19:50:45,603 | INFO | events | preparing template=fundamental_momentum_spread expression=ts_rank((ts_rank(vwap, 20) - ts_rank((ts_rank(volume, 60) - ts_rank(volume, 20)), 60)), 60)
2026-03-20 19:52:20,722 | INFO | events | completed alpha_id=873 status=complete sharpe=-1.0600 fitness=-0.3500
2026-03-20 19:52:26,752 | INFO | events | preparing template=fundamental_momentum_spread expression=rank((ts_rank(close, 60) - ts_rank((ts_rank(adv20, 10) - ts_rank(adv20, 60)), 10)))
2026-03-20 19:53:47,466 | INFO | events | completed alpha_id=893 status=complete sharpe=-0.7700 fitness=-0.2800
2026-03-20 19:53:53,122 | INFO | events | preparing template=volume_confirmed_breakout expression=rank((((cashflow - ts_max(cashflow, 20)) / (1 + ts_std_dev(cashflow, 20))) * ts_rank(close, 20)))
2026-03-20 19:54:00,361 | INFO | events | preparing template=price_volume_divergence expression=rank((ts_delta(cashflow, 120) - ts_decay_linear(ts_delta(close, 120), 3)))
2026-03-20 20:04:35,753 | INFO | events | preparing template=price_volume_divergence expression=rank((ts_delta(returns, 60) - ts_decay_linear(ts_delta(vwap, 60), 3)))
2026-03-20 20:05:51,230 | INFO | events | completed alpha_id=933 status=complete sharpe=0.7800 fitness=0.6300
2026-03-20 20:05:51,486 | INFO | events | preparing template=fundamental_momentum_spread expression=rank((ts_rank(operating_margin, 60) - ts_rank((ts_rank(close, 20) - ts_rank(close, 60)), 20)))
2026-03-20 20:06:57,495 | INFO | events | preparing template=volatility_reversion expression=ts_rank(((close - ts_mean(close, 5)) / (1 + ts_std_dev(close, 5))), 5)
2026-03-20 20:08:18,168 | INFO | events | completed alpha_id=977 status=complete sharpe=-1.3500 fitness=-0.4200
2026-03-20 20:08:29,810 | INFO | events | preparing template=acceleration expression=ts_rank((ts_delta(returns, 120) - ts_delta(returns, 60)), 120)
2026-03-20 20:10:06,374 | INFO | events | completed alpha_id=1008 status=complete sharpe=-0.6200 fitness=-0.1100
2026-03-20 20:10:06,557 | INFO | events | preparing template=volatility_reversion expression=rank(((cashflow - ts_mean(cashflow, 10)) / (1 + ts_std_dev(cashflow, 10))))
2026-03-20 20:11:38,319 | INFO | events | completed alpha_id=1012 status=complete sharpe=-0.4100 fitness=-0.1400
2026-03-20 20:11:43,914 | INFO | events | preparing template=volatility_reversion expression=zscore(((returns - ts_mean(returns, 5)) / (1 + ts_std_dev(returns, 5))))
2026-03-20 20:14:39,022 | INFO | events | completed alpha_id=1022 status=complete sharpe=-0.5000 fitness=-0.1100
2026-03-20 20:14:39,091 | INFO | events | preparing template=price_volume_divergence expression=ts_decay_linear((ts_delta(vwap, 20) - ts_decay_linear(ts_delta(adv20, 20), 3)), 20)
2026-03-20 20:25:15,827 | INFO | events | preparing template=quality_efficiency expression=ts_rank((ts_rank((operating_margin / (1 + close)), 60) - ts_rank((close / (1 + operating_margin)), 60)), 60)
2026-03-20 20:25:27,861 | INFO | events | preparing template=range_reversion expression=ts_rank(((low - ts_mean(low, 60)) / (1 + (ts_max(low, 60) - ts_min(low, 60)))), 60)
2026-03-20 20:25:39,912 | INFO | events | preparing template=acceleration expression=ts_rank((ts_delta(close, 120) - ts_delta(close, 60)), 120)
2026-03-20 20:27:03,042 | INFO | events | completed alpha_id=1043 status=complete sharpe=0.2200 fitness=0.0500
2026-03-20 20:27:22,550 | INFO | events | preparing template=price_volume_divergence expression=ts_rank((ts_delta(returns, 20) - ts_decay_linear(ts_delta(volume, 20), 3)), 20)
2026-03-20 20:38:11,825 | INFO | events | preparing template=volatility_reversion expression=ts_decay_linear(((close - ts_mean(close, 10)) / (1 + ts_std_dev(close, 10))), 10)
2026-03-20 20:39:32,569 | INFO | events | completed alpha_id=1118 status=complete sharpe=-1.1600 fitness=-0.8400
2026-03-20 20:39:38,390 | INFO | events | preparing template=price_volume_divergence expression=zscore((ts_delta(sales, 120) - ts_decay_linear(ts_delta(vwap, 120), 5)))
2026-03-20 20:50:17,289 | INFO | events | preparing template=price_volume_divergence expression=ts_decay_linear((ts_delta(close, 10) - ts_decay_linear(ts_delta(adv20, 10), 3)), 10)
2026-03-20 21:01:00,849 | INFO | events | preparing template=price_volume_divergence expression=ts_decay_linear((ts_delta(returns, 5) - ts_decay_linear(ts_delta(vwap, 5), 3)), 5)
2026-03-20 21:02:22,180 | INFO | events | completed alpha_id=1148 status=complete sharpe=1.1500 fitness=0.7000
2026-03-20 21:02:27,997 | INFO | events | preparing template=price_volume_divergence expression=ts_decay_linear((ts_delta(close, 60) - ts_decay_linear(ts_delta(vwap, 60), 3)), 60)
2026-03-20 21:05:02,936 | INFO | events | completed alpha_id=1162 status=complete sharpe=-0.9000 fitness=-0.5900
2026-03-20 21:05:08,722 | INFO | events | preparing template=acceleration expression=zscore((ts_delta(vwap, 20) - ts_delta(vwap, 40)))
2026-03-20 21:07:29,245 | INFO | events | completed alpha_id=1177 status=complete sharpe=-0.0600 fitness=-0.0100
2026-03-20 21:07:40,802 | INFO | events | preparing template=acceleration expression=rank((ts_delta(returns, 60) - ts_delta(returns, 20)))
2026-03-20 21:09:08,257 | INFO | events | completed alpha_id=1202 status=complete sharpe=-0.0000 fitness=-0.0000
2026-03-20 21:09:14,368 | INFO | events | preparing template=price_volume_divergence expression=zscore((ts_delta(returns, 60) - ts_decay_linear(ts_delta(vwap, 60), 10)))
2026-03-20 21:10:41,046 | INFO | events | completed alpha_id=1223 status=complete sharpe=0.2800 fitness=0.1300
2026-03-20 21:10:46,565 | INFO | events | preparing template=fundamental_momentum_spread expression=rank((ts_rank(close, 60) - ts_rank((ts_rank(sales, 10) - ts_rank(sales, 60)), 10)))
2026-03-20 21:12:03,205 | INFO | events | completed alpha_id=1232 status=complete sharpe=-0.9400 fitness=-0.5000
2026-03-20 21:12:14,868 | INFO | events | preparing template=price_volume_divergence expression=ts_decay_linear((ts_delta(returns, 60) - ts_decay_linear(ts_delta(volume, 60), 3)), 60)
2026-03-20 21:22:50,310 | INFO | events | preparing template=breakout expression=zscore(((close - ts_min(close, 20)) / (1 + (ts_max(close, 20) - ts_min(close, 20)))))
2026-03-20 21:22:57,468 | INFO | events | preparing template=fundamental_momentum_spread expression=rank((ts_rank(vwap, 120) - ts_rank((ts_rank(vwap, 10) - ts_rank(vwap, 120)), 10)))
2026-03-20 21:24:24,055 | INFO | events | completed alpha_id=1293 status=complete sharpe=0.1800 fitness=0.0300
2026-03-20 21:24:35,654 | INFO | events | preparing template=fundamental_momentum_spread expression=rank((ts_rank(returns, 60) - ts_rank((ts_rank(close, 10) - ts_rank(close, 60)), 10)))
2026-03-20 21:25:55,783 | INFO | events | completed alpha_id=1322 status=complete sharpe=-0.0200 fitness=-0.0000
2026-03-20 21:26:01,639 | INFO | events | preparing template=quality_value expression=zscore((ts_rank((book_value / (1 + sales)), 60) - ts_rank(sales, 60)))
2026-03-20 21:26:08,115 | INFO | events | preparing template=mean_reversion expression=zscore(group_neutralize((returns - ts_mean(returns, 40)), sector))
2026-03-20 21:27:29,512 | INFO | events | completed alpha_id=1338 status=complete sharpe=-0.9800 fitness=-0.3200
2026-03-20 21:27:35,569 | INFO | events | preparing template=fundamental_momentum_spread expression=ts_rank((ts_rank(vwap, 20) - ts_rank((ts_rank(close, 10) - ts_rank(close, 20)), 10)), 10)
2026-03-20 21:29:01,419 | INFO | events | completed alpha_id=1357 status=complete sharpe=-0.3700 fitness=-0.0600
2026-03-20 21:29:07,001 | INFO | events | preparing template=acceleration expression=ts_rank((ts_delta(low, 20) - ts_delta(low, 40)), 20)
2026-03-20 21:30:17,178 | INFO | events | completed alpha_id=1367 status=complete sharpe=0.3600 fitness=0.0800
2026-03-20 21:30:29,140 | INFO | events | preparing template=fundamental_cross expression=rank((ts_rank(close, 10) - ts_rank(adv20, 10)))
2026-03-20 21:31:54,320 | INFO | events | completed alpha_id=1403 status=complete sharpe=-1.6500 fitness=-0.7200
2026-03-20 21:31:59,849 | INFO | events | preparing template=fundamental_momentum_spread expression=ts_rank((ts_rank(close, 60) - ts_rank((ts_rank(eps, 40) - ts_rank(eps, 60)), 40)), 40)
2026-03-20 21:33:22,008 | INFO | events | completed alpha_id=1412 status=complete sharpe=-0.8700 fitness=-0.3300
2026-03-20 21:33:22,036 | INFO | events | preparing template=volatility_reversion expression=zscore(((low - ts_mean(low, 10)) / (1 + ts_std_dev(low, 10))))
2026-03-20 21:34:40,298 | INFO | events | completed alpha_id=1413 status=complete sharpe=-1.5300 fitness=-0.8200
2026-03-20 21:34:46,161 | INFO | events | preparing template=range_reversion expression=zscore(((cashflow - ts_mean(cashflow, 10)) / (1 + (ts_max(cashflow, 10) - ts_min(cashflow, 10)))))
2026-03-20 21:34:47,719 | INFO | events | preparing template=fundamental_momentum_spread expression=rank((ts_rank(returns, 60) - ts_rank((ts_rank(vwap, 120) - ts_rank(vwap, 60)), 120)))
2026-03-20 21:36:16,904 | INFO | events | completed alpha_id=1433 status=complete sharpe=-1.3400 fitness=-0.4600
2026-03-20 21:36:34,172 | INFO | events | preparing template=acceleration expression=ts_decay_linear((ts_delta(returns, 120) - ts_delta(returns, 60)), 120)
2026-03-20 21:37:54,740 | INFO | events | completed alpha_id=1472 status=complete sharpe=0.2000 fitness=0.0700
2026-03-20 21:37:55,003 | INFO | events | preparing template=fundamental_momentum_spread expression=rank((ts_rank(vwap, 60) - ts_rank((ts_rank(close, 10) - ts_rank(close, 60)), 10)))
2026-03-20 21:39:23,216 | INFO | events | completed alpha_id=1477 status=complete sharpe=0.1000 fitness=0.0100
2026-03-20 21:39:28,836 | INFO | events | preparing template=fundamental_cross expression=zscore((ts_rank(cashflow, 20) - ts_rank(eps, 20)))
2026-03-20 21:41:01,983 | INFO | events | completed alpha_id=1487 status=complete sharpe=-0.3500 fitness=-0.0900
2026-03-20 21:41:07,868 | INFO | events | preparing template=price_volume_divergence expression=ts_rank((ts_delta(vwap, 10) - ts_decay_linear(ts_delta(volume, 10), 5)), 10)
2026-03-20 21:51:57,205 | INFO | events | preparing template=volatility_reversion expression=zscore(((operating_margin - ts_mean(operating_margin, 60)) / (1 + ts_std_dev(operating_margin, 60))))
2026-03-20 21:52:24,828 | INFO | events | preparing template=fundamental_momentum_spread expression=rank((ts_rank(cashflow, 60) - ts_rank((ts_rank(returns, 120) - ts_rank(returns, 60)), 120)))
2026-03-20 21:53:51,335 | INFO | events | completed alpha_id=1552 status=complete sharpe=0.2700 fitness=0.0300
2026-03-20 21:53:57,180 | INFO | events | preparing template=fundamental_momentum_spread expression=zscore((ts_rank(returns, 20) - ts_rank((ts_rank(returns, 5) - ts_rank(returns, 20)), 5)))
2026-03-20 21:55:28,303 | INFO | events | completed alpha_id=1567 status=complete sharpe=-1.6400 fitness=-0.4700
2026-03-20 21:55:39,608 | INFO | events | preparing template=price_volume_divergence expression=zscore((ts_delta(vwap, 60) - ts_decay_linear(ts_delta(adv20, 60), 3)))
2026-03-20 22:06:35,030 | INFO | events | preparing template=acceleration expression=ts_decay_linear((ts_delta(returns, 20) - ts_delta(returns, 40)), 20)
2026-03-20 22:08:21,819 | INFO | events | completed alpha_id=1613 status=complete sharpe=0.0100 fitness=0.0000
2026-03-20 22:08:33,485 | INFO | events | preparing template=acceleration expression=ts_rank((ts_delta(cashflow, 10) - ts_delta(cashflow, 60)), 10)
2026-03-20 22:10:15,180 | INFO | events | completed alpha_id=1642 status=complete sharpe=-0.3100 fitness=-0.0700
2026-03-20 22:10:21,047 | INFO | events | preparing template=volatility_reversion expression=rank(((returns - ts_mean(returns, 40)) / (1 + ts_std_dev(returns, 40))))
2026-03-20 22:12:04,761 | INFO | events | completed alpha_id=1658 status=complete sharpe=-1.2200 fitness=-0.3800
2026-03-20 22:12:26,251 | INFO | events | preparing template=acceleration expression=ts_rank((ts_delta(close, 5) - ts_delta(close, 40)), 5)
2026-03-20 22:13:40,531 | INFO | events | completed alpha_id=1703 status=complete sharpe=-0.2500 fitness=-0.0300
2026-03-20 22:13:46,398 | INFO | events | preparing template=fundamental_momentum_spread expression=zscore((ts_rank(returns, 60) - ts_rank((ts_rank(eps, 10) - ts_rank(eps, 60)), 10)))
2026-03-20 22:15:14,038 | INFO | events | completed alpha_id=1718 status=complete sharpe=-1.7300 fitness=-0.6100
2026-03-20 22:15:27,564 | INFO | events | preparing template=fundamental_momentum_spread expression=zscore((ts_rank(high, 60) - ts_rank((ts_rank(adv20, 10) - ts_rank(adv20, 60)), 10)))
2026-03-20 22:16:58,655 | INFO | events | completed alpha_id=1742 status=complete sharpe=-0.7200 fitness=-0.2600
2026-03-20 22:17:39,636 | INFO | events | preparing template=fundamental_momentum_spread expression=zscore((ts_rank(close, 20) - ts_rank((ts_rank(adv20, 10) - ts_rank(adv20, 20)), 10)))
2026-03-20 22:19:00,535 | INFO | events | completed alpha_id=1848 status=complete sharpe=-1.1400 fitness=-0.4300
2026-03-20 22:19:18,193 | INFO | events | preparing template=acceleration expression=ts_rank((ts_delta(cashflow, 20) - ts_delta(cashflow, 40)), 20)
2026-03-20 22:20:38,989 | INFO | events | completed alpha_id=1892 status=complete sharpe=0.6800 fitness=0.2800
2026-03-20 22:20:39,248 | INFO | events | preparing template=fundamental_cross expression=rank((ts_rank(eps, 20) - ts_rank(cashflow, 20)))
2026-03-20 22:22:06,431 | INFO | events | completed alpha_id=1897 status=complete sharpe=0.3100 fitness=0.0700
2026-03-20 22:22:20,884 | INFO | events | preparing template=mean_reversion expression=rank(group_neutralize((close - ts_mean(close, 40)), subindustry))
2026-03-20 22:23:42,321 | INFO | events | completed alpha_id=1928 status=complete sharpe=-1.4200 fitness=-0.9200
2026-03-20 22:23:53,718 | INFO | events | preparing template=acceleration expression=rank((ts_delta(low, 10) - ts_delta(low, 20)))
2026-03-20 22:25:15,350 | INFO | events | completed alpha_id=1952 status=complete sharpe=0.0900 fitness=0.0100
2026-03-20 22:25:21,570 | INFO | events | preparing template=volume_confirmed_breakout expression=ts_rank((((returns - ts_max(returns, 20)) / (1 + ts_std_dev(returns, 20))) * ts_rank(volume, 20)), 20)
2026-03-20 22:25:51,275 | INFO | events | preparing template=volatility_reversion expression=ts_rank(((operating_margin - ts_mean(operating_margin, 10)) / (1 + ts_std_dev(operating_margin, 10))), 10)
2026-03-20 22:25:58,642 | INFO | events | preparing template=price_volume_divergence expression=rank((ts_delta(close, 20) - ts_decay_linear(ts_delta(adv20, 20), 10)))
2026-03-20 22:36:38,205 | INFO | events | preparing template=range_reversion expression=ts_decay_linear(((low - ts_mean(low, 120)) / (1 + (ts_max(low, 120) - ts_min(low, 120)))), 120)
2026-03-20 22:36:45,364 | INFO | events | preparing template=price_volume_divergence expression=zscore((ts_delta(close, 20) - ts_decay_linear(ts_delta(close, 20), 3)))
2026-03-20 22:38:01,606 | INFO | events | completed alpha_id=2072 status=complete sharpe=-1.2200 fitness=-0.3700
2026-03-20 22:38:01,640 | INFO | events | preparing template=quality_value expression=zscore((ts_rank((eps / (1 + operating_margin)), 120) - ts_rank(operating_margin, 120)))
2026-03-20 22:38:08,752 | INFO | events | preparing template=price_volume_divergence expression=ts_rank((ts_delta(low, 60) - ts_decay_linear(ts_delta(vwap, 60), 3)), 60)
2026-03-20 22:39:30,315 | INFO | events | completed alpha_id=2088 status=complete sharpe=-0.9400 fitness=-0.2100
2026-03-20 22:39:36,103 | INFO | events | preparing template=price_volume_divergence expression=ts_decay_linear((ts_delta(returns, 60) - ts_decay_linear(ts_delta(close, 60), 3)), 60)
2026-03-20 22:41:08,210 | INFO | events | completed alpha_id=2102 status=complete sharpe=0.0000 fitness=0.0000
2026-03-20 22:41:08,247 | INFO | events | preparing template=fundamental_momentum_spread expression=zscore((ts_rank(cashflow, 60) - ts_rank((ts_rank(close, 10) - ts_rank(close, 60)), 10)))
2026-03-20 22:43:36,373 | INFO | events | completed alpha_id=2103 status=complete sharpe=1.7000 fitness=0.6200
2026-03-20 22:44:10,391 | INFO | events | preparing template=volatility_reversion expression=ts_decay_linear(((returns - ts_mean(returns, 120)) / (1 + ts_std_dev(returns, 120))), 120)
2026-03-20 22:45:25,875 | INFO | events | completed alpha_id=2177 status=complete sharpe=-1.0700 fitness=-1.1300
2026-03-20 22:45:31,730 | INFO | events | preparing template=price_volume_divergence expression=ts_rank((ts_delta(vwap, 10) - ts_decay_linear(ts_delta(adv20, 10), 3)), 10)
2026-03-20 22:56:09,020 | INFO | events | preparing template=price_volume_divergence expression=ts_rank((ts_delta(returns, 60) - ts_decay_linear(ts_delta(vwap, 60), 3)), 60)
2026-03-20 22:57:29,785 | INFO | events | completed alpha_id=2197 status=complete sharpe=1.1600 fitness=0.7700
2026-03-20 22:58:05,026 | INFO | events | preparing template=range_reversion expression=zscore(((low - ts_mean(low, 10)) / (1 + (ts_max(low, 10) - ts_min(low, 10)))))
2026-03-20 22:58:17,323 | INFO | events | preparing template=fundamental_momentum_spread expression=ts_rank((ts_rank(returns, 20) - ts_rank((ts_rank(close, 10) - ts_rank(close, 20)), 10)), 10)
2026-03-20 23:00:42,732 | INFO | events | completed alpha_id=2298 status=complete sharpe=-0.4100 fitness=-0.0600
2026-03-20 23:00:42,932 | INFO | events | preparing template=fundamental_cross expression=zscore((ts_rank(eps, 20) - ts_rank(vwap, 20)))
2026-03-20 23:02:31,664 | INFO | events | completed alpha_id=2302 status=complete sharpe=1.0600 fitness=0.5000
2026-03-20 23:02:43,105 | INFO | events | preparing template=fundamental_momentum_spread expression=zscore((ts_rank(returns, 60) - ts_rank((ts_rank(close, 10) - ts_rank(close, 60)), 10)))
2026-03-20 23:04:14,368 | INFO | events | completed alpha_id=2327 status=complete sharpe=-0.0000 fitness=-0.0000
2026-03-20 23:04:37,806 | INFO | events | preparing template=acceleration expression=ts_decay_linear((ts_delta(close, 120) - ts_delta(close, 60)), 120)
2026-03-20 23:07:17,094 | INFO | events | completed alpha_id=2388 status=complete sharpe=-0.0800 fitness=-0.0200
2026-03-20 23:07:23,256 | INFO | events | preparing template=fundamental_momentum_spread expression=rank((ts_rank(low, 60) - ts_rank((ts_rank(close, 20) - ts_rank(close, 60)), 20)))
2026-03-20 23:08:44,158 | INFO | events | completed alpha_id=2408 status=complete sharpe=0.0400 fitness=0.0000
2026-03-20 23:08:58,489 | INFO | events | preparing template=fundamental_momentum_spread expression=rank((ts_rank(returns, 20) - ts_rank((ts_rank(volume, 10) - ts_rank(volume, 20)), 10)))
2026-03-20 23:10:29,704 | INFO | events | completed alpha_id=2437 status=complete sharpe=-1.3100 fitness=-0.3200
2026-03-20 23:10:29,734 | INFO | events | preparing template=quality_value expression=rank((ts_rank((operating_margin / (1 + sales)), 60) - ts_rank(sales, 60)))
2026-03-20 23:11:06,443 | INFO | events | preparing template=fundamental_momentum_spread expression=rank((ts_rank(vwap, 60) - ts_rank((ts_rank(sales, 10) - ts_rank(sales, 60)), 10)))
2026-03-20 23:12:32,546 | INFO | events | completed alpha_id=2522 status=complete sharpe=-0.8400 fitness=-0.4400
2026-03-20 23:12:32,583 | INFO | events | preparing template=liquidity_reversal expression=rank(group_neutralize(((returns - ts_mean(returns, 20)) / (1 + ts_rank(adv20, 20))), subindustry))
2026-03-20 23:13:59,084 | INFO | events | completed alpha_id=2523 status=complete sharpe=-1.3000 fitness=-0.3700
2026-03-20 23:14:10,781 | INFO | events | preparing template=momentum expression=ts_rank((ts_rank(close, 10) - ts_rank(close, 20)), 10)
2026-03-20 23:15:47,199 | INFO | events | completed alpha_id=2552 status=complete sharpe=-1.3100 fitness=-0.3900
2026-03-20 23:15:47,473 | INFO | events | preparing template=price_volume_divergence expression=ts_decay_linear((ts_delta(cashflow, 5) - ts_decay_linear(ts_delta(close, 5), 3)), 5)
2026-03-20 23:26:45,906 | INFO | events | preparing template=fundamental_momentum_spread expression=zscore((ts_rank(vwap, 20) - ts_rank((ts_rank(close, 120) - ts_rank(close, 20)), 120)))
2026-03-20 23:28:06,561 | INFO | events | completed alpha_id=2612 status=complete sharpe=-1.2400 fitness=-0.5900
2026-03-20 23:28:41,870 | INFO | events | preparing template=liquidity_reversal expression=zscore(group_neutralize(((returns - ts_mean(returns, 20)) / (1 + ts_rank(adv60, 20))), industry))
2026-03-20 23:29:20,005 | INFO | events | preparing template=acceleration expression=ts_decay_linear((ts_delta(vwap, 10) - ts_delta(vwap, 20)), 10)
2026-03-20 23:30:35,822 | INFO | events | completed alpha_id=2708 status=complete sharpe=0.3300 fitness=0.1500
2026-03-20 23:30:41,358 | INFO | events | preparing template=fundamental_momentum_spread expression=ts_decay_linear((ts_rank(vwap, 20) - ts_rank((ts_rank(close, 120) - ts_rank(close, 20)), 120)), 120)
2026-03-20 23:32:07,287 | INFO | events | completed alpha_id=2717 status=complete sharpe=-0.1700 fitness=-0.0600
2026-03-20 23:32:07,593 | INFO | events | preparing template=fundamental_cross expression=rank((ts_rank(sales, 120) - ts_rank(cashflow, 120)))
2026-03-20 23:33:32,651 | INFO | events | completed alpha_id=2722 status=complete sharpe=0.0400 fitness=0.0000
2026-03-20 23:33:38,560 | INFO | events | preparing template=range_reversion expression=ts_rank(((high - ts_mean(high, 10)) / (1 + (ts_max(high, 10) - ts_min(high, 10)))), 10)
2026-03-20 23:34:20,123 | INFO | events | preparing template=price_volume_divergence expression=ts_decay_linear((ts_delta(returns, 20) - ts_decay_linear(ts_delta(adv20, 20), 10)), 20)
2026-03-20 23:45:29,990 | INFO | events | preparing template=range_reversion expression=ts_rank(((vwap - ts_mean(vwap, 10)) / (1 + (ts_max(vwap, 10) - ts_min(vwap, 10)))), 10)
2026-03-20 23:45:54,345 | INFO | events | preparing template=price_volume_divergence expression=rank((ts_delta(close, 5) - ts_decay_linear(ts_delta(vwap, 5), 3)))
2026-03-20 23:47:41,073 | INFO | events | completed alpha_id=2977 status=complete sharpe=-1.4400 fitness=-0.4400
2026-03-20 23:47:52,638 | INFO | events | preparing template=fundamental_momentum_spread expression=rank((ts_rank(operating_margin, 20) - ts_rank((ts_rank(sales, 10) - ts_rank(sales, 20)), 10)))
2026-03-20 23:47:59,624 | INFO | events | preparing template=fundamental_momentum_spread expression=zscore((ts_rank(high, 60) - ts_rank((ts_rank(close, 10) - ts_rank(close, 60)), 10)))
2026-03-20 23:49:15,102 | INFO | events | completed alpha_id=3017 status=complete sharpe=0.0800 fitness=0.0100
2026-03-20 23:49:27,134 | INFO | events | preparing template=price_volume_divergence expression=zscore((ts_delta(returns, 5) - ts_decay_linear(ts_delta(close, 5), 5)))
2026-03-20 23:51:46,326 | INFO | events | completed alpha_id=3053 status=complete sharpe=1.2200 fitness=0.7200
2026-03-20 23:52:27,640 | INFO | events | preparing template=fundamental_cross expression=rank((ts_rank(returns, 60) - ts_rank(eps, 60)))
2026-03-20 23:53:42,982 | INFO | events | completed alpha_id=3158 status=complete sharpe=-1.6300 fitness=-0.5200
2026-03-20 23:53:48,548 | INFO | events | preparing template=fundamental_momentum_spread expression=rank((ts_rank(eps, 20) - ts_rank((ts_rank(close, 10) - ts_rank(close, 20)), 10)))
2026-03-20 23:55:14,398 | INFO | events | completed alpha_id=3167 status=complete sharpe=1.2500 fitness=0.3600
2026-03-20 23:55:14,435 | INFO | events | preparing template=mean_reversion expression=zscore(group_neutralize((returns - ts_mean(returns, 40)), industry))
2026-03-20 23:56:46,138 | INFO | events | completed alpha_id=3168 status=complete sharpe=-0.9800 fitness=-0.3200
2026-03-20 23:56:52,038 | INFO | events | preparing template=fundamental_momentum_spread expression=rank((ts_rank(returns, 40) - ts_rank((ts_rank(returns, 60) - ts_rank(returns, 40)), 60)))
2026-03-20 23:58:28,375 | INFO | events | completed alpha_id=3183 status=complete sharpe=-1.2200 fitness=-0.2900
2026-03-20 23:58:46,295 | INFO | events | preparing template=volatility_reversion expression=rank(((low - ts_mean(low, 10)) / (1 + ts_std_dev(low, 10))))
2026-03-21 00:00:22,551 | INFO | events | completed alpha_id=3232 status=complete sharpe=-1.6000 fitness=-0.8800
2026-03-21 00:00:28,417 | INFO | events | preparing template=fundamental_momentum_spread expression=zscore((ts_rank(vwap, 60) - ts_rank((ts_rank(close, 10) - ts_rank(close, 60)), 10)))
2026-03-21 00:01:49,126 | INFO | events | completed alpha_id=3247 status=complete sharpe=0.0800 fitness=0.0100
2026-03-21 00:01:54,817 | INFO | events | preparing template=quality_value expression=zscore((ts_rank((eps / (1 + sales)), 120) - ts_rank(sales, 120)))
2026-03-21 00:03:36,505 | INFO | events | completed alpha_id=3258 status=complete sharpe=0.2000 fitness=0.0500
2026-03-21 00:03:42,342 | INFO | events | preparing template=acceleration expression=ts_rank((ts_delta(eps, 5) - ts_delta(eps, 40)), 5)
2026-03-21 00:05:18,034 | INFO | events | completed alpha_id=3272 status=complete sharpe=-0.1500 fitness=-0.0100
2026-03-21 00:05:18,336 | INFO | events | preparing template=acceleration expression=zscore((ts_delta(volume, 60) - ts_delta(volume, 20)))
2026-03-21 00:06:54,439 | INFO | events | completed alpha_id=3278 status=complete sharpe=-0.0800 fitness=-0.0100
2026-03-21 00:07:00,309 | INFO | events | preparing template=range_reversion expression=rank(((high - ts_mean(high, 10)) / (1 + (ts_max(high, 10) - ts_min(high, 10)))))
2026-03-21 00:07:30,781 | INFO | events | preparing template=price_volume_divergence expression=zscore((ts_delta(vwap, 10) - ts_decay_linear(ts_delta(vwap, 10), 3)))
2026-03-21 00:09:32,702 | INFO | events | completed alpha_id=3363 status=complete sharpe=-0.5300 fitness=-0.1100
2026-03-21 00:09:38,724 | INFO | events | preparing template=fundamental_momentum_spread expression=zscore((ts_rank(cashflow, 120) - ts_rank((ts_rank(close, 20) - ts_rank(close, 120)), 20)))
2026-03-21 00:10:49,039 | INFO | events | completed alpha_id=3382 status=complete sharpe=1.1700 fitness=0.4200
2026-03-21 00:10:54,903 | INFO | events | preparing template=fundamental_momentum_spread expression=zscore((ts_rank(returns, 120) - ts_rank((ts_rank(vwap, 60) - ts_rank(vwap, 120)), 60)))
2026-03-21 00:12:26,039 | INFO | events | completed alpha_id=3398 status=complete sharpe=-1.0100 fitness=-0.2800
2026-03-21 00:12:43,542 | INFO | events | preparing template=quality_value expression=rank((ts_rank((eps / (1 + sales)), 60) - ts_rank(sales, 60)))
2026-03-21 00:14:19,879 | INFO | events | completed alpha_id=3442 status=complete sharpe=0.0300 fitness=0.0000
2026-03-21 00:14:25,838 | INFO | events | preparing template=quality_value expression=zscore((ts_rank((operating_margin / (1 + sales)), 120) - ts_rank(sales, 120)))
2026-03-21 00:14:43,743 | INFO | events | preparing template=fundamental_momentum_spread expression=zscore((ts_rank(operating_margin, 60) - ts_rank((ts_rank(close, 10) - ts_rank(close, 60)), 10)))
2026-03-21 00:15:13,095 | INFO | events | preparing template=fundamental_cross expression=zscore((ts_rank(operating_margin, 20) - ts_rank(book_value, 20)))
2026-03-21 00:15:31,413 | INFO | events | preparing template=mean_reversion expression=zscore(group_neutralize((vwap - ts_mean(vwap, 10)), sector))
2026-03-21 00:17:33,781 | INFO | events | completed alpha_id=3557 status=complete sharpe=-1.2700 fitness=-0.6800
2026-03-21 00:17:34,032 | INFO | events | preparing template=fundamental_momentum_spread expression=zscore((ts_rank(close, 60) - ts_rank((ts_rank(volume, 5) - ts_rank(volume, 60)), 5)))
2026-03-21 00:19:05,464 | INFO | events | completed alpha_id=3562 status=complete sharpe=-1.1100 fitness=-0.3400
2026-03-21 00:19:23,157 | INFO | events | preparing template=fundamental_momentum_spread expression=zscore((ts_rank(close, 20) - ts_rank((ts_rank(close, 5) - ts_rank(close, 20)), 5)))
2026-03-21 00:21:10,208 | INFO | events | completed alpha_id=3608 status=complete sharpe=-0.7900 fitness=-0.2500
2026-03-21 00:21:39,481 | INFO | events | preparing template=acceleration expression=zscore((ts_delta(low, 40) - ts_delta(low, 20)))
2026-03-21 00:23:15,810 | INFO | events | completed alpha_id=3683 status=complete sharpe=0.0300 fitness=0.0000
2026-03-21 00:23:21,384 | INFO | events | preparing template=quality_value expression=rank((ts_rank((eps / (1 + book_value)), 20) - ts_rank(book_value, 20)))
2026-03-21 00:23:44,659 | INFO | events | preparing template=liquidity_reversal expression=rank(group_neutralize(((vwap - ts_mean(vwap, 20)) / (1 + ts_rank(adv20, 20))), sector))
2026-03-21 00:25:20,947 | INFO | events | completed alpha_id=3743 status=complete sharpe=-1.2700 fitness=-0.7500
2026-03-21 00:25:55,945 | INFO | events | preparing template=quality_value expression=ts_rank((ts_rank((vwap / (1 + sales)), 120) - ts_rank(sales, 120)), 120)
2026-03-21 00:27:20,442 | INFO | events | completed alpha_id=3828 status=complete sharpe=-0.8400 fitness=-0.3900
2026-03-21 00:27:20,727 | INFO | events | preparing template=acceleration expression=zscore((ts_delta(returns, 10) - ts_delta(returns, 40)))
2026-03-21 00:28:36,537 | INFO | events | completed alpha_id=3833 status=complete sharpe=-0.7000 fitness=-0.1700
2026-03-21 00:28:42,429 | INFO | events | preparing template=fundamental_cross expression=zscore((ts_rank(book_value, 20) - ts_rank(eps, 20)))
2026-03-21 00:28:55,117 | INFO | events | preparing template=mean_reversion expression=ts_rank(group_neutralize((returns - ts_mean(returns, 40)), industry), 40)
2026-03-21 00:30:15,690 | INFO | events | completed alpha_id=3873 status=complete sharpe=-1.1000 fitness=-0.3100
2026-03-21 00:31:44,138 | INFO | events | preparing template=fundamental_cross expression=rank((ts_rank(operating_margin, 20) - ts_rank(book_value, 20)))
2026-03-21 00:32:55,837 | INFO | events | preparing template=fundamental_momentum_spread expression=ts_rank((ts_rank(low, 60) - ts_rank((ts_rank(close, 10) - ts_rank(close, 60)), 10)), 10)
2026-03-21 00:34:41,486 | INFO | events | completed alpha_id=4268 status=complete sharpe=0.4000 fitness=0.0700
2026-03-21 00:35:46,058 | INFO | events | preparing template=price_volume_divergence expression=rank((ts_delta(vwap, 5) - ts_decay_linear(ts_delta(adv20, 5), 10)))
2026-03-21 00:46:30,391 | INFO | events | preparing template=fundamental_cross expression=rank((ts_rank(operating_margin, 10) - ts_rank(vwap, 10)))
2026-03-21 00:46:37,743 | INFO | events | preparing template=fundamental_cross expression=zscore((ts_rank(operating_margin, 10) - ts_rank(adv20, 10)))
2026-03-21 00:47:07,632 | INFO | events | preparing template=quality_efficiency expression=zscore((ts_rank((cashflow / (1 + eps)), 120) - ts_rank((eps / (1 + cashflow)), 120)))
2026-03-21 00:57:49,336 | INFO | events | preparing template=mean_reversion expression=zscore(group_neutralize((close - ts_mean(close, 20)), sector))
2026-03-21 00:59:07,041 | INFO | events | completed alpha_id=4563 status=complete sharpe=-1.3700 fitness=-0.9000
2026-03-21 00:59:36,966 | INFO | events | preparing template=acceleration expression=ts_rank((ts_delta(close, 10) - ts_delta(close, 20)), 10)
2026-03-21 01:01:16,594 | INFO | events | completed alpha_id=4643 status=complete sharpe=-0.4200 fitness=-0.0800
2026-03-21 01:01:28,108 | INFO | events | preparing template=quality_value expression=rank((ts_rank((returns / (1 + vwap)), 120) - ts_rank(vwap, 120)))
2026-03-21 01:12:40,439 | INFO | events | preparing template=quality_value expression=rank((ts_rank((cashflow / (1 + sales)), 10) - ts_rank(sales, 10)))
2026-03-21 01:17:27,126 | INFO | events | completed alpha_id=4732 status=complete sharpe=0.6200 fitness=0.2100
2026-03-21 01:17:38,964 | INFO | events | preparing template=mean_reversion expression=rank(group_neutralize((returns - ts_mean(returns, 20)), sector))
2026-03-21 01:19:10,077 | INFO | events | completed alpha_id=4762 status=complete sharpe=-1.2500 fitness=-0.3900
2026-03-21 01:19:21,690 | INFO | events | preparing template=quality_value expression=rank((ts_rank((eps / (1 + close)), 120) - ts_rank(close, 120)))
2026-03-21 01:30:08,743 | INFO | events | preparing template=fundamental_momentum_spread expression=ts_rank((ts_rank(cashflow, 60) - ts_rank((ts_rank(cashflow, 10) - ts_rank(cashflow, 60)), 10)), 10)
2026-03-21 01:31:24,209 | INFO | events | completed alpha_id=4802 status=complete sharpe=0.2600 fitness=0.0700
2026-03-21 01:31:24,523 | INFO | events | preparing template=acceleration expression=zscore((ts_delta(cashflow, 5) - ts_delta(cashflow, 10)))
2026-03-21 01:33:16,916 | INFO | events | completed alpha_id=4808 status=complete sharpe=0.6400 fitness=0.2600
2026-03-21 01:33:46,182 | INFO | events | preparing template=price_volume_divergence expression=ts_rank((ts_delta(close, 10) - ts_decay_linear(ts_delta(volume, 10), 3)), 10)
2026-03-21 01:44:44,986 | INFO | events | preparing template=fundamental_cross expression=zscore((ts_rank(sales, 20) - ts_rank(book_value, 20)))
2026-03-21 01:44:57,916 | INFO | events | preparing template=liquidity_reversal expression=rank(group_neutralize(((close - ts_mean(close, 5)) / (1 + ts_rank(adv60, 5))), subindustry))
2026-03-21 01:45:10,035 | INFO | events | preparing template=fundamental_momentum_spread expression=zscore((ts_rank(book_value, 60) - ts_rank((ts_rank(close, 10) - ts_rank(close, 60)), 10)))
2026-03-21 01:45:34,504 | INFO | events | preparing template=mean_reversion expression=zscore(group_neutralize((close - ts_mean(close, 40)), industry))
2026-03-21 01:47:16,259 | INFO | events | completed alpha_id=5002 status=complete sharpe=-1.0600 fitness=-0.7400
2026-03-21 01:47:28,073 | INFO | events | preparing template=fundamental_momentum_spread expression=ts_decay_linear((ts_rank(returns, 60) - ts_rank((ts_rank(close, 10) - ts_rank(close, 60)), 10)), 10)
2026-03-21 01:48:43,452 | INFO | events | completed alpha_id=5032 status=complete sharpe=0.0600 fitness=0.0100
2026-03-21 01:49:00,851 | INFO | events | preparing template=breakout expression=ts_rank(((high - ts_min(high, 20)) / (1 + (ts_max(high, 20) - ts_min(high, 20)))), 20)
2026-03-21 01:49:13,599 | INFO | events | preparing template=volume_confirmed_breakout expression=ts_rank((((close - ts_max(close, 5)) / (1 + ts_std_dev(close, 5))) * ts_rank(volume, 5)), 5)
2026-03-21 01:49:38,511 | INFO | events | preparing template=acceleration expression=ts_rank((ts_delta(returns, 5) - ts_delta(returns, 10)), 5)
2026-03-21 01:50:59,393 | INFO | events | completed alpha_id=5152 status=complete sharpe=-0.2400 fitness=-0.0200
2026-03-21 01:51:05,075 | INFO | events | preparing template=quality_value expression=rank((ts_rank((returns / (1 + sales)), 120) - ts_rank(sales, 120)))
2026-03-21 01:52:29,891 | INFO | events | completed alpha_id=5163 status=complete sharpe=-1.3800 fitness=-0.4600
2026-03-21 01:52:43,911 | INFO | events | preparing template=mean_reversion expression=rank(group_neutralize((vwap - ts_mean(vwap, 40)), industry))
2026-03-21 01:53:59,569 | INFO | events | completed alpha_id=5198 status=complete sharpe=-1.1400 fitness=-0.8100
2026-03-21 01:54:34,858 | INFO | events | preparing template=fundamental_momentum_spread expression=rank((ts_rank(cashflow, 60) - ts_rank((ts_rank(vwap, 10) - ts_rank(vwap, 60)), 10)))
2026-03-21 01:55:58,206 | INFO | events | completed alpha_id=5283 status=complete sharpe=1.5800 fitness=0.5600
2026-03-21 01:56:04,287 | INFO | events | preparing template=fundamental_momentum_spread expression=ts_rank((ts_rank(vwap, 60) - ts_rank((ts_rank(vwap, 10) - ts_rank(vwap, 60)), 10)), 10)
2026-03-21 01:57:38,366 | INFO | events | completed alpha_id=5302 status=complete sharpe=0.2400 fitness=0.0300
2026-03-21 01:57:55,903 | INFO | events | preparing template=quality_value expression=zscore((ts_rank((returns / (1 + sales)), 120) - ts_rank(sales, 120)))
2026-03-21 01:59:16,562 | INFO | events | completed alpha_id=5343 status=complete sharpe=-1.3800 fitness=-0.4600
2026-03-21 01:59:39,979 | INFO | events | preparing template=fundamental_cross expression=zscore((ts_rank(eps, 20) - ts_rank(sales, 20)))
2026-03-21 02:01:00,962 | INFO | events | completed alpha_id=5403 status=complete sharpe=0.7100 fitness=0.3200
2026-03-21 02:01:12,784 | INFO | events | preparing template=volatility_reversion expression=ts_rank(((eps - ts_mean(eps, 10)) / (1 + ts_std_dev(eps, 10))), 10)
2026-03-21 02:02:34,820 | INFO | events | completed alpha_id=5433 status=complete sharpe=-0.7600 fitness=-0.2100
2026-03-21 02:03:10,369 | INFO | events | preparing template=price_volume_divergence expression=zscore((ts_delta(returns, 60) - ts_decay_linear(ts_delta(adv20, 60), 3)))
2026-03-21 02:13:50,462 | INFO | events | preparing template=price_volume_divergence expression=ts_decay_linear((ts_delta(close, 120) - ts_decay_linear(ts_delta(close, 120), 10)), 120)
2026-03-21 02:15:21,594 | INFO | events | completed alpha_id=5538 status=complete sharpe=-0.2900 fitness=-0.1300
2026-03-21 02:16:03,031 | INFO | events | preparing template=breakout expression=rank(((close - ts_min(close, 60)) / (1 + (ts_max(close, 60) - ts_min(close, 60)))))
2026-03-21 02:16:16,607 | INFO | events | preparing template=fundamental_momentum_spread expression=ts_rank((ts_rank(cashflow, 20) - ts_rank((ts_rank(vwap, 10) - ts_rank(vwap, 20)), 10)), 10)
2026-03-21 02:17:43,151 | INFO | events | completed alpha_id=5663 status=complete sharpe=0.7000 fitness=0.1500
2026-03-21 02:17:49,037 | INFO | events | preparing template=breakout expression=ts_rank(((eps - ts_min(eps, 120)) / (1 + (ts_max(eps, 120) - ts_min(eps, 120)))), 120)
2026-03-21 02:18:31,065 | INFO | events | preparing template=acceleration expression=ts_rank((ts_delta(eps, 120) - ts_delta(eps, 20)), 120)
2026-03-21 02:19:46,810 | INFO | events | completed alpha_id=5768 status=complete sharpe=0.1700 fitness=0.0300
2026-03-21 02:20:04,308 | INFO | events | preparing template=liquidity_reversal expression=zscore(group_neutralize(((returns - ts_mean(returns, 40)) / (1 + ts_rank(adv20, 40))), industry))
2026-03-21 02:21:51,224 | INFO | events | completed alpha_id=5807 status=complete sharpe=-1.0500 fitness=-0.3500
2026-03-21 02:22:09,287 | INFO | events | preparing template=fundamental_cross expression=zscore((ts_rank(operating_margin, 60) - ts_rank(cashflow, 60)))
2026-03-21 02:22:33,533 | INFO | events | preparing template=quality_efficiency expression=rank((ts_rank((eps / (1 + cashflow)), 120) - ts_rank((cashflow / (1 + eps)), 120)))
2026-03-21 02:33:18,363 | INFO | events | preparing template=acceleration expression=zscore((ts_delta(vwap, 10) - ts_delta(vwap, 60)))
2026-03-21 02:34:33,880 | INFO | events | completed alpha_id=5933 status=complete sharpe=0.1100 fitness=0.0300
2026-03-21 02:34:45,690 | INFO | events | preparing template=quality_value expression=zscore((ts_rank((vwap / (1 + sales)), 10) - ts_rank(sales, 10)))
2026-03-21 02:36:14,894 | INFO | events | completed alpha_id=5962 status=complete sharpe=-1.5700 fitness=-0.7400
2026-03-21 02:36:20,849 | INFO | events | preparing template=fundamental_momentum_spread expression=rank((ts_rank(returns, 40) - ts_rank((ts_rank(cashflow, 10) - ts_rank(cashflow, 40)), 10)))
2026-03-21 02:38:18,037 | INFO | events | completed alpha_id=5977 status=complete sharpe=-1.6900 fitness=-0.5200
2026-03-21 02:38:18,073 | INFO | events | preparing template=mean_reversion expression=rank(group_neutralize((vwap - ts_mean(vwap, 5)), subindustry))
2026-03-21 02:40:21,155 | INFO | events | completed alpha_id=5978 status=complete sharpe=-1.9700 fitness=-0.8300
2026-03-21 02:41:08,529 | INFO | events | preparing template=acceleration expression=ts_decay_linear((ts_delta(close, 10) - ts_delta(close, 20)), 10)
2026-03-21 02:42:24,289 | INFO | events | completed alpha_id=6093 status=complete sharpe=0.4200 fitness=0.2200
2026-03-21 02:42:24,913 | INFO | events | preparing template=quality_value expression=zscore((ts_rank((returns / (1 + vwap)), 120) - ts_rank(vwap, 120)))
2026-03-21 02:53:15,470 | INFO | events | preparing template=fundamental_momentum_spread expression=zscore((ts_rank(returns, 60) - ts_rank((ts_rank(operating_margin, 10) - ts_rank(operating_margin, 60)), 10)))
2026-03-21 02:53:39,736 | INFO | events | preparing template=acceleration expression=zscore((ts_delta(eps, 5) - ts_delta(eps, 20)))
2026-03-21 02:55:04,951 | INFO | events | completed alpha_id=6157 status=complete sharpe=0.0500 fitness=0.0100
2026-03-21 02:55:34,657 | INFO | events | preparing template=quality_value expression=zscore((ts_rank((close / (1 + book_value)), 120) - ts_rank(book_value, 120)))
2026-03-21 02:55:52,637 | INFO | events | preparing template=fundamental_momentum_spread expression=rank((ts_rank(operating_margin, 60) - ts_rank((ts_rank(vwap, 20) - ts_rank(vwap, 60)), 20)))
2026-03-21 02:55:54,096 | INFO | events | preparing template=mean_reversion expression=zscore(group_neutralize((vwap - ts_mean(vwap, 10)), industry))
2026-03-21 02:57:25,813 | INFO | events | completed alpha_id=6277 status=complete sharpe=-1.2700 fitness=-0.6800
2026-03-21 02:57:31,453 | INFO | events | preparing template=acceleration expression=rank((ts_delta(eps, 10) - ts_delta(eps, 40)))
2026-03-21 02:58:54,412 | INFO | events | completed alpha_id=6287 status=complete sharpe=-0.6500 fitness=-0.2300
2026-03-21 02:59:06,211 | INFO | events | preparing template=quality_value expression=rank((ts_rank((book_value / (1 + cashflow)), 20) - ts_rank(cashflow, 20)))
2026-03-21 02:59:18,797 | INFO | events | preparing template=price_volume_divergence expression=rank((ts_delta(vwap, 10) - ts_decay_linear(ts_delta(vwap, 10), 3)))
2026-03-21 03:00:44,764 | INFO | events | completed alpha_id=6332 status=complete sharpe=-1.2100 fitness=-0.3500
2026-03-21 03:00:56,514 | INFO | events | preparing template=volume_confirmed_breakout expression=zscore((((low - ts_max(low, 20)) / (1 + ts_std_dev(low, 20))) * ts_rank(volume, 20)))
2026-03-21 03:01:09,602 | INFO | events | preparing template=fundamental_momentum_spread expression=ts_rank((ts_rank(sales, 120) - ts_rank((ts_rank(returns, 60) - ts_rank(returns, 120)), 60)), 60)
2026-03-21 03:02:30,269 | INFO | events | completed alpha_id=6393 status=complete sharpe=-0.1900 fitness=-0.0200
2026-03-21 03:02:30,549 | INFO | events | preparing template=quality_value expression=zscore((ts_rank((cashflow / (1 + sales)), 120) - ts_rank(sales, 120)))
2026-03-21 03:04:17,761 | INFO | events | completed alpha_id=6398 status=complete sharpe=0.1700 fitness=0.0400
2026-03-21 03:04:55,407 | INFO | events | preparing template=fundamental_momentum_spread expression=rank((ts_rank(eps, 60) - ts_rank((ts_rank(sales, 120) - ts_rank(sales, 60)), 120)))
2026-03-21 03:06:37,183 | INFO | events | completed alpha_id=6487 status=complete sharpe=0.4700 fitness=0.1600
2026-03-21 03:07:30,748 | INFO | events | preparing template=fundamental_momentum_spread expression=zscore((ts_rank(sales, 60) - ts_rank((ts_rank(close, 10) - ts_rank(close, 60)), 10)))
2026-03-21 03:08:56,622 | INFO | events | completed alpha_id=6623 status=complete sharpe=1.5900 fitness=0.5800
2026-03-21 03:09:02,490 | INFO | events | preparing template=price_volume_divergence expression=ts_rank((ts_delta(cashflow, 120) - ts_decay_linear(ts_delta(vwap, 120), 3)), 120)
2026-03-21 03:20:11,730 | INFO | events | preparing template=range_reversion expression=rank(((vwap - ts_mean(vwap, 20)) / (1 + (ts_max(vwap, 20) - ts_min(vwap, 20)))))
2026-03-21 03:20:44,293 | INFO | events | preparing template=quality_value expression=zscore((ts_rank((cashflow / (1 + close)), 10) - ts_rank(close, 10)))
2026-03-21 03:31:30,107 | INFO | events | preparing template=fundamental_momentum_spread expression=zscore((ts_rank(eps, 60) - ts_rank((ts_rank(sales, 10) - ts_rank(sales, 60)), 10)))
2026-03-21 03:33:26,278 | INFO | events | completed alpha_id=6742 status=complete sharpe=-0.1700 fitness=-0.0400
2026-03-21 03:33:33,515 | INFO | events | preparing template=price_volume_divergence expression=zscore((ts_delta(eps, 60) - ts_decay_linear(ts_delta(sales, 60), 3)))
2026-03-21 03:44:48,280 | INFO | events | preparing template=price_volume_divergence expression=zscore((ts_delta(eps, 60) - ts_decay_linear(ts_delta(vwap, 60), 3)))
2026-03-21 03:55:45,581 | INFO | events | preparing template=fundamental_momentum_spread expression=rank((ts_rank(sales, 20) - ts_rank((ts_rank(returns, 120) - ts_rank(returns, 20)), 120)))
2026-03-21 03:57:14,500 | INFO | events | completed alpha_id=6847 status=complete sharpe=0.5000 fitness=0.0800
2026-03-21 03:58:07,787 | INFO | events | preparing template=fundamental_momentum_spread expression=rank((ts_rank(vwap, 60) - ts_rank((ts_rank(vwap, 5) - ts_rank(vwap, 60)), 5)))
2026-03-21 03:59:26,353 | INFO | events | completed alpha_id=6978 status=complete sharpe=-0.4100 fitness=-0.1000
2026-03-21 03:59:26,621 | INFO | events | preparing template=fundamental_cross expression=rank((ts_rank(operating_margin, 20) - ts_rank(cashflow, 20)))
2026-03-21 03:59:57,982 | INFO | events | preparing template=price_volume_divergence expression=ts_rank((ts_delta(returns, 60) - ts_decay_linear(ts_delta(adv20, 60), 3)), 60)
2026-03-21 04:00:05,536 | INFO | events | preparing template=quality_value expression=ts_rank((ts_rank((eps / (1 + sales)), 20) - ts_rank(sales, 20)), 20)
2026-03-21 04:01:53,388 | INFO | events | completed alpha_id=7072 status=complete sharpe=-0.4900 fitness=-0.1400
2026-03-21 04:01:59,297 | INFO | events | preparing template=mean_reversion expression=zscore(group_neutralize((close - ts_mean(close, 40)), subindustry))
2026-03-21 04:03:20,037 | INFO | events | completed alpha_id=7087 status=complete sharpe=-0.9300 fitness=-0.5300
2026-03-21 04:03:31,694 | INFO | events | preparing template=fundamental_momentum_spread expression=rank((ts_rank(returns, 60) - ts_rank((ts_rank(sales, 10) - ts_rank(sales, 60)), 10)))
2026-03-21 04:05:08,199 | INFO | events | completed alpha_id=7113 status=complete sharpe=-1.4300 fitness=-0.4700
2026-03-21 04:05:37,927 | INFO | events | preparing template=price_volume_divergence expression=zscore((ts_delta(returns, 20) - ts_decay_linear(ts_delta(book_value, 20), 3)))
2026-03-21 04:06:02,391 | INFO | events | preparing template=acceleration expression=zscore((ts_delta(eps, 10) - ts_delta(eps, 40)))
2026-03-21 04:07:52,474 | INFO | events | completed alpha_id=7253 status=complete sharpe=-0.0500 fitness=-0.0100
2026-03-21 04:07:58,066 | INFO | events | preparing template=quality_value expression=rank((ts_rank((vwap / (1 + sales)), 20) - ts_rank(sales, 20)))
2026-03-21 04:09:52,760 | INFO | events | completed alpha_id=7262 status=complete sharpe=-1.1200 fitness=-0.5200
2026-03-21 04:09:53,079 | INFO | events | preparing template=quality_value expression=rank((ts_rank((vwap / (1 + cashflow)), 10) - ts_rank(cashflow, 10)))
2026-03-21 04:11:17,316 | INFO | events | completed alpha_id=7268 status=complete sharpe=-1.3000 fitness=-0.3700
2026-03-21 04:11:41,293 | INFO | events | preparing template=liquidity_reversal expression=rank(group_neutralize(((returns - ts_mean(returns, 10)) / (1 + ts_rank(adv60, 10))), industry))
2026-03-21 04:12:14,941 | INFO | events | preparing template=fundamental_momentum_spread expression=rank((ts_rank(book_value, 60) - ts_rank((ts_rank(close, 10) - ts_rank(close, 60)), 10)))
2026-03-21 04:12:40,849 | INFO | events | preparing template=fundamental_momentum_spread expression=rank((ts_rank(returns, 20) - ts_rank((ts_rank(cashflow, 5) - ts_rank(cashflow, 20)), 5)))
2026-03-21 04:14:12,125 | INFO | events | completed alpha_id=7447 status=complete sharpe=-1.5900 fitness=-0.4600
2026-03-21 04:14:17,855 | INFO | events | preparing template=quality_value expression=rank((ts_rank((vwap / (1 + close)), 60) - ts_rank(close, 60)))
2026-03-21 04:24:55,834 | INFO | events | preparing template=volume_confirmed_breakout expression=ts_rank((((low - ts_max(low, 40)) / (1 + ts_std_dev(low, 40))) * ts_rank(adv20, 40)), 40)
2026-03-21 04:25:03,014 | INFO | events | preparing template=fundamental_cross expression=zscore((ts_rank(sales, 120) - ts_rank(operating_margin, 120)))
2026-03-21 04:25:22,370 | INFO | events | preparing template=price_volume_divergence expression=rank((ts_delta(cashflow, 60) - ts_decay_linear(ts_delta(vwap, 60), 3)))
2026-03-21 04:36:49,075 | INFO | events | preparing template=liquidity_reversal expression=zscore(group_neutralize(((close - ts_mean(close, 5)) / (1 + ts_rank(adv60, 5))), industry))
2026-03-21 04:37:01,736 | INFO | events | preparing template=breakout expression=ts_rank(((low - ts_min(low, 60)) / (1 + (ts_max(low, 60) - ts_min(low, 60)))), 60)
2026-03-21 04:37:20,730 | INFO | events | preparing template=fundamental_momentum_spread expression=ts_decay_linear((ts_rank(vwap, 60) - ts_rank((ts_rank(vwap, 5) - ts_rank(vwap, 60)), 5)), 5)
2026-03-21 04:38:36,199 | INFO | events | completed alpha_id=7668 status=complete sharpe=-0.3400 fitness=-0.1100
2026-03-21 04:39:34,240 | INFO | events | preparing template=price_volume_divergence expression=zscore((ts_delta(volume, 10) - ts_decay_linear(ts_delta(volume, 10), 3)))
2026-03-21 04:41:47,500 | INFO | events | completed alpha_id=7808 status=complete sharpe=0.1400 fitness=0.0200
2026-03-21 04:42:29,376 | INFO | events | preparing template=momentum expression=ts_rank((ts_rank(returns, 60) - ts_rank(returns, 120)), 60)
2026-03-21 04:44:54,909 | INFO | events | completed alpha_id=7913 status=complete sharpe=0.7000 fitness=0.1200
2026-03-21 04:45:30,658 | INFO | events | preparing template=quality_value expression=rank((ts_rank((eps / (1 + vwap)), 120) - ts_rank(vwap, 120)))
2026-03-21 04:56:37,739 | INFO | events | preparing template=liquidity_reversal expression=zscore(group_neutralize(((returns - ts_mean(returns, 5)) / (1 + ts_rank(adv20, 5))), sector))
2026-03-21 04:57:58,842 | INFO | events | completed alpha_id=8078 status=complete sharpe=-0.5100 fitness=-0.1100
2026-03-21 04:58:26,870 | INFO | events | preparing template=price_volume_divergence expression=rank((ts_delta(returns, 10) - ts_decay_linear(ts_delta(close, 10), 3)))
2026-03-21 05:00:55,733 | INFO | events | completed alpha_id=8138 status=complete sharpe=1.1200 fitness=0.6800
2026-03-21 05:01:37,602 | INFO | events | preparing template=volume_confirmed_breakout expression=rank((((vwap - ts_max(vwap, 5)) / (1 + ts_std_dev(vwap, 5))) * ts_rank(adv20, 5)))
2026-03-21 05:02:13,766 | INFO | events | preparing template=fundamental_cross expression=rank((ts_rank(book_value, 20) - ts_rank(sales, 20)))
2026-03-21 05:02:45,097 | INFO | events | preparing template=fundamental_momentum_spread expression=zscore((ts_rank(vwap, 120) - ts_rank((ts_rank(vwap, 5) - ts_rank(vwap, 120)), 5)))
2026-03-21 05:05:24,608 | INFO | events | completed alpha_id=8392 status=complete sharpe=-0.3000 fitness=-0.0600
2026-03-21 05:05:30,315 | INFO | events | preparing template=volume_confirmed_breakout expression=zscore((((vwap - ts_max(vwap, 40)) / (1 + ts_std_dev(vwap, 40))) * ts_rank(volume, 40)))
2026-03-21 05:06:19,406 | INFO | events | preparing template=quality_efficiency expression=rank((ts_rank((sales / (1 + eps)), 120) - ts_rank((eps / (1 + sales)), 120)))
2026-03-21 05:17:39,946 | INFO | events | preparing template=fundamental_momentum_spread expression=zscore((ts_rank(eps, 20) - ts_rank((ts_rank(sales, 120) - ts_rank(sales, 20)), 120)))
2026-03-21 05:20:03,772 | INFO | events | completed alpha_id=8598 status=complete sharpe=-0.0000 fitness=-0.0000
2026-03-21 05:21:14,141 | INFO | events | preparing template=price_volume_divergence expression=ts_decay_linear((ts_delta(close, 60) - ts_decay_linear(ts_delta(close, 60), 5)), 60)
2026-03-21 05:22:34,740 | INFO | events | completed alpha_id=8767 status=complete sharpe=-0.8000 fitness=-0.5500
2026-03-21 05:22:40,726 | INFO | events | preparing template=acceleration expression=rank((ts_delta(adv60, 10) - ts_delta(adv60, 20)))
2026-03-21 05:22:54,581 | INFO | events | preparing template=fundamental_momentum_spread expression=rank((ts_rank(cashflow, 60) - ts_rank((ts_rank(adv20, 10) - ts_rank(adv20, 60)), 10)))
2026-03-21 05:24:15,213 | INFO | events | completed alpha_id=8797 status=complete sharpe=-0.1200 fitness=-0.0100
2026-03-21 05:24:21,190 | INFO | events | preparing template=volume_confirmed_breakout expression=ts_rank((((close - ts_max(close, 40)) / (1 + ts_std_dev(close, 40))) * ts_rank(adv60, 40)), 40)
2026-03-21 05:24:28,416 | INFO | events | preparing template=price_volume_divergence expression=zscore((ts_delta(volume, 60) - ts_decay_linear(ts_delta(eps, 60), 3)))
2026-03-21 05:35:19,555 | INFO | events | preparing template=fundamental_momentum_spread expression=ts_rank((ts_rank(eps, 60) - ts_rank((ts_rank(vwap, 120) - ts_rank(vwap, 60)), 120)), 120)
2026-03-21 05:37:48,229 | INFO | events | completed alpha_id=8852 status=complete sharpe=-0.6700 fitness=-0.2400
2026-03-21 05:38:30,221 | INFO | events | preparing template=volatility_reversion expression=ts_decay_linear(((vwap - ts_mean(vwap, 120)) / (1 + ts_std_dev(vwap, 120))), 120)
2026-03-21 05:40:48,914 | INFO | events | completed alpha_id=8957 status=complete sharpe=-0.0500 fitness=-0.0100
2026-03-21 05:41:19,220 | INFO | events | preparing template=fundamental_momentum_spread expression=rank((ts_rank(cashflow, 60) - ts_rank((ts_rank(eps, 10) - ts_rank(eps, 60)), 10)))
2026-03-21 05:42:36,018 | INFO | events | completed alpha_id=9037 status=complete sharpe=-0.6000 fitness=-0.2100
2026-03-21 05:42:42,093 | INFO | events | preparing template=fundamental_cross expression=rank((ts_rank(cashflow, 20) - ts_rank(book_value, 20)))
2026-03-21 05:43:12,992 | INFO | events | preparing template=quality_value expression=zscore((ts_rank((close / (1 + sales)), 60) - ts_rank(sales, 60)))
2026-03-21 05:45:48,252 | INFO | events | completed alpha_id=9122 status=complete sharpe=-0.9100 fitness=-0.4900
2026-03-21 05:46:24,248 | INFO | events | preparing template=acceleration expression=zscore((ts_delta(cashflow, 20) - ts_delta(cashflow, 60)))
2026-03-21 05:47:56,711 | INFO | events | completed alpha_id=9213 status=complete sharpe=-0.0200 fitness=-0.0000
2026-03-21 05:48:14,809 | INFO | events | preparing template=fundamental_cross expression=zscore((ts_rank(cashflow, 20) - ts_rank(sales, 20)))
2026-03-21 05:50:07,401 | INFO | events | completed alpha_id=9262 status=complete sharpe=0.6800 fitness=0.2600
2026-03-21 05:50:37,262 | INFO | events | preparing template=price_volume_divergence expression=ts_rank((ts_delta(returns, 120) - ts_decay_linear(ts_delta(close, 120), 3)), 120)
2026-03-21 05:51:57,893 | INFO | events | completed alpha_id=9337 status=complete sharpe=0.5800 fitness=0.3400
2026-03-21 05:53:21,435 | INFO | events | preparing template=fundamental_momentum_spread expression=zscore((ts_rank(vwap, 20) - ts_rank((ts_rank(vwap, 60) - ts_rank(vwap, 20)), 60)))
2026-03-21 05:54:40,053 | INFO | events | completed alpha_id=9543 status=complete sharpe=-1.2100 fitness=-0.5300
2026-03-21 05:56:28,029 | INFO | events | preparing template=fundamental_momentum_spread expression=ts_rank((ts_rank(eps, 20) - ts_rank((ts_rank(vwap, 5) - ts_rank(vwap, 20)), 5)), 5)
2026-03-21 05:57:54,014 | INFO | events | completed alpha_id=9813 status=complete sharpe=-0.4500 fitness=-0.0700
2026-03-21 05:58:06,115 | INFO | events | preparing template=price_volume_divergence expression=zscore((ts_delta(low, 20) - ts_decay_linear(ts_delta(vwap, 20), 3)))
2026-03-21 05:59:28,379 | INFO | events | completed alpha_id=9848 status=complete sharpe=-0.9200 fitness=-0.2400
2026-03-21 05:59:46,043 | INFO | events | preparing template=quality_value expression=zscore((ts_rank((eps / (1 + close)), 120) - ts_rank(close, 120)))
2026-03-21 06:10:59,199 | INFO | events | preparing template=acceleration expression=rank((ts_delta(sales, 10) - ts_delta(sales, 20)))
2026-03-21 06:12:25,727 | INFO | events | completed alpha_id=9968 status=complete sharpe=0.3700 fitness=0.0900
2026-03-21 06:12:37,678 | INFO | events | preparing template=quality_value expression=zscore((ts_rank((eps / (1 + vwap)), 60) - ts_rank(vwap, 60)))
2026-03-21 06:23:46,191 | INFO | events | preparing template=quality_efficiency expression=zscore((ts_rank((operating_margin / (1 + cashflow)), 120) - ts_rank((cashflow / (1 + operating_margin)), 120)))
2026-03-21 06:24:35,770 | INFO | events | preparing template=mean_reversion expression=rank(group_neutralize((returns - ts_mean(returns, 10)), subindustry))
2026-03-21 06:26:43,462 | INFO | events | completed alpha_id=10193 status=complete sharpe=-1.1200 fitness=-0.3000
2026-03-21 06:27:43,116 | INFO | events | preparing template=fundamental_momentum_spread expression=rank((ts_rank(book_value, 60) - ts_rank((ts_rank(sales, 10) - ts_rank(sales, 60)), 10)))
2026-03-21 06:28:25,832 | INFO | events | preparing template=acceleration expression=rank((ts_delta(book_value, 10) - ts_delta(book_value, 60)))
2026-03-21 06:28:45,055 | INFO | events | preparing template=fundamental_momentum_spread expression=zscore((ts_rank(cashflow, 60) - ts_rank((ts_rank(vwap, 10) - ts_rank(vwap, 60)), 10)))
2026-03-21 06:30:16,067 | INFO | events | completed alpha_id=10478 status=complete sharpe=1.5800 fitness=0.5700
2026-03-21 06:31:33,580 | INFO | events | preparing template=mean_reversion expression=rank(group_neutralize((close - ts_mean(close, 10)), sector))
2026-03-21 06:32:59,586 | INFO | events | completed alpha_id=10667 status=complete sharpe=-1.6700 fitness=-0.9100
2026-03-21 06:33:35,736 | INFO | events | preparing template=fundamental_momentum_spread expression=zscore((ts_rank(returns, 60) - ts_rank((ts_rank(sales, 5) - ts_rank(sales, 60)), 5)))
2026-03-21 06:35:01,522 | INFO | events | completed alpha_id=10758 status=complete sharpe=-1.3800 fitness=-0.4600
2026-03-21 06:35:25,199 | INFO | events | preparing template=fundamental_momentum_spread expression=rank((ts_rank(cashflow, 60) - ts_rank((ts_rank(operating_margin, 10) - ts_rank(operating_margin, 60)), 10)))
2026-03-21 06:35:32,789 | INFO | events | preparing template=fundamental_momentum_spread expression=ts_rank((ts_rank(book_value, 120) - ts_rank((ts_rank(close, 60) - ts_rank(close, 120)), 60)), 60)
2026-03-21 06:35:39,681 | INFO | events | preparing template=fundamental_momentum_spread expression=zscore((ts_rank(close, 40) - ts_rank((ts_rank(returns, 5) - ts_rank(returns, 40)), 5)))
2026-03-21 06:37:15,168 | INFO | events | completed alpha_id=10847 status=complete sharpe=-1.1100 fitness=-0.3400
2026-03-21 06:37:57,201 | INFO | events | preparing template=acceleration expression=ts_rank((ts_delta(low, 10) - ts_delta(low, 5)), 10)
2026-03-21 06:40:17,902 | INFO | events | completed alpha_id=10953 status=complete sharpe=0.1600 fitness=0.0200
2026-03-21 06:40:48,016 | INFO | events | preparing template=volume_confirmed_breakout expression=zscore((((returns - ts_max(returns, 10)) / (1 + ts_std_dev(returns, 10))) * ts_rank(adv60, 10)))
2026-03-21 06:42:11,596 | INFO | events | preparing template=fundamental_momentum_spread expression=ts_rank((ts_rank(returns, 60) - ts_rank((ts_rank(vwap, 5) - ts_rank(vwap, 60)), 5)), 5)
2026-03-21 06:43:32,294 | INFO | events | completed alpha_id=11213 status=complete sharpe=-1.1400 fitness=-0.2400
2026-03-21 06:43:44,063 | INFO | events | preparing template=acceleration expression=rank((ts_delta(cashflow, 60) - ts_delta(cashflow, 40)))
2026-03-21 06:45:19,706 | INFO | events | completed alpha_id=11238 status=complete sharpe=-0.1000 fitness=-0.0200
2026-03-21 06:45:25,663 | INFO | events | preparing template=momentum expression=rank((ts_rank(close, 10) - ts_rank(close, 60)))
2026-03-21 06:46:51,659 | INFO | events | completed alpha_id=11252 status=complete sharpe=-1.0100 fitness=-0.3800
2026-03-21 06:46:51,937 | INFO | events | preparing template=acceleration expression=zscore((ts_delta(returns, 120) - ts_delta(returns, 60)))
2026-03-21 06:48:27,777 | INFO | events | completed alpha_id=11257 status=complete sharpe=-0.9300 fitness=-0.2500
2026-03-21 06:48:57,559 | INFO | events | preparing template=quality_efficiency expression=ts_rank((ts_rank((cashflow / (1 + close)), 60) - ts_rank((close / (1 + cashflow)), 60)), 60)
2026-03-21 06:49:09,743 | INFO | events | preparing template=acceleration expression=zscore((ts_delta(high, 40) - ts_delta(high, 20)))
2026-03-21 06:50:35,584 | INFO | events | completed alpha_id=11358 status=complete sharpe=-0.0500 fitness=-0.0100
2026-03-21 06:50:41,831 | INFO | events | preparing template=breakout expression=rank(((low - ts_min(low, 60)) / (1 + (ts_max(low, 60) - ts_min(low, 60)))))
2026-03-21 06:50:54,989 | INFO | events | preparing template=quality_value expression=zscore((ts_rank((returns / (1 + close)), 10) - ts_rank(close, 10)))
2026-03-21 07:01:49,848 | INFO | events | preparing template=volatility_reversion expression=zscore(((eps - ts_mean(eps, 120)) / (1 + ts_std_dev(eps, 120))))
2026-03-21 07:03:15,988 | INFO | events | completed alpha_id=11437 status=complete sharpe=0.0800 fitness=0.0100
2026-03-21 07:04:52,187 | INFO | events | preparing template=quality_value expression=rank((ts_rank((returns / (1 + close)), 5) - ts_rank(close, 5)))
2026-03-21 07:15:34,393 | INFO | events | preparing template=price_volume_divergence expression=zscore((ts_delta(returns, 5) - ts_decay_linear(ts_delta(sales, 5), 3)))
2026-03-21 07:26:53,077 | INFO | events | preparing template=liquidity_reversal expression=rank(group_neutralize(((returns - ts_mean(returns, 40)) / (1 + ts_rank(adv60, 40))), subindustry))
2026-03-21 07:28:05,733 | INFO | events | preparing template=momentum expression=rank((ts_rank(close, 20) - ts_rank(close, 120)))
2026-03-21 07:29:26,365 | INFO | events | completed alpha_id=11912 status=complete sharpe=-0.7600 fitness=-0.3200
2026-03-21 07:31:08,519 | INFO | events | preparing template=fundamental_momentum_spread expression=zscore((ts_rank(eps, 20) - ts_rank((ts_rank(returns, 120) - ts_rank(returns, 20)), 120)))
2026-03-21 07:32:24,319 | INFO | events | completed alpha_id=12168 status=complete sharpe=0.4600 fitness=0.0700
2026-03-21 07:33:12,640 | INFO | events | preparing template=mean_reversion expression=rank(group_neutralize((vwap - ts_mean(vwap, 10)), sector))
2026-03-21 07:34:35,766 | INFO | events | completed alpha_id=12293 status=complete sharpe=-1.6000 fitness=-0.8900
2026-03-21 07:34:53,551 | INFO | events | preparing template=fundamental_momentum_spread expression=zscore((ts_rank(close, 60) - ts_rank((ts_rank(adv20, 5) - ts_rank(adv20, 60)), 5)))
2026-03-21 07:36:14,324 | INFO | events | completed alpha_id=12333 status=complete sharpe=-0.9300 fitness=-0.3200
2026-03-21 07:37:38,609 | INFO | events | preparing template=momentum expression=ts_rank((ts_rank(vwap, 20) - ts_rank(vwap, 60)), 20)
2026-03-21 07:38:58,199 | INFO | events | completed alpha_id=12548 status=complete sharpe=-1.3100 fitness=-0.5000
2026-03-21 07:39:10,197 | INFO | events | preparing template=fundamental_momentum_spread expression=ts_rank((ts_rank(book_value, 120) - ts_rank((ts_rank(vwap, 60) - ts_rank(vwap, 120)), 60)), 60)
2026-03-21 07:39:53,760 | INFO | events | preparing template=fundamental_momentum_spread expression=rank((ts_rank(returns, 60) - ts_rank((ts_rank(operating_margin, 10) - ts_rank(operating_margin, 60)), 10)))
2026-03-21 07:42:12,715 | INFO | events | preparing template=liquidity_reversal expression=rank(group_neutralize(((vwap - ts_mean(vwap, 20)) / (1 + ts_rank(adv60, 20))), industry))
2026-03-21 07:42:24,946 | INFO | events | preparing template=price_volume_divergence expression=rank((ts_delta(sales, 60) - ts_decay_linear(ts_delta(vwap, 60), 3)))
2026-03-21 07:53:20,688 | INFO | events | preparing template=liquidity_reversal expression=zscore(group_neutralize(((close - ts_mean(close, 20)) / (1 + ts_rank(volume, 20))), subindustry))
2026-03-21 07:55:19,112 | INFO | events | completed alpha_id=13043 status=complete sharpe=-1.1000 fitness=-0.5400
2026-03-21 07:55:38,523 | INFO | events | preparing template=price_volume_divergence expression=rank((ts_delta(eps, 120) - ts_decay_linear(ts_delta(operating_margin, 120), 3)))
2026-03-21 07:56:00,954 | INFO | events | preparing template=fundamental_momentum_spread expression=rank((ts_rank(close, 20) - ts_rank((ts_rank(close, 120) - ts_rank(close, 20)), 120)))
2026-03-21 07:57:15,133 | INFO | events | completed alpha_id=13127 status=complete sharpe=-1.3200 fitness=-0.6100
2026-03-21 07:57:27,529 | INFO | events | preparing template=price_volume_divergence expression=zscore((ts_delta(cashflow, 10) - ts_decay_linear(ts_delta(close, 10), 3)))
2026-03-21 08:08:28,715 | INFO | events | preparing template=fundamental_momentum_spread expression=rank((ts_rank(operating_margin, 120) - ts_rank((ts_rank(returns, 20) - ts_rank(returns, 120)), 20)))
2026-03-21 08:09:11,059 | INFO | events | preparing template=fundamental_momentum_spread expression=rank((ts_rank(vwap, 60) - ts_rank((ts_rank(eps, 40) - ts_rank(eps, 60)), 40)))
2026-03-21 08:10:29,114 | INFO | events | completed alpha_id=13292 status=complete sharpe=-0.5000 fitness=-0.2200
2026-03-21 08:11:11,561 | INFO | events | preparing template=volume_confirmed_breakout expression=rank((((returns - ts_max(returns, 60)) / (1 + ts_std_dev(returns, 60))) * ts_rank(adv20, 60)))
2026-03-21 08:11:49,699 | INFO | events | preparing template=volume_confirmed_breakout expression=ts_rank((((returns - ts_max(returns, 60)) / (1 + ts_std_dev(returns, 60))) * ts_rank(vwap, 60)), 60)
2026-03-21 08:12:02,295 | INFO | events | preparing template=price_volume_divergence expression=ts_decay_linear((ts_delta(eps, 120) - ts_decay_linear(ts_delta(vwap, 120), 3)), 120)
2026-03-21 08:22:59,694 | INFO | events | preparing template=range_reversion expression=rank(((close - ts_mean(close, 20)) / (1 + (ts_max(close, 20) - ts_min(close, 20)))))
2026-03-21 08:23:42,175 | INFO | events | preparing template=fundamental_momentum_spread expression=zscore((ts_rank(returns, 60) - ts_rank((ts_rank(cashflow, 10) - ts_rank(cashflow, 60)), 10)))
2026-03-21 08:24:57,718 | INFO | events | completed alpha_id=13653 status=complete sharpe=-1.6600 fitness=-0.5300
2026-03-21 08:25:03,790 | INFO | events | preparing template=quality_value expression=rank((ts_rank((vwap / (1 + operating_margin)), 5) - ts_rank(operating_margin, 5)))
2026-03-21 08:25:31,244 | INFO | events | preparing template=quality_efficiency expression=ts_rank((ts_rank((cashflow / (1 + sales)), 20) - ts_rank((sales / (1 + cashflow)), 20)), 20)
2026-03-21 08:27:12,941 | INFO | events | completed alpha_id=13728 status=complete sharpe=0.8400 fitness=0.2600
2026-03-21 08:27:47,646 | INFO | events | preparing template=mean_reversion expression=zscore(group_neutralize((vwap - ts_mean(vwap, 10)), subindustry))
2026-03-21 08:29:39,871 | INFO | events | completed alpha_id=13808 status=complete sharpe=-1.2200 fitness=-0.5500
2026-03-21 08:30:19,980 | INFO | events | preparing template=price_volume_divergence expression=rank((ts_delta(low, 10) - ts_decay_linear(ts_delta(vwap, 10), 5)))
2026-03-21 08:31:58,705 | INFO | events | completed alpha_id=13892 status=complete sharpe=-1.2300 fitness=-0.3800
2026-03-21 08:33:16,150 | INFO | events | preparing template=price_volume_divergence expression=rank((ts_delta(returns, 5) - ts_decay_linear(ts_delta(sales, 5), 3)))
2026-03-21 08:44:01,543 | INFO | events | preparing template=price_volume_divergence expression=rank((ts_delta(returns, 60) - ts_decay_linear(ts_delta(adv20, 60), 3)))
2026-03-21 08:56:02,392 | INFO | events | preparing template=quality_efficiency expression=zscore((ts_rank((operating_margin / (1 + eps)), 20) - ts_rank((eps / (1 + operating_margin)), 20)))
2026-03-21 08:56:24,479 | INFO | events | preparing template=price_volume_divergence expression=ts_decay_linear((ts_delta(vwap, 60) - ts_decay_linear(ts_delta(adv20, 60), 10)), 60)
2026-03-21 09:08:22,341 | INFO | events | preparing template=volatility_reversion expression=ts_rank(((book_value - ts_mean(book_value, 20)) / (1 + ts_std_dev(book_value, 20))), 20)
2026-03-21 09:09:17,003 | INFO | events | preparing template=liquidity_reversal expression=rank(group_neutralize(((close - ts_mean(close, 40)) / (1 + ts_rank(volume, 40))), industry))
2026-03-21 09:10:53,237 | INFO | events | completed alpha_id=14552 status=complete sharpe=-1.1800 fitness=-0.7600
2026-03-21 09:11:17,730 | INFO | events | preparing template=fundamental_momentum_spread expression=rank((ts_rank(vwap, 20) - ts_rank((ts_rank(returns, 10) - ts_rank(returns, 20)), 10)))
2026-03-21 09:12:48,838 | INFO | events | completed alpha_id=14618 status=complete sharpe=-1.1400 fitness=-0.3600
2026-03-21 09:13:00,478 | INFO | events | preparing template=range_reversion expression=zscore(((returns - ts_mean(returns, 40)) / (1 + (ts_max(returns, 40) - ts_min(returns, 40)))))
2026-03-21 09:13:31,364 | INFO | events | preparing template=fundamental_momentum_spread expression=ts_rank((ts_rank(cashflow, 40) - ts_rank((ts_rank(close, 20) - ts_rank(close, 40)), 20)), 20)
2026-03-21 09:16:31,085 | INFO | events | completed alpha_id=14707 status=complete sharpe=1.6600 fitness=0.6100
2026-03-21 09:18:49,837 | INFO | events | preparing template=acceleration expression=ts_rank((ts_delta(sales, 10) - ts_delta(sales, 20)), 10)
2026-03-21 09:22:05,836 | INFO | events | completed alpha_id=15047 status=complete sharpe=0.5800 fitness=0.1400
2026-03-21 09:22:30,201 | INFO | events | preparing template=fundamental_momentum_spread expression=ts_rank((ts_rank(returns, 60) - ts_rank((ts_rank(adv60, 10) - ts_rank(adv60, 60)), 10)), 10)
2026-03-21 09:22:58,327 | INFO | events | preparing template=liquidity_reversal expression=rank(group_neutralize(((close - ts_mean(close, 40)) / (1 + ts_rank(adv20, 40))), subindustry))
2026-03-21 09:25:08,907 | INFO | events | completed alpha_id=15123 status=complete sharpe=-1.4100 fitness=-0.8900
2026-03-21 09:25:09,187 | INFO | events | preparing template=acceleration expression=zscore((ts_delta(operating_margin, 60) - ts_delta(operating_margin, 20)))
2026-03-21 09:25:34,832 | INFO | events | preparing template=fundamental_momentum_spread expression=ts_rank((ts_rank(cashflow, 20) - ts_rank((ts_rank(sales, 10) - ts_rank(sales, 20)), 10)), 10)
2026-03-21 09:27:05,989 | INFO | events | completed alpha_id=15182 status=complete sharpe=0.5400 fitness=0.1300
2026-03-21 09:27:30,543 | INFO | events | preparing template=momentum expression=rank((ts_rank(vwap, 10) - ts_rank(vwap, 20)))
2026-03-21 09:29:29,853 | INFO | events | completed alpha_id=15247 status=complete sharpe=-1.1700 fitness=-0.3800
2026-03-21 09:30:00,189 | INFO | events | preparing template=mean_reversion expression=zscore(group_neutralize((book_value - ts_mean(book_value, 10)), sector))
2026-03-21 09:30:21,032 | INFO | events | preparing template=price_volume_divergence expression=zscore((ts_delta(cashflow, 60) - ts_decay_linear(ts_delta(volume, 60), 3)))
2026-03-21 09:42:29,916 | INFO | events | preparing template=price_volume_divergence expression=rank((ts_delta(sales, 60) - ts_decay_linear(ts_delta(cashflow, 60), 3)))
2026-03-21 09:44:19,432 | INFO | events | completed alpha_id=15563 status=complete sharpe=0.0500 fitness=0.0100
2026-03-21 09:46:06,297 | INFO | events | preparing template=fundamental_momentum_spread expression=ts_rank((ts_rank(close, 60) - ts_rank((ts_rank(vwap, 120) - ts_rank(vwap, 60)), 120)), 120)
2026-03-21 09:47:29,666 | INFO | events | completed alpha_id=15813 status=complete sharpe=-1.1700 fitness=-0.5800
2026-03-21 09:47:41,961 | INFO | events | preparing template=liquidity_reversal expression=zscore(group_neutralize(((returns - ts_mean(returns, 10)) / (1 + ts_rank(adv20, 10))), subindustry))
2026-03-21 09:48:57,441 | INFO | events | completed alpha_id=15848 status=complete sharpe=-1.0000 fitness=-0.2900
2026-03-21 09:49:09,170 | INFO | events | preparing template=mean_reversion expression=rank(group_neutralize((returns - ts_mean(returns, 10)), industry))
2026-03-21 09:50:19,332 | INFO | events | completed alpha_id=15873 status=complete sharpe=-1.0300 fitness=-0.2900
2026-03-21 09:50:19,624 | INFO | events | preparing template=fundamental_momentum_spread expression=ts_rank((ts_rank(book_value, 120) - ts_rank((ts_rank(returns, 10) - ts_rank(returns, 120)), 10)), 10)
2026-03-21 09:51:33,855 | INFO | events | preparing template=price_volume_divergence expression=ts_rank((ts_delta(close, 5) - ts_decay_linear(ts_delta(adv20, 5), 3)), 5)
2026-03-21 10:02:27,910 | INFO | events | preparing template=fundamental_momentum_spread expression=rank((ts_rank(cashflow, 60) - ts_rank((ts_rank(sales, 120) - ts_rank(sales, 60)), 120)))
2026-03-21 10:03:38,100 | INFO | events | completed alpha_id=16083 status=complete sharpe=0.2100 fitness=0.0500
2026-03-21 10:03:44,432 | INFO | events | preparing template=price_volume_divergence expression=zscore((ts_delta(cashflow, 60) - ts_decay_linear(ts_delta(vwap, 60), 3)))
2026-03-21 10:14:37,585 | INFO | events | preparing template=fundamental_momentum_spread expression=zscore((ts_rank(book_value, 60) - ts_rank((ts_rank(vwap, 10) - ts_rank(vwap, 60)), 10)))
2026-03-21 10:17:09,402 | INFO | events | preparing template=quality_efficiency expression=ts_rank((ts_rank((eps / (1 + cashflow)), 60) - ts_rank((cashflow / (1 + eps)), 60)), 60)
2026-03-21 10:28:43,620 | INFO | events | preparing template=quality_efficiency expression=rank((ts_rank((operating_margin / (1 + cashflow)), 20) - ts_rank((cashflow / (1 + operating_margin)), 20)))
2026-03-21 10:30:33,168 | INFO | events | preparing template=quality_value expression=ts_rank((ts_rank((sales / (1 + operating_margin)), 5) - ts_rank(operating_margin, 5)), 5)
2026-03-21 10:30:39,699 | INFO | events | preparing template=volume_confirmed_breakout expression=rank((((returns - ts_max(returns, 20)) / (1 + ts_std_dev(returns, 20))) * ts_rank(adv60, 20)))
2026-03-21 10:32:55,830 | INFO | events | preparing template=liquidity_reversal expression=zscore(group_neutralize(((vwap - ts_mean(vwap, 10)) / (1 + ts_rank(adv60, 10))), industry))
2026-03-21 10:33:51,003 | INFO | events | preparing template=price_volume_divergence expression=zscore((ts_delta(returns, 20) - ts_decay_linear(ts_delta(volume, 20), 3)))
2026-03-21 10:44:30,762 | INFO | events | preparing template=liquidity_reversal expression=zscore(group_neutralize(((returns - ts_mean(returns, 40)) / (1 + ts_rank(adv60, 40))), sector))
2026-03-21 10:46:27,371 | INFO | events | preparing template=fundamental_momentum_spread expression=zscore((ts_rank(eps, 120) - ts_rank((ts_rank(close, 20) - ts_rank(close, 120)), 20)))
2026-03-21 10:48:20,304 | INFO | events | completed alpha_id=17567 status=complete sharpe=1.2100 fitness=0.4700
2026-03-21 10:53:04,479 | INFO | events | preparing template=fundamental_momentum_spread expression=zscore((ts_rank(high, 60) - ts_rank((ts_rank(volume, 10) - ts_rank(volume, 60)), 10)))
2026-03-21 10:54:59,207 | INFO | events | completed alpha_id=18262 status=complete sharpe=-0.8400 fitness=-0.2500
2026-03-21 10:55:35,696 | INFO | events | preparing template=acceleration expression=zscore((ts_delta(close, 120) - ts_delta(close, 60)))
2026-03-21 10:56:56,396 | INFO | events | completed alpha_id=18353 status=complete sharpe=0.0200 fitness=0.0000
2026-03-21 10:57:23,273 | INFO | events | preparing template=fundamental_momentum_spread expression=ts_decay_linear((ts_rank(returns, 20) - ts_rank((ts_rank(close, 120) - ts_rank(close, 20)), 120)), 120)
2026-03-21 10:59:46,562 | INFO | events | completed alpha_id=18412 status=complete sharpe=-0.1600 fitness=-0.0500
2026-03-21 11:02:18,663 | INFO | events | preparing template=fundamental_cross expression=rank((ts_rank(eps, 120) - ts_rank(sales, 120)))
2026-03-21 11:04:47,804 | INFO | events | completed alpha_id=18783 status=complete sharpe=0.3300 fitness=0.1000
2026-03-21 11:05:10,494 | INFO | events | preparing template=acceleration expression=rank((ts_delta(vwap, 10) - ts_delta(vwap, 5)))
2026-03-21 11:06:25,928 | INFO | events | completed alpha_id=18832 status=complete sharpe=-0.3000 fitness=-0.0600
2026-03-21 11:07:12,120 | INFO | events | preparing template=quality_value expression=zscore((ts_rank((vwap / (1 + adv20)), 20) - ts_rank(adv20, 20)))
2026-03-21 11:19:31,339 | INFO | events | preparing template=fundamental_momentum_spread expression=ts_rank((ts_rank(sales, 60) - ts_rank((ts_rank(close, 20) - ts_rank(close, 60)), 20)), 20)
2026-03-21 11:20:57,271 | INFO | events | completed alpha_id=19188 status=complete sharpe=1.6100 fitness=0.5900
2026-03-21 11:21:27,902 | INFO | events | preparing template=fundamental_cross expression=rank((ts_rank(eps, 120) - ts_rank(operating_margin, 120)))
2026-03-21 11:21:29,517 | INFO | events | preparing template=quality_value expression=zscore((ts_rank((book_value / (1 + eps)), 120) - ts_rank(eps, 120)))
2026-03-21 11:21:43,124 | INFO | events | preparing template=fundamental_cross expression=rank((ts_rank(book_value, 20) - ts_rank(eps, 20)))
2026-03-21 11:24:31,172 | INFO | events | preparing template=price_volume_divergence expression=zscore((ts_delta(vwap, 20) - ts_decay_linear(ts_delta(vwap, 20), 5)))
2026-03-21 11:26:22,526 | INFO | events | completed alpha_id=19687 status=complete sharpe=-0.7800 fitness=-0.2300
2026-03-21 11:26:46,710 | INFO | events | preparing template=fundamental_momentum_spread expression=rank((ts_rank(book_value, 20) - ts_rank((ts_rank(returns, 10) - ts_rank(returns, 20)), 10)))
2026-03-21 11:30:50,487 | INFO | events | preparing template=fundamental_momentum_spread expression=zscore((ts_rank(low, 60) - ts_rank((ts_rank(volume, 5) - ts_rank(volume, 60)), 5)))
2026-03-21 11:33:16,888 | INFO | events | completed alpha_id=20327 status=complete sharpe=-1.0200 fitness=-0.3000
2026-03-21 11:33:29,428 | INFO | events | preparing template=quality_value expression=rank((ts_rank((book_value / (1 + sales)), 120) - ts_rank(sales, 120)))
2026-03-21 11:33:49,002 | INFO | events | preparing template=fundamental_momentum_spread expression=ts_rank((ts_rank(vwap, 60) - ts_rank((ts_rank(sales, 5) - ts_rank(sales, 60)), 5)), 5)
2026-03-21 11:36:17,280 | INFO | events | completed alpha_id=20407 status=complete sharpe=-1.4000 fitness=-0.4500
2026-03-21 11:36:53,536 | INFO | events | preparing template=range_reversion expression=rank(((returns - ts_mean(returns, 10)) / (1 + (ts_max(returns, 10) - ts_min(returns, 10)))))
2026-03-21 11:37:36,759 | INFO | events | preparing template=acceleration expression=rank((ts_delta(operating_margin, 10) - ts_delta(operating_margin, 20)))
2026-03-21 11:37:55,757 | INFO | events | preparing template=fundamental_momentum_spread expression=ts_decay_linear((ts_rank(cashflow, 40) - ts_rank((ts_rank(close, 120) - ts_rank(close, 40)), 120)), 120)
2026-03-21 11:39:11,366 | INFO | events | completed alpha_id=20618 status=complete sharpe=0.0000 fitness=0.0000
2026-03-21 11:39:54,213 | INFO | events | preparing template=acceleration expression=zscore((ts_delta(sales, 120) - ts_delta(sales, 20)))
2026-03-21 11:41:36,746 | INFO | events | completed alpha_id=20722 status=complete sharpe=0.3800 fitness=0.1900
2026-03-21 11:42:12,319 | INFO | events | preparing template=breakout expression=rank(((high - ts_min(high, 40)) / (1 + (ts_max(high, 40) - ts_min(high, 40)))))
2026-03-21 11:42:37,222 | INFO | events | preparing template=fundamental_momentum_spread expression=zscore((ts_rank(close, 20) - ts_rank((ts_rank(sales, 120) - ts_rank(sales, 20)), 120)))
2026-03-21 11:43:56,986 | INFO | events | completed alpha_id=20842 status=complete sharpe=-1.1100 fitness=-0.5300
2026-03-21 11:44:27,585 | INFO | events | preparing template=quality_value expression=rank((ts_rank((cashflow / (1 + operating_margin)), 120) - ts_rank(operating_margin, 120)))
2026-03-21 11:44:39,796 | INFO | events | preparing template=liquidity_reversal expression=zscore(group_neutralize(((vwap - ts_mean(vwap, 5)) / (1 + ts_rank(adv20, 5))), industry))
2026-03-21 11:46:49,708 | INFO | events | completed alpha_id=20927 status=complete sharpe=-0.8400 fitness=-0.2900
2026-03-21 11:49:47,525 | INFO | events | preparing template=liquidity_reversal expression=rank(group_neutralize(((cashflow - ts_mean(cashflow, 10)) / (1 + ts_rank(adv20, 10))), subindustry))
2026-03-21 11:51:10,505 | INFO | events | completed alpha_id=21368 status=complete sharpe=0.7900 fitness=0.2700
2026-03-21 11:53:05,633 | INFO | events | preparing template=fundamental_cross expression=zscore((ts_rank(vwap, 10) - ts_rank(operating_margin, 10)))
2026-03-21 11:54:08,106 | INFO | events | preparing template=liquidity_reversal expression=rank(group_neutralize(((returns - ts_mean(returns, 10)) / (1 + ts_rank(volume, 10))), subindustry))
2026-03-21 11:55:36,886 | INFO | events | completed alpha_id=21787 status=complete sharpe=-1.1000 fitness=-0.2900
2026-03-21 11:55:55,233 | INFO | events | preparing template=mean_reversion expression=zscore(group_neutralize((returns - ts_mean(returns, 40)), subindustry))
2026-03-21 11:57:47,241 | INFO | events | completed alpha_id=21832 status=complete sharpe=-1.0300 fitness=-0.3300
2026-03-21 11:58:28,203 | INFO | events | preparing template=price_volume_divergence expression=rank((ts_delta(book_value, 120) - ts_decay_linear(ts_delta(vwap, 120), 3)))
2026-03-21 11:59:23,691 | INFO | events | preparing template=fundamental_momentum_spread expression=rank((ts_rank(low, 60) - ts_rank((ts_rank(book_value, 5) - ts_rank(book_value, 60)), 5)))
2026-03-21 11:59:59,692 | INFO | events | preparing template=acceleration expression=zscore((ts_delta(low, 10) - ts_delta(low, 5)))
2026-03-21 12:01:15,774 | INFO | events | completed alpha_id=22098 status=complete sharpe=-0.2200 fitness=-0.0400
2026-03-21 12:01:40,129 | INFO | events | preparing template=fundamental_momentum_spread expression=ts_rank((ts_rank(low, 60) - ts_rank((ts_rank(vwap, 5) - ts_rank(vwap, 60)), 5)), 5)
2026-03-21 12:03:30,530 | INFO | events | completed alpha_id=22157 status=complete sharpe=-0.7700 fitness=-0.1700
2026-03-21 12:05:08,713 | INFO | events | preparing template=acceleration expression=ts_rank((ts_delta(high, 40) - ts_delta(high, 5)), 40)
2026-03-21 12:08:24,927 | INFO | events | completed alpha_id=22402 status=complete sharpe=-0.0500 fitness=-0.0100
2026-03-21 12:08:49,399 | INFO | events | preparing template=fundamental_momentum_spread expression=rank((ts_rank(vwap, 20) - ts_rank((ts_rank(close, 5) - ts_rank(close, 20)), 5)))
2026-03-21 12:11:17,756 | INFO | events | completed alpha_id=22457 status=complete sharpe=-0.6300 fitness=-0.1700
2026-03-21 12:12:19,482 | INFO | events | preparing template=liquidity_reversal expression=rank(group_neutralize(((close - ts_mean(close, 5)) / (1 + ts_rank(adv20, 5))), sector))
2026-03-21 12:13:45,565 | INFO | events | completed alpha_id=22612 status=complete sharpe=-1.8600 fitness=-0.8500
2026-03-21 12:14:34,420 | INFO | events | preparing template=quality_value expression=zscore((ts_rank((returns / (1 + operating_margin)), 5) - ts_rank(operating_margin, 5)))
2026-03-21 12:15:05,892 | INFO | events | preparing template=volume_confirmed_breakout expression=rank((((high - ts_max(high, 60)) / (1 + ts_std_dev(high, 60))) * ts_rank(vwap, 60)))
2026-03-21 12:16:13,810 | INFO | events | preparing template=fundamental_momentum_spread expression=zscore((ts_rank(eps, 60) - ts_rank((ts_rank(close, 10) - ts_rank(close, 60)), 10)))
2026-03-21 12:17:47,366 | INFO | events | completed alpha_id=22943 status=complete sharpe=1.7100 fitness=0.6300
2026-03-21 12:18:54,849 | INFO | events | preparing template=liquidity_reversal expression=rank(group_neutralize(((close - ts_mean(close, 60)) / (1 + ts_rank(vwap, 60))), subindustry))
2026-03-21 12:20:05,179 | INFO | events | completed alpha_id=23107 status=complete sharpe=-1.3600 fitness=-0.9600
2026-03-21 12:20:23,482 | INFO | events | preparing template=quality_value expression=zscore((ts_rank((vwap / (1 + close)), 10) - ts_rank(close, 10)))
2026-03-21 12:31:05,145 | INFO | events | preparing template=liquidity_reversal expression=rank(group_neutralize(((vwap - ts_mean(vwap, 40)) / (1 + ts_rank(adv20, 40))), industry))
2026-03-21 12:32:36,248 | INFO | events | completed alpha_id=23162 status=complete sharpe=-1.1000 fitness=-0.7500
2026-03-21 12:32:54,999 | INFO | events | preparing template=fundamental_momentum_spread expression=rank((ts_rank(cashflow, 60) - ts_rank((ts_rank(close, 5) - ts_rank(close, 60)), 5)))
2026-03-21 12:35:02,773 | INFO | events | completed alpha_id=23213 status=complete sharpe=0.7600 fitness=0.1600
2026-03-21 12:36:04,222 | INFO | events | preparing template=fundamental_momentum_spread expression=rank((ts_rank(cashflow, 60) - ts_rank((ts_rank(book_value, 10) - ts_rank(book_value, 60)), 10)))
2026-03-21 12:40:09,354 | INFO | events | preparing template=price_volume_divergence expression=zscore((ts_delta(close, 5) - ts_decay_linear(ts_delta(vwap, 5), 3)))
2026-03-21 12:41:24,745 | INFO | events | completed alpha_id=23932 status=complete sharpe=-1.1700 fitness=-0.3600
2026-03-21 12:42:32,022 | INFO | events | preparing template=fundamental_momentum_spread expression=ts_rank((ts_rank(operating_margin, 60) - ts_rank((ts_rank(sales, 10) - ts_rank(sales, 60)), 10)), 10)
2026-03-21 12:42:54,306 | INFO | events | preparing template=quality_value expression=rank((ts_rank((close / (1 + sales)), 20) - ts_rank(sales, 20)))
2026-03-21 12:44:30,720 | INFO | events | completed alpha_id=24128 status=complete sharpe=-1.2600 fitness=-0.6000
2026-03-21 12:44:49,049 | INFO | events | preparing template=liquidity_reversal expression=zscore(group_neutralize(((returns - ts_mean(returns, 120)) / (1 + ts_rank(eps, 120))), industry))
2026-03-21 12:46:14,908 | INFO | events | completed alpha_id=24173 status=complete sharpe=-1.3000 fitness=-0.4900
2026-03-21 12:46:45,441 | INFO | events | preparing template=fundamental_momentum_spread expression=ts_rank((ts_rank(low, 60) - ts_rank((ts_rank(sales, 10) - ts_rank(sales, 60)), 10)), 10)
2026-03-21 12:49:25,792 | INFO | events | completed alpha_id=24242 status=complete sharpe=-1.2800 fitness=-0.4600
2026-03-21 12:50:39,462 | INFO | events | preparing template=quality_value expression=zscore((ts_rank((book_value / (1 + operating_margin)), 60) - ts_rank(operating_margin, 60)))
2026-03-21 12:51:22,996 | INFO | events | preparing template=fundamental_momentum_spread expression=ts_rank((ts_rank(book_value, 60) - ts_rank((ts_rank(returns, 20) - ts_rank(returns, 60)), 20)), 20)
2026-03-21 12:51:32,381 | INFO | events | preparing template=quality_efficiency expression=ts_rank((ts_rank((vwap / (1 + close)), 60) - ts_rank((close / (1 + vwap)), 60)), 60)
2026-03-21 13:02:09,473 | INFO | events | preparing template=fundamental_momentum_spread expression=rank((ts_rank(low, 60) - ts_rank((ts_rank(vwap, 10) - ts_rank(vwap, 60)), 10)))
2026-03-21 13:03:28,561 | INFO | events | completed alpha_id=24548 status=complete sharpe=0.1300 fitness=0.0200
2026-03-21 13:03:52,870 | INFO | events | preparing template=price_volume_divergence expression=rank((ts_delta(returns, 10) - ts_decay_linear(ts_delta(volume, 10), 3)))
2026-03-21 13:16:15,726 | INFO | events | preparing template=fundamental_momentum_spread expression=zscore((ts_rank(cashflow, 60) - ts_rank((ts_rank(adv20, 10) - ts_rank(adv20, 60)), 10)))
2026-03-21 13:17:36,850 | INFO | events | completed alpha_id=24858 status=complete sharpe=-0.0600 fitness=-0.0000
2026-03-21 13:19:09,506 | INFO | events | preparing template=quality_value expression=zscore((ts_rank((operating_margin / (1 + close)), 10) - ts_rank(close, 10)))
2026-03-21 13:21:14,191 | INFO | events | preparing template=fundamental_momentum_spread expression=rank((ts_rank(eps, 120) - ts_rank((ts_rank(returns, 60) - ts_rank(returns, 120)), 60)))
2026-03-21 13:22:28,441 | INFO | events | completed alpha_id=25383 status=complete sharpe=-0.0800 fitness=-0.0100
2026-03-21 13:22:53,285 | INFO | events | preparing template=acceleration expression=ts_decay_linear((ts_delta(vwap, 120) - ts_delta(vwap, 60)), 120)
2026-03-21 13:24:19,375 | INFO | events | completed alpha_id=25448 status=complete sharpe=-0.0900 fitness=-0.0300
2026-03-21 13:26:53,639 | INFO | events | preparing template=fundamental_momentum_spread expression=zscore((ts_rank(book_value, 20) - ts_rank((ts_rank(returns, 10) - ts_rank(returns, 20)), 10)))
2026-03-21 13:28:03,882 | INFO | events | preparing template=fundamental_momentum_spread expression=ts_rank((ts_rank(vwap, 20) - ts_rank((ts_rank(book_value, 10) - ts_rank(book_value, 20)), 10)), 10)
2026-03-21 13:28:55,367 | INFO | events | preparing template=acceleration expression=ts_rank((ts_delta(vwap, 60) - ts_delta(vwap, 40)), 60)
2026-03-21 13:30:21,419 | INFO | events | completed alpha_id=26087 status=complete sharpe=-0.9500 fitness=-0.3900
2026-03-21 13:30:52,378 | INFO | events | preparing template=quality_value expression=ts_rank((ts_rank((low / (1 + sales)), 120) - ts_rank(sales, 120)), 120)
2026-03-21 13:32:08,033 | INFO | events | completed alpha_id=26167 status=complete sharpe=-0.7400 fitness=-0.3200
2026-03-21 13:32:20,429 | INFO | events | preparing template=fundamental_momentum_spread expression=zscore((ts_rank(returns, 20) - ts_rank((ts_rank(sales, 10) - ts_rank(sales, 20)), 10)))
2026-03-21 13:34:38,721 | INFO | events | completed alpha_id=26198 status=complete sharpe=-1.5100 fitness=-0.4400
2026-03-21 13:35:46,056 | INFO | events | preparing template=fundamental_momentum_spread expression=rank((ts_rank(close, 60) - ts_rank((ts_rank(volume, 20) - ts_rank(volume, 60)), 20)))
2026-03-21 13:38:00,465 | INFO | events | completed alpha_id=26357 status=complete sharpe=-0.9200 fitness=-0.3100
2026-03-21 13:38:06,648 | INFO | events | preparing template=fundamental_cross expression=rank((ts_rank(returns, 10) - ts_rank(operating_margin, 10)))
2026-03-21 13:42:08,040 | INFO | events | preparing template=price_volume_divergence expression=ts_decay_linear((ts_delta(returns, 120) - ts_decay_linear(ts_delta(sales, 120), 3)), 120)
2026-03-21 13:54:16,485 | INFO | events | preparing template=acceleration expression=zscore((ts_delta(low, 120) - ts_delta(low, 60)))
2026-03-21 13:56:29,940 | INFO | events | completed alpha_id=27152 status=complete sharpe=0.0600 fitness=0.0100
2026-03-21 14:01:21,116 | INFO | events | preparing template=fundamental_momentum_spread expression=rank((ts_rank(vwap, 40) - ts_rank((ts_rank(vwap, 20) - ts_rank(vwap, 40)), 20)))
2026-03-21 14:03:13,415 | INFO | events | completed alpha_id=27857 status=complete sharpe=-0.0400 fitness=-0.0000
2026-03-21 14:04:09,605 | INFO | events | preparing template=quality_value expression=zscore((ts_rank((vwap / (1 + book_value)), 5) - ts_rank(book_value, 5)))
2026-03-21 14:04:29,801 | INFO | events | preparing template=price_volume_divergence expression=ts_decay_linear((ts_delta(cashflow, 20) - ts_decay_linear(ts_delta(vwap, 20), 3)), 20)
2026-03-21 14:15:58,650 | INFO | events | preparing template=liquidity_reversal expression=rank(group_neutralize(((vwap - ts_mean(vwap, 10)) / (1 + ts_rank(volume, 10))), industry))
2026-03-21 14:17:14,411 | INFO | events | completed alpha_id=28147 status=complete sharpe=-1.6200 fitness=-0.8900
2026-03-21 14:18:28,660 | INFO | events | preparing template=volume_confirmed_breakout expression=rank((((returns - ts_max(returns, 10)) / (1 + ts_std_dev(returns, 10))) * ts_rank(close, 10)))
2026-03-21 14:19:43,107 | INFO | events | preparing template=quality_efficiency expression=zscore((ts_rank((returns / (1 + sales)), 5) - ts_rank((sales / (1 + returns)), 5)))
2026-03-21 14:30:27,705 | INFO | events | preparing template=volatility_reversion expression=rank(((eps - ts_mean(eps, 60)) / (1 + ts_std_dev(eps, 60))))
2026-03-21 14:31:38,032 | INFO | events | completed alpha_id=28503 status=complete sharpe=0.2400 fitness=0.0600
2026-03-21 14:33:54,418 | INFO | events | preparing template=fundamental_momentum_spread expression=zscore((ts_rank(cashflow, 60) - ts_rank((ts_rank(book_value, 10) - ts_rank(book_value, 60)), 10)))
2026-03-21 14:45:05,337 | INFO | events | preparing template=breakout expression=ts_rank(((returns - ts_min(returns, 60)) / (1 + (ts_max(returns, 60) - ts_min(returns, 60)))), 60)
2026-03-21 14:47:52,271 | INFO | events | preparing template=fundamental_momentum_spread expression=ts_decay_linear((ts_rank(returns, 20) - ts_rank((ts_rank(vwap, 5) - ts_rank(vwap, 20)), 5)), 5)
2026-03-21 14:49:18,397 | INFO | events | completed alpha_id=30798 status=complete sharpe=-1.0000 fitness=-0.3500
2026-03-21 14:51:41,061 | INFO | events | preparing template=breakout expression=rank(((returns - ts_min(returns, 20)) / (1 + (ts_max(returns, 20) - ts_min(returns, 20)))))
2026-03-21 14:54:56,859 | INFO | events | preparing template=fundamental_momentum_spread expression=ts_decay_linear((ts_rank(cashflow, 60) - ts_rank((ts_rank(close, 10) - ts_rank(close, 60)), 10)), 10)
2026-03-21 14:56:38,611 | INFO | events | completed alpha_id=31448 status=complete sharpe=1.1500 fitness=0.5500
2026-03-21 14:59:20,225 | INFO | events | preparing template=quality_efficiency expression=ts_rank((ts_rank((returns / (1 + sales)), 20) - ts_rank((sales / (1 + returns)), 20)), 20)
2026-03-21 15:10:31,461 | INFO | events | preparing template=quality_value expression=rank((ts_rank((book_value / (1 + operating_margin)), 60) - ts_rank(operating_margin, 60)))
2026-03-21 15:17:27,098 | INFO | events | preparing template=fundamental_momentum_spread expression=zscore((ts_rank(vwap, 60) - ts_rank((ts_rank(eps, 10) - ts_rank(eps, 60)), 10)))
2026-03-21 15:18:47,734 | INFO | events | completed alpha_id=32882 status=complete sharpe=-0.8800 fitness=-0.4700
2026-03-21 15:22:05,512 | INFO | events | preparing template=quality_value expression=rank((ts_rank((cashflow / (1 + eps)), 120) - ts_rank(eps, 120)))
2026-03-21 15:35:12,743 | INFO | events | preparing template=liquidity_reversal expression=zscore(group_neutralize(((close - ts_mean(close, 20)) / (1 + ts_rank(adv20, 20))), industry))
2026-03-21 15:36:38,886 | INFO | events | completed alpha_id=33713 status=complete sharpe=-1.3900 fitness=-0.9000
2026-03-21 15:37:45,444 | INFO | events | preparing template=fundamental_momentum_spread expression=zscore((ts_rank(book_value, 120) - ts_rank((ts_rank(vwap, 20) - ts_rank(vwap, 120)), 20)))
2026-03-21 15:38:23,562 | INFO | events | preparing template=price_volume_divergence expression=ts_decay_linear((ts_delta(low, 60) - ts_decay_linear(ts_delta(vwap, 60), 10)), 60)
2026-03-21 15:39:49,552 | INFO | events | completed alpha_id=33938 status=complete sharpe=-0.3200 fitness=-0.1600
2026-03-21 15:42:01,453 | INFO | events | preparing template=quality_value expression=zscore((ts_rank((returns / (1 + eps)), 60) - ts_rank(eps, 60)))
2026-03-21 15:54:57,624 | INFO | events | preparing template=price_volume_divergence expression=ts_decay_linear((ts_delta(vwap, 10) - ts_decay_linear(ts_delta(vwap, 10), 10)), 10)
2026-03-21 15:56:44,676 | INFO | events | completed alpha_id=34567 status=complete sharpe=-0.4600 fitness=-0.1700
2026-03-21 15:57:47,381 | INFO | events | preparing template=fundamental_cross expression=zscore((ts_rank(cashflow, 60) - ts_rank(book_value, 60)))
2026-03-21 15:58:56,617 | INFO | events | preparing template=fundamental_cross expression=zscore((ts_rank(returns, 20) - ts_rank(sales, 20)))
2026-03-21 16:01:09,557 | INFO | events | completed alpha_id=34867 status=complete sharpe=-1.4500 fitness=-0.4200
2026-03-21 16:02:18,606 | INFO | events | preparing template=quality_efficiency expression=rank((ts_rank((returns / (1 + eps)), 20) - ts_rank((eps / (1 + returns)), 20)))
2026-03-21 16:15:22,452 | INFO | events | preparing template=fundamental_momentum_spread expression=zscore((ts_rank(vwap, 20) - ts_rank((ts_rank(cashflow, 5) - ts_rank(cashflow, 20)), 5)))
2026-03-21 16:16:47,708 | INFO | events | completed alpha_id=35388 status=complete sharpe=-1.1200 fitness=-0.5500
2026-03-21 16:17:44,641 | INFO | events | preparing template=liquidity_reversal expression=rank(group_neutralize(((returns - ts_mean(returns, 5)) / (1 + ts_rank(adv20, 5))), industry))
2026-03-21 16:19:02,431 | INFO | events | completed alpha_id=35527 status=complete sharpe=-0.6000 fitness=-0.1200
2026-03-21 16:20:29,976 | INFO | events | preparing template=breakout expression=zscore(((vwap - ts_min(vwap, 20)) / (1 + (ts_max(vwap, 20) - ts_min(vwap, 20)))))
