2026-03-19 23:47:21,284 | INFO | events | generated alpha_id=1 template=price_volume_divergence
2026-03-19 23:47:21,294 | INFO | events | generated alpha_id=2 template=mean_reversion
2026-03-19 23:47:24,870 | INFO | app.pipeline.runner | Running generation 1/1
2026-03-19 23:47:26,957 | INFO | events | completed alpha_id=5 status=complete sharpe=1.6600 fitness=1.2000
2026-03-19 23:47:29,962 | INFO | events | completed alpha_id=6 status=complete sharpe=1.6600 fitness=0.8000
2026-03-19 23:47:32,961 | INFO | events | completed alpha_id=7 status=complete sharpe=0.7000 fitness=1.5000
2026-03-19 23:53:59,570 | INFO | events | generated alpha_id=1 template=price_volume_divergence
2026-03-19 23:53:59,579 | INFO | events | generated alpha_id=2 template=mean_reversion
2026-03-19 23:53:59,589 | INFO | events | generated alpha_id=5 template=mean_reversion
2026-03-19 23:53:59,599 | INFO | events | generated alpha_id=6 template=momentum
2026-03-19 23:53:59,608 | INFO | events | generated alpha_id=7 template=momentum
2026-03-19 23:54:27,884 | INFO | events | generated alpha_id=1 template=price_volume_divergence
2026-03-19 23:54:27,893 | INFO | events | generated alpha_id=2 template=mean_reversion
2026-03-19 23:54:27,901 | INFO | events | generated alpha_id=5 template=mean_reversion
2026-03-19 23:54:27,909 | INFO | app.pipeline.runner | Running generation 1/1
2026-03-19 23:56:58,581 | INFO | app.pipeline.runner | Running generation 1/1
2026-03-19 23:57:13,599 | INFO | app.pipeline.runner | Running generation 1/1
2026-03-19 23:57:13,713 | ERROR | app.pipeline.runner | Simulation failed for candidate ts_decay_linear(sub(ts_delta(close, 5), ts_decay_linear(ts_delta(adv20, 5), 3)), 5)
Traceback (most recent call last):
  File "C:\Users\USER\anaconda3\Lib\site-packages\urllib3\connection.py", line 196, in _new_conn
    sock = connection.create_connection(
           ^^^^^^^^^^^^^^^^^^^^^^^^^^^^^
  File "C:\Users\USER\anaconda3\Lib\site-packages\urllib3\util\connection.py", line 85, in create_connection
    raise err
  File "C:\Users\USER\anaconda3\Lib\site-packages\urllib3\util\connection.py", line 73, in create_connection
    sock.connect(sa)
PermissionError: [WinError 10013] 嘗試存取通訊端被拒絕，因為存取權限不足。

The above exception was the direct cause of the following exception:

Traceback (most recent call last):
  File "C:\Users\USER\anaconda3\Lib\site-packages\urllib3\connectionpool.py", line 789, in urlopen
    response = self._make_request(
               ^^^^^^^^^^^^^^^^^^^
  File "C:\Users\USER\anaconda3\Lib\site-packages\urllib3\connectionpool.py", line 490, in _make_request
    raise new_e
  File "C:\Users\USER\anaconda3\Lib\site-packages\urllib3\connectionpool.py", line 466, in _make_request
    self._validate_conn(conn)
  File "C:\Users\USER\anaconda3\Lib\site-packages\urllib3\connectionpool.py", line 1095, in _validate_conn
    conn.connect()
  File "C:\Users\USER\anaconda3\Lib\site-packages\urllib3\connection.py", line 615, in connect
    self.sock = sock = self._new_conn()
                       ^^^^^^^^^^^^^^^^
  File "C:\Users\USER\anaconda3\Lib\site-packages\urllib3\connection.py", line 211, in _new_conn
    raise NewConnectionError(
urllib3.exceptions.NewConnectionError: <urllib3.connection.HTTPSConnection object at 0x00000244C47BED50>: Failed to establish a new connection: [WinError 10013] 嘗試存取通訊端被拒絕，因為存取權限不足。

The above exception was the direct cause of the following exception:

Traceback (most recent call last):
  File "C:\Users\USER\anaconda3\Lib\site-packages\requests\adapters.py", line 589, in send
    resp = conn.urlopen(
           ^^^^^^^^^^^^^
  File "C:\Users\USER\anaconda3\Lib\site-packages\urllib3\connectionpool.py", line 843, in urlopen
    retries = retries.increment(
              ^^^^^^^^^^^^^^^^^^
  File "C:\Users\USER\anaconda3\Lib\site-packages\urllib3\util\retry.py", line 519, in increment
    raise MaxRetryError(_pool, url, reason) from reason  # type: ignore[arg-type]
    ^^^^^^^^^^^^^^^^^^^^^^^^^^^^^^^^^^^^^^^^^^^^^^^^^^^
urllib3.exceptions.MaxRetryError: HTTPSConnectionPool(host='api.worldquantbrain.com', port=443): Max retries exceeded with url: /authentication (Caused by NewConnectionError('<urllib3.connection.HTTPSConnection object at 0x00000244C47BED50>: Failed to establish a new connection: [WinError 10013] 嘗試存取通訊端被拒絕，因為存取權限不足。'))

During handling of the above exception, another exception occurred:

Traceback (most recent call last):
  File "D:\Code\worldquant\app\pipeline\runner.py", line 90, in _process_candidate
    handle = self.client.simulate(candidate, {"mode": "research", "dry_run": self.settings.dry_run})
             ^^^^^^^^^^^^^^^^^^^^^^^^^^^^^^^^^^^^^^^^^^^^^^^^^^^^^^^^^^^^^^^^^^^^^^^^^^^^^^^^^^^^^^^
  File "D:\Code\worldquant\app\api\clients.py", line 61, in simulate
    self.login()
  File "D:\Code\worldquant\app\api\clients.py", line 50, in login
    response = self.session.post(
               ^^^^^^^^^^^^^^^^^^
  File "C:\Users\USER\anaconda3\Lib\site-packages\requests\sessions.py", line 637, in post
    return self.request("POST", url, data=data, json=json, **kwargs)
           ^^^^^^^^^^^^^^^^^^^^^^^^^^^^^^^^^^^^^^^^^^^^^^^^^^^^^^^^^
  File "C:\Users\USER\anaconda3\Lib\site-packages\requests\sessions.py", line 589, in request
    resp = self.send(prep, **send_kwargs)
           ^^^^^^^^^^^^^^^^^^^^^^^^^^^^^^
  File "C:\Users\USER\anaconda3\Lib\site-packages\requests\sessions.py", line 703, in send
    r = adapter.send(request, **kwargs)
        ^^^^^^^^^^^^^^^^^^^^^^^^^^^^^^^
  File "C:\Users\USER\anaconda3\Lib\site-packages\requests\adapters.py", line 622, in send
    raise ConnectionError(e, request=request)
requests.exceptions.ConnectionError: HTTPSConnectionPool(host='api.worldquantbrain.com', port=443): Max retries exceeded with url: /authentication (Caused by NewConnectionError('<urllib3.connection.HTTPSConnection object at 0x00000244C47BED50>: Failed to establish a new connection: [WinError 10013] 嘗試存取通訊端被拒絕，因為存取權限不足。'))
2026-03-19 23:57:14,663 | ERROR | app.pipeline.runner | Simulation failed for candidate rank(group_neutralize(sub(vwap, ts_mean(vwap, 5)), subindustry))
Traceback (most recent call last):
  File "C:\Users\USER\anaconda3\Lib\site-packages\urllib3\connection.py", line 196, in _new_conn
    sock = connection.create_connection(
           ^^^^^^^^^^^^^^^^^^^^^^^^^^^^^
  File "C:\Users\USER\anaconda3\Lib\site-packages\urllib3\util\connection.py", line 85, in create_connection
    raise err
  File "C:\Users\USER\anaconda3\Lib\site-packages\urllib3\util\connection.py", line 73, in create_connection
    sock.connect(sa)
PermissionError: [WinError 10013] 嘗試存取通訊端被拒絕，因為存取權限不足。

The above exception was the direct cause of the following exception:

Traceback (most recent call last):
  File "C:\Users\USER\anaconda3\Lib\site-packages\urllib3\connectionpool.py", line 789, in urlopen
    response = self._make_request(
               ^^^^^^^^^^^^^^^^^^^
  File "C:\Users\USER\anaconda3\Lib\site-packages\urllib3\connectionpool.py", line 490, in _make_request
    raise new_e
  File "C:\Users\USER\anaconda3\Lib\site-packages\urllib3\connectionpool.py", line 466, in _make_request
    self._validate_conn(conn)
  File "C:\Users\USER\anaconda3\Lib\site-packages\urllib3\connectionpool.py", line 1095, in _validate_conn
    conn.connect()
  File "C:\Users\USER\anaconda3\Lib\site-packages\urllib3\connection.py", line 615, in connect
    self.sock = sock = self._new_conn()
                       ^^^^^^^^^^^^^^^^
  File "C:\Users\USER\anaconda3\Lib\site-packages\urllib3\connection.py", line 211, in _new_conn
    raise NewConnectionError(
urllib3.exceptions.NewConnectionError: <urllib3.connection.HTTPSConnection object at 0x00000244C51B1610>: Failed to establish a new connection: [WinError 10013] 嘗試存取通訊端被拒絕，因為存取權限不足。

The above exception was the direct cause of the following exception:

Traceback (most recent call last):
  File "C:\Users\USER\anaconda3\Lib\site-packages\requests\adapters.py", line 589, in send
    resp = conn.urlopen(
           ^^^^^^^^^^^^^
  File "C:\Users\USER\anaconda3\Lib\site-packages\urllib3\connectionpool.py", line 843, in urlopen
    retries = retries.increment(
              ^^^^^^^^^^^^^^^^^^
  File "C:\Users\USER\anaconda3\Lib\site-packages\urllib3\util\retry.py", line 519, in increment
    raise MaxRetryError(_pool, url, reason) from reason  # type: ignore[arg-type]
    ^^^^^^^^^^^^^^^^^^^^^^^^^^^^^^^^^^^^^^^^^^^^^^^^^^^
urllib3.exceptions.MaxRetryError: HTTPSConnectionPool(host='api.worldquantbrain.com', port=443): Max retries exceeded with url: /authentication (Caused by NewConnectionError('<urllib3.connection.HTTPSConnection object at 0x00000244C51B1610>: Failed to establish a new connection: [WinError 10013] 嘗試存取通訊端被拒絕，因為存取權限不足。'))

During handling of the above exception, another exception occurred:

Traceback (most recent call last):
  File "D:\Code\worldquant\app\pipeline\runner.py", line 90, in _process_candidate
    handle = self.client.simulate(candidate, {"mode": "research", "dry_run": self.settings.dry_run})
             ^^^^^^^^^^^^^^^^^^^^^^^^^^^^^^^^^^^^^^^^^^^^^^^^^^^^^^^^^^^^^^^^^^^^^^^^^^^^^^^^^^^^^^^
  File "D:\Code\worldquant\app\api\clients.py", line 61, in simulate
    self.login()
  File "D:\Code\worldquant\app\api\clients.py", line 50, in login
    response = self.session.post(
               ^^^^^^^^^^^^^^^^^^
  File "C:\Users\USER\anaconda3\Lib\site-packages\requests\sessions.py", line 637, in post
    return self.request("POST", url, data=data, json=json, **kwargs)
           ^^^^^^^^^^^^^^^^^^^^^^^^^^^^^^^^^^^^^^^^^^^^^^^^^^^^^^^^^
  File "C:\Users\USER\anaconda3\Lib\site-packages\requests\sessions.py", line 589, in request
    resp = self.send(prep, **send_kwargs)
           ^^^^^^^^^^^^^^^^^^^^^^^^^^^^^^
  File "C:\Users\USER\anaconda3\Lib\site-packages\requests\sessions.py", line 703, in send
    r = adapter.send(request, **kwargs)
        ^^^^^^^^^^^^^^^^^^^^^^^^^^^^^^^
  File "C:\Users\USER\anaconda3\Lib\site-packages\requests\adapters.py", line 622, in send
    raise ConnectionError(e, request=request)
requests.exceptions.ConnectionError: HTTPSConnectionPool(host='api.worldquantbrain.com', port=443): Max retries exceeded with url: /authentication (Caused by NewConnectionError('<urllib3.connection.HTTPSConnection object at 0x00000244C51B1610>: Failed to establish a new connection: [WinError 10013] 嘗試存取通訊端被拒絕，因為存取權限不足。'))
2026-03-19 23:57:15,694 | ERROR | app.pipeline.runner | Simulation failed for candidate rank(group_neutralize(sub(close, ts_mean(close, 40)), industry))
Traceback (most recent call last):
  File "C:\Users\USER\anaconda3\Lib\site-packages\urllib3\connection.py", line 196, in _new_conn
    sock = connection.create_connection(
           ^^^^^^^^^^^^^^^^^^^^^^^^^^^^^
  File "C:\Users\USER\anaconda3\Lib\site-packages\urllib3\util\connection.py", line 85, in create_connection
    raise err
  File "C:\Users\USER\anaconda3\Lib\site-packages\urllib3\util\connection.py", line 73, in create_connection
    sock.connect(sa)
PermissionError: [WinError 10013] 嘗試存取通訊端被拒絕，因為存取權限不足。

The above exception was the direct cause of the following exception:

Traceback (most recent call last):
  File "C:\Users\USER\anaconda3\Lib\site-packages\urllib3\connectionpool.py", line 789, in urlopen
    response = self._make_request(
               ^^^^^^^^^^^^^^^^^^^
  File "C:\Users\USER\anaconda3\Lib\site-packages\urllib3\connectionpool.py", line 490, in _make_request
    raise new_e
  File "C:\Users\USER\anaconda3\Lib\site-packages\urllib3\connectionpool.py", line 466, in _make_request
    self._validate_conn(conn)
  File "C:\Users\USER\anaconda3\Lib\site-packages\urllib3\connectionpool.py", line 1095, in _validate_conn
    conn.connect()
  File "C:\Users\USER\anaconda3\Lib\site-packages\urllib3\connection.py", line 615, in connect
    self.sock = sock = self._new_conn()
                       ^^^^^^^^^^^^^^^^
  File "C:\Users\USER\anaconda3\Lib\site-packages\urllib3\connection.py", line 211, in _new_conn
    raise NewConnectionError(
urllib3.exceptions.NewConnectionError: <urllib3.connection.HTTPSConnection object at 0x00000244C51B2630>: Failed to establish a new connection: [WinError 10013] 嘗試存取通訊端被拒絕，因為存取權限不足。

The above exception was the direct cause of the following exception:

Traceback (most recent call last):
  File "C:\Users\USER\anaconda3\Lib\site-packages\requests\adapters.py", line 589, in send
    resp = conn.urlopen(
           ^^^^^^^^^^^^^
  File "C:\Users\USER\anaconda3\Lib\site-packages\urllib3\connectionpool.py", line 843, in urlopen
    retries = retries.increment(
              ^^^^^^^^^^^^^^^^^^
  File "C:\Users\USER\anaconda3\Lib\site-packages\urllib3\util\retry.py", line 519, in increment
    raise MaxRetryError(_pool, url, reason) from reason  # type: ignore[arg-type]
    ^^^^^^^^^^^^^^^^^^^^^^^^^^^^^^^^^^^^^^^^^^^^^^^^^^^
urllib3.exceptions.MaxRetryError: HTTPSConnectionPool(host='api.worldquantbrain.com', port=443): Max retries exceeded with url: /authentication (Caused by NewConnectionError('<urllib3.connection.HTTPSConnection object at 0x00000244C51B2630>: Failed to establish a new connection: [WinError 10013] 嘗試存取通訊端被拒絕，因為存取權限不足。'))

During handling of the above exception, another exception occurred:

Traceback (most recent call last):
  File "D:\Code\worldquant\app\pipeline\runner.py", line 90, in _process_candidate
    handle = self.client.simulate(candidate, {"mode": "research", "dry_run": self.settings.dry_run})
             ^^^^^^^^^^^^^^^^^^^^^^^^^^^^^^^^^^^^^^^^^^^^^^^^^^^^^^^^^^^^^^^^^^^^^^^^^^^^^^^^^^^^^^^
  File "D:\Code\worldquant\app\api\clients.py", line 61, in simulate
    self.login()
  File "D:\Code\worldquant\app\api\clients.py", line 50, in login
    response = self.session.post(
               ^^^^^^^^^^^^^^^^^^
  File "C:\Users\USER\anaconda3\Lib\site-packages\requests\sessions.py", line 637, in post
    return self.request("POST", url, data=data, json=json, **kwargs)
           ^^^^^^^^^^^^^^^^^^^^^^^^^^^^^^^^^^^^^^^^^^^^^^^^^^^^^^^^^
  File "C:\Users\USER\anaconda3\Lib\site-packages\requests\sessions.py", line 589, in request
    resp = self.send(prep, **send_kwargs)
           ^^^^^^^^^^^^^^^^^^^^^^^^^^^^^^
  File "C:\Users\USER\anaconda3\Lib\site-packages\requests\sessions.py", line 703, in send
    r = adapter.send(request, **kwargs)
        ^^^^^^^^^^^^^^^^^^^^^^^^^^^^^^^
  File "C:\Users\USER\anaconda3\Lib\site-packages\requests\adapters.py", line 622, in send
    raise ConnectionError(e, request=request)
requests.exceptions.ConnectionError: HTTPSConnectionPool(host='api.worldquantbrain.com', port=443): Max retries exceeded with url: /authentication (Caused by NewConnectionError('<urllib3.connection.HTTPSConnection object at 0x00000244C51B2630>: Failed to establish a new connection: [WinError 10013] 嘗試存取通訊端被拒絕，因為存取權限不足。'))
2026-03-19 23:57:16,669 | ERROR | app.pipeline.runner | Simulation failed for candidate rank(sub(ts_rank(close, 120), ts_rank(close, 120)))
Traceback (most recent call last):
  File "C:\Users\USER\anaconda3\Lib\site-packages\urllib3\connection.py", line 196, in _new_conn
    sock = connection.create_connection(
           ^^^^^^^^^^^^^^^^^^^^^^^^^^^^^
  File "C:\Users\USER\anaconda3\Lib\site-packages\urllib3\util\connection.py", line 85, in create_connection
    raise err
  File "C:\Users\USER\anaconda3\Lib\site-packages\urllib3\util\connection.py", line 73, in create_connection
    sock.connect(sa)
PermissionError: [WinError 10013] 嘗試存取通訊端被拒絕，因為存取權限不足。

The above exception was the direct cause of the following exception:

Traceback (most recent call last):
  File "C:\Users\USER\anaconda3\Lib\site-packages\urllib3\connectionpool.py", line 789, in urlopen
    response = self._make_request(
               ^^^^^^^^^^^^^^^^^^^
  File "C:\Users\USER\anaconda3\Lib\site-packages\urllib3\connectionpool.py", line 490, in _make_request
    raise new_e
  File "C:\Users\USER\anaconda3\Lib\site-packages\urllib3\connectionpool.py", line 466, in _make_request
    self._validate_conn(conn)
  File "C:\Users\USER\anaconda3\Lib\site-packages\urllib3\connectionpool.py", line 1095, in _validate_conn
    conn.connect()
  File "C:\Users\USER\anaconda3\Lib\site-packages\urllib3\connection.py", line 615, in connect
    self.sock = sock = self._new_conn()
                       ^^^^^^^^^^^^^^^^
  File "C:\Users\USER\anaconda3\Lib\site-packages\urllib3\connection.py", line 211, in _new_conn
    raise NewConnectionError(
urllib3.exceptions.NewConnectionError: <urllib3.connection.HTTPSConnection object at 0x00000244C51B27B0>: Failed to establish a new connection: [WinError 10013] 嘗試存取通訊端被拒絕，因為存取權限不足。

The above exception was the direct cause of the following exception:

Traceback (most recent call last):
  File "C:\Users\USER\anaconda3\Lib\site-packages\requests\adapters.py", line 589, in send
    resp = conn.urlopen(
           ^^^^^^^^^^^^^
  File "C:\Users\USER\anaconda3\Lib\site-packages\urllib3\connectionpool.py", line 843, in urlopen
    retries = retries.increment(
              ^^^^^^^^^^^^^^^^^^
  File "C:\Users\USER\anaconda3\Lib\site-packages\urllib3\util\retry.py", line 519, in increment
    raise MaxRetryError(_pool, url, reason) from reason  # type: ignore[arg-type]
    ^^^^^^^^^^^^^^^^^^^^^^^^^^^^^^^^^^^^^^^^^^^^^^^^^^^
urllib3.exceptions.MaxRetryError: HTTPSConnectionPool(host='api.worldquantbrain.com', port=443): Max retries exceeded with url: /authentication (Caused by NewConnectionError('<urllib3.connection.HTTPSConnection object at 0x00000244C51B27B0>: Failed to establish a new connection: [WinError 10013] 嘗試存取通訊端被拒絕，因為存取權限不足。'))

During handling of the above exception, another exception occurred:

Traceback (most recent call last):
  File "D:\Code\worldquant\app\pipeline\runner.py", line 90, in _process_candidate
    handle = self.client.simulate(candidate, {"mode": "research", "dry_run": self.settings.dry_run})
             ^^^^^^^^^^^^^^^^^^^^^^^^^^^^^^^^^^^^^^^^^^^^^^^^^^^^^^^^^^^^^^^^^^^^^^^^^^^^^^^^^^^^^^^
  File "D:\Code\worldquant\app\api\clients.py", line 61, in simulate
    self.login()
  File "D:\Code\worldquant\app\api\clients.py", line 50, in login
    response = self.session.post(
               ^^^^^^^^^^^^^^^^^^
  File "C:\Users\USER\anaconda3\Lib\site-packages\requests\sessions.py", line 637, in post
    return self.request("POST", url, data=data, json=json, **kwargs)
           ^^^^^^^^^^^^^^^^^^^^^^^^^^^^^^^^^^^^^^^^^^^^^^^^^^^^^^^^^
  File "C:\Users\USER\anaconda3\Lib\site-packages\requests\sessions.py", line 589, in request
    resp = self.send(prep, **send_kwargs)
           ^^^^^^^^^^^^^^^^^^^^^^^^^^^^^^
  File "C:\Users\USER\anaconda3\Lib\site-packages\requests\sessions.py", line 703, in send
    r = adapter.send(request, **kwargs)
        ^^^^^^^^^^^^^^^^^^^^^^^^^^^^^^^
  File "C:\Users\USER\anaconda3\Lib\site-packages\requests\adapters.py", line 622, in send
    raise ConnectionError(e, request=request)
requests.exceptions.ConnectionError: HTTPSConnectionPool(host='api.worldquantbrain.com', port=443): Max retries exceeded with url: /authentication (Caused by NewConnectionError('<urllib3.connection.HTTPSConnection object at 0x00000244C51B27B0>: Failed to establish a new connection: [WinError 10013] 嘗試存取通訊端被拒絕，因為存取權限不足。'))
2026-03-19 23:57:17,706 | ERROR | app.pipeline.runner | Simulation failed for candidate rank(sub(ts_rank(vwap, 10), ts_rank(vwap, 120)))
Traceback (most recent call last):
  File "C:\Users\USER\anaconda3\Lib\site-packages\urllib3\connection.py", line 196, in _new_conn
    sock = connection.create_connection(
           ^^^^^^^^^^^^^^^^^^^^^^^^^^^^^
  File "C:\Users\USER\anaconda3\Lib\site-packages\urllib3\util\connection.py", line 85, in create_connection
    raise err
  File "C:\Users\USER\anaconda3\Lib\site-packages\urllib3\util\connection.py", line 73, in create_connection
    sock.connect(sa)
PermissionError: [WinError 10013] 嘗試存取通訊端被拒絕，因為存取權限不足。

The above exception was the direct cause of the following exception:

Traceback (most recent call last):
  File "C:\Users\USER\anaconda3\Lib\site-packages\urllib3\connectionpool.py", line 789, in urlopen
    response = self._make_request(
               ^^^^^^^^^^^^^^^^^^^
  File "C:\Users\USER\anaconda3\Lib\site-packages\urllib3\connectionpool.py", line 490, in _make_request
    raise new_e
  File "C:\Users\USER\anaconda3\Lib\site-packages\urllib3\connectionpool.py", line 466, in _make_request
    self._validate_conn(conn)
  File "C:\Users\USER\anaconda3\Lib\site-packages\urllib3\connectionpool.py", line 1095, in _validate_conn
    conn.connect()
  File "C:\Users\USER\anaconda3\Lib\site-packages\urllib3\connection.py", line 615, in connect
    self.sock = sock = self._new_conn()
                       ^^^^^^^^^^^^^^^^
  File "C:\Users\USER\anaconda3\Lib\site-packages\urllib3\connection.py", line 211, in _new_conn
    raise NewConnectionError(
urllib3.exceptions.NewConnectionError: <urllib3.connection.HTTPSConnection object at 0x00000244C51B2B70>: Failed to establish a new connection: [WinError 10013] 嘗試存取通訊端被拒絕，因為存取權限不足。

The above exception was the direct cause of the following exception:

Traceback (most recent call last):
  File "C:\Users\USER\anaconda3\Lib\site-packages\requests\adapters.py", line 589, in send
    resp = conn.urlopen(
           ^^^^^^^^^^^^^
  File "C:\Users\USER\anaconda3\Lib\site-packages\urllib3\connectionpool.py", line 843, in urlopen
    retries = retries.increment(
              ^^^^^^^^^^^^^^^^^^
  File "C:\Users\USER\anaconda3\Lib\site-packages\urllib3\util\retry.py", line 519, in increment
    raise MaxRetryError(_pool, url, reason) from reason  # type: ignore[arg-type]
    ^^^^^^^^^^^^^^^^^^^^^^^^^^^^^^^^^^^^^^^^^^^^^^^^^^^
urllib3.exceptions.MaxRetryError: HTTPSConnectionPool(host='api.worldquantbrain.com', port=443): Max retries exceeded with url: /authentication (Caused by NewConnectionError('<urllib3.connection.HTTPSConnection object at 0x00000244C51B2B70>: Failed to establish a new connection: [WinError 10013] 嘗試存取通訊端被拒絕，因為存取權限不足。'))

During handling of the above exception, another exception occurred:

Traceback (most recent call last):
  File "D:\Code\worldquant\app\pipeline\runner.py", line 90, in _process_candidate
    handle = self.client.simulate(candidate, {"mode": "research", "dry_run": self.settings.dry_run})
             ^^^^^^^^^^^^^^^^^^^^^^^^^^^^^^^^^^^^^^^^^^^^^^^^^^^^^^^^^^^^^^^^^^^^^^^^^^^^^^^^^^^^^^^
  File "D:\Code\worldquant\app\api\clients.py", line 61, in simulate
    self.login()
  File "D:\Code\worldquant\app\api\clients.py", line 50, in login
    response = self.session.post(
               ^^^^^^^^^^^^^^^^^^
  File "C:\Users\USER\anaconda3\Lib\site-packages\requests\sessions.py", line 637, in post
    return self.request("POST", url, data=data, json=json, **kwargs)
           ^^^^^^^^^^^^^^^^^^^^^^^^^^^^^^^^^^^^^^^^^^^^^^^^^^^^^^^^^
  File "C:\Users\USER\anaconda3\Lib\site-packages\requests\sessions.py", line 589, in request
    resp = self.send(prep, **send_kwargs)
           ^^^^^^^^^^^^^^^^^^^^^^^^^^^^^^
  File "C:\Users\USER\anaconda3\Lib\site-packages\requests\sessions.py", line 703, in send
    r = adapter.send(request, **kwargs)
        ^^^^^^^^^^^^^^^^^^^^^^^^^^^^^^^
  File "C:\Users\USER\anaconda3\Lib\site-packages\requests\adapters.py", line 622, in send
    raise ConnectionError(e, request=request)
requests.exceptions.ConnectionError: HTTPSConnectionPool(host='api.worldquantbrain.com', port=443): Max retries exceeded with url: /authentication (Caused by NewConnectionError('<urllib3.connection.HTTPSConnection object at 0x00000244C51B2B70>: Failed to establish a new connection: [WinError 10013] 嘗試存取通訊端被拒絕，因為存取權限不足。'))
2026-03-19 23:59:28,704 | INFO | app.pipeline.runner | Running generation 1/1
2026-03-20 00:02:48,601 | INFO | app.pipeline.runner | Running generation 1/1
2026-03-20 00:12:08,687 | INFO | app.api.clients | WorldQuant login succeeded using basic auth
2026-03-20 00:20:30,943 | INFO | app.pipeline.runner | Running generation 1/1
2026-03-20 00:20:31,901 | INFO | app.api.clients | WorldQuant login succeeded using basic auth
2026-03-20 00:20:32,196 | ERROR | app.pipeline.runner | Simulation failed for candidate ts_decay_linear(sub(ts_delta(close, 5), ts_decay_linear(ts_delta(adv20, 5), 3)), 5)
Traceback (most recent call last):
  File "D:\Code\worldquant\app\pipeline\runner.py", line 90, in _process_candidate
    handle = self.client.simulate(candidate, {"mode": "research", "dry_run": self.settings.dry_run})
             ^^^^^^^^^^^^^^^^^^^^^^^^^^^^^^^^^^^^^^^^^^^^^^^^^^^^^^^^^^^^^^^^^^^^^^^^^^^^^^^^^^^^^^^
  File "D:\Code\worldquant\app\api\clients.py", line 96, in simulate
    response.raise_for_status()
  File "C:\Users\USER\anaconda3\Lib\site-packages\requests\models.py", line 1024, in raise_for_status
    raise HTTPError(http_error_msg, response=self)
requests.exceptions.HTTPError: 400 Client Error: Bad Request for url: https://api.worldquantbrain.com/simulations
2026-03-20 00:20:33,182 | ERROR | app.pipeline.runner | Simulation failed for candidate rank(group_neutralize(sub(vwap, ts_mean(vwap, 5)), subindustry))
Traceback (most recent call last):
  File "D:\Code\worldquant\app\pipeline\runner.py", line 90, in _process_candidate
    handle = self.client.simulate(candidate, {"mode": "research", "dry_run": self.settings.dry_run})
             ^^^^^^^^^^^^^^^^^^^^^^^^^^^^^^^^^^^^^^^^^^^^^^^^^^^^^^^^^^^^^^^^^^^^^^^^^^^^^^^^^^^^^^^
  File "D:\Code\worldquant\app\api\clients.py", line 96, in simulate
    response.raise_for_status()
  File "C:\Users\USER\anaconda3\Lib\site-packages\requests\models.py", line 1024, in raise_for_status
    raise HTTPError(http_error_msg, response=self)
requests.exceptions.HTTPError: 400 Client Error: Bad Request for url: https://api.worldquantbrain.com/simulations
2026-03-20 00:20:34,174 | ERROR | app.pipeline.runner | Simulation failed for candidate rank(group_neutralize(sub(close, ts_mean(close, 40)), industry))
Traceback (most recent call last):
  File "D:\Code\worldquant\app\pipeline\runner.py", line 90, in _process_candidate
    handle = self.client.simulate(candidate, {"mode": "research", "dry_run": self.settings.dry_run})
             ^^^^^^^^^^^^^^^^^^^^^^^^^^^^^^^^^^^^^^^^^^^^^^^^^^^^^^^^^^^^^^^^^^^^^^^^^^^^^^^^^^^^^^^
  File "D:\Code\worldquant\app\api\clients.py", line 96, in simulate
    response.raise_for_status()
  File "C:\Users\USER\anaconda3\Lib\site-packages\requests\models.py", line 1024, in raise_for_status
    raise HTTPError(http_error_msg, response=self)
requests.exceptions.HTTPError: 400 Client Error: Bad Request for url: https://api.worldquantbrain.com/simulations
2026-03-20 00:20:35,205 | ERROR | app.pipeline.runner | Simulation failed for candidate rank(sub(ts_rank(close, 120), ts_rank(close, 120)))
Traceback (most recent call last):
  File "D:\Code\worldquant\app\pipeline\runner.py", line 90, in _process_candidate
    handle = self.client.simulate(candidate, {"mode": "research", "dry_run": self.settings.dry_run})
             ^^^^^^^^^^^^^^^^^^^^^^^^^^^^^^^^^^^^^^^^^^^^^^^^^^^^^^^^^^^^^^^^^^^^^^^^^^^^^^^^^^^^^^^
  File "D:\Code\worldquant\app\api\clients.py", line 96, in simulate
    response.raise_for_status()
  File "C:\Users\USER\anaconda3\Lib\site-packages\requests\models.py", line 1024, in raise_for_status
    raise HTTPError(http_error_msg, response=self)
requests.exceptions.HTTPError: 400 Client Error: Bad Request for url: https://api.worldquantbrain.com/simulations
2026-03-20 00:20:36,191 | ERROR | app.pipeline.runner | Simulation failed for candidate rank(sub(ts_rank(vwap, 10), ts_rank(vwap, 120)))
Traceback (most recent call last):
  File "D:\Code\worldquant\app\pipeline\runner.py", line 90, in _process_candidate
    handle = self.client.simulate(candidate, {"mode": "research", "dry_run": self.settings.dry_run})
             ^^^^^^^^^^^^^^^^^^^^^^^^^^^^^^^^^^^^^^^^^^^^^^^^^^^^^^^^^^^^^^^^^^^^^^^^^^^^^^^^^^^^^^^
  File "D:\Code\worldquant\app\api\clients.py", line 96, in simulate
    response.raise_for_status()
  File "C:\Users\USER\anaconda3\Lib\site-packages\requests\models.py", line 1024, in raise_for_status
    raise HTTPError(http_error_msg, response=self)
requests.exceptions.HTTPError: 400 Client Error: Bad Request for url: https://api.worldquantbrain.com/simulations
2026-03-20 00:22:16,395 | INFO | app.api.clients | WorldQuant login succeeded using basic auth
2026-03-20 00:22:50,388 | INFO | app.pipeline.runner | Running generation 1/1
2026-03-20 00:22:51,269 | INFO | app.api.clients | WorldQuant login succeeded using basic auth
2026-03-20 00:22:55,913 | ERROR | app.pipeline.runner | Simulation failed for candidate ts_decay_linear(sub(ts_delta(close, 5), ts_decay_linear(ts_delta(adv20, 5), 3)), 5)
Traceback (most recent call last):
  File "D:\Code\worldquant\app\pipeline\runner.py", line 91, in _process_candidate
    status = self._wait_for_completion(handle.simulation_id)
             ^^^^^^^^^^^^^^^^^^^^^^^^^^^^^^^^^^^^^^^^^^^^^^^
  File "D:\Code\worldquant\app\pipeline\runner.py", line 120, in _wait_for_completion
    raise RuntimeError(f"Simulation failed with status: {status}")
RuntimeError: Simulation failed with status: error
2026-03-20 00:23:01,157 | ERROR | app.pipeline.runner | Simulation failed for candidate rank(group_neutralize(sub(vwap, ts_mean(vwap, 5)), subindustry))
Traceback (most recent call last):
  File "D:\Code\worldquant\app\pipeline\runner.py", line 91, in _process_candidate
    status = self._wait_for_completion(handle.simulation_id)
             ^^^^^^^^^^^^^^^^^^^^^^^^^^^^^^^^^^^^^^^^^^^^^^^
  File "D:\Code\worldquant\app\pipeline\runner.py", line 120, in _wait_for_completion
    raise RuntimeError(f"Simulation failed with status: {status}")
RuntimeError: Simulation failed with status: error
2026-03-20 00:23:06,363 | ERROR | app.pipeline.runner | Simulation failed for candidate rank(group_neutralize(sub(close, ts_mean(close, 40)), industry))
Traceback (most recent call last):
  File "D:\Code\worldquant\app\pipeline\runner.py", line 91, in _process_candidate
    status = self._wait_for_completion(handle.simulation_id)
             ^^^^^^^^^^^^^^^^^^^^^^^^^^^^^^^^^^^^^^^^^^^^^^^
  File "D:\Code\worldquant\app\pipeline\runner.py", line 120, in _wait_for_completion
    raise RuntimeError(f"Simulation failed with status: {status}")
RuntimeError: Simulation failed with status: error
2026-03-20 00:23:08,372 | ERROR | app.pipeline.runner | Simulation failed for candidate rank(sub(ts_rank(close, 120), ts_rank(close, 120)))
Traceback (most recent call last):
  File "D:\Code\worldquant\app\pipeline\runner.py", line 91, in _process_candidate
    status = self._wait_for_completion(handle.simulation_id)
             ^^^^^^^^^^^^^^^^^^^^^^^^^^^^^^^^^^^^^^^^^^^^^^^
  File "D:\Code\worldquant\app\pipeline\runner.py", line 120, in _wait_for_completion
    raise RuntimeError(f"Simulation failed with status: {status}")
RuntimeError: Simulation failed with status: error
2026-03-20 00:23:10,371 | ERROR | app.pipeline.runner | Simulation failed for candidate rank(sub(ts_rank(vwap, 10), ts_rank(vwap, 120)))
Traceback (most recent call last):
  File "D:\Code\worldquant\app\pipeline\runner.py", line 91, in _process_candidate
    status = self._wait_for_completion(handle.simulation_id)
             ^^^^^^^^^^^^^^^^^^^^^^^^^^^^^^^^^^^^^^^^^^^^^^^
  File "D:\Code\worldquant\app\pipeline\runner.py", line 120, in _wait_for_completion
    raise RuntimeError(f"Simulation failed with status: {status}")
RuntimeError: Simulation failed with status: error
2026-03-20 00:26:46,766 | INFO | events | generated alpha_id=1 template=price_volume_divergence
2026-03-20 01:09:01,680 | INFO | app.api.clients | WorldQuant login succeeded using basic auth
2026-03-20 01:09:06,038 | INFO | app.pipeline.runner | Running generation 1/1
2026-03-20 01:14:30,415 | INFO | app.pipeline.runner | Starting mining cycle 1/1
2026-03-20 01:14:30,417 | INFO | app.pipeline.runner | Running generation 1/3
2026-03-20 01:14:31,351 | INFO | app.api.clients | WorldQuant login succeeded using basic auth
2026-03-20 01:15:37,094 | ERROR | app.pipeline.runner | Simulation failed for candidate rank(group_neutralize((returns - ts_mean(returns, 5)), industry))
Traceback (most recent call last):
  File "D:\Code\worldquant\app\pipeline\runner.py", line 116, in _process_candidate
    terminal = self._wait_for_completion(handle.simulation_id)
               ^^^^^^^^^^^^^^^^^^^^^^^^^^^^^^^^^^^^^^^^^^^^^^^
  File "D:\Code\worldquant\app\pipeline\runner.py", line 149, in _wait_for_completion
    raise TimeoutError(f"Simulation {simulation_id} timed out")
TimeoutError: Simulation 1zRBOTb8v5bqbebEO8mTCNH timed out
2026-03-20 01:15:38,347 | ERROR | app.pipeline.runner | Simulation failed for candidate zscore((ts_rank((cashflow / (1 + book_value)), 20) - ts_rank(book_value, 20)))
Traceback (most recent call last):
  File "D:\Code\worldquant\app\pipeline\runner.py", line 116, in _process_candidate
    terminal = self._wait_for_completion(handle.simulation_id)
               ^^^^^^^^^^^^^^^^^^^^^^^^^^^^^^^^^^^^^^^^^^^^^^^
  File "D:\Code\worldquant\app\pipeline\runner.py", line 147, in _wait_for_completion
    raise RuntimeError(f"Simulation failed with status: {status}")
RuntimeError: Simulation failed with status: error
2026-03-20 01:15:40,347 | ERROR | app.pipeline.runner | Simulation failed for candidate zscore((ts_rank(operating_margin, 120) - ts_rank(eps, 120)))
Traceback (most recent call last):
  File "D:\Code\worldquant\app\pipeline\runner.py", line 116, in _process_candidate
    terminal = self._wait_for_completion(handle.simulation_id)
               ^^^^^^^^^^^^^^^^^^^^^^^^^^^^^^^^^^^^^^^^^^^^^^^
  File "D:\Code\worldquant\app\pipeline\runner.py", line 147, in _wait_for_completion
    raise RuntimeError(f"Simulation failed with status: {status}")
RuntimeError: Simulation failed with status: error
2026-03-20 01:16:50,448 | ERROR | app.pipeline.runner | Simulation failed for candidate rank(group_neutralize((returns - ts_mean(returns, 5)), sector))
Traceback (most recent call last):
  File "D:\Code\worldquant\app\pipeline\runner.py", line 116, in _process_candidate
    terminal = self._wait_for_completion(handle.simulation_id)
               ^^^^^^^^^^^^^^^^^^^^^^^^^^^^^^^^^^^^^^^^^^^^^^^
  File "D:\Code\worldquant\app\pipeline\runner.py", line 149, in _wait_for_completion
    raise TimeoutError(f"Simulation {simulation_id} timed out")
TimeoutError: Simulation 3HwtjV7WJ4rHbaoHrome154 timed out
2026-03-20 01:16:50,450 | INFO | app.pipeline.runner | Running generation 2/3
2026-03-20 01:16:55,128 | ERROR | app.pipeline.runner | Simulation failed for candidate rank((ts_rank((cashflow / (1 + book_value)), 20) - ts_rank(book_value, 20)))
Traceback (most recent call last):
  File "D:\Code\worldquant\app\pipeline\runner.py", line 116, in _process_candidate
    terminal = self._wait_for_completion(handle.simulation_id)
               ^^^^^^^^^^^^^^^^^^^^^^^^^^^^^^^^^^^^^^^^^^^^^^^
  File "D:\Code\worldquant\app\pipeline\runner.py", line 147, in _wait_for_completion
    raise RuntimeError(f"Simulation failed with status: {status}")
RuntimeError: Simulation failed with status: error
2026-03-20 01:16:55,129 | INFO | app.pipeline.runner | Running generation 3/3
2026-03-20 01:18:01,416 | ERROR | app.pipeline.runner | Simulation failed for candidate rank(group_neutralize((returns - ts_mean(returns, 40)), sector))
Traceback (most recent call last):
  File "D:\Code\worldquant\app\pipeline\runner.py", line 116, in _process_candidate
    terminal = self._wait_for_completion(handle.simulation_id)
               ^^^^^^^^^^^^^^^^^^^^^^^^^^^^^^^^^^^^^^^^^^^^^^^
  File "D:\Code\worldquant\app\pipeline\runner.py", line 149, in _wait_for_completion
    raise TimeoutError(f"Simulation {simulation_id} timed out")
TimeoutError: Simulation 3TknPg6BB4rgaBl4CXc5oeh timed out
2026-03-20 01:18:42,530 | INFO | app.pipeline.runner | Starting mining cycle 1/1
2026-03-20 01:18:42,531 | INFO | app.pipeline.runner | Running generation 1/3
2026-03-20 01:18:44,561 | INFO | events | completed alpha_id=47 status=complete sharpe=1.5400 fitness=0.8000
2026-03-20 01:18:47,558 | INFO | events | completed alpha_id=49 status=complete sharpe=0.7000 fitness=0.5000
2026-03-20 01:18:50,564 | INFO | events | completed alpha_id=50 status=complete sharpe=1.1800 fitness=0.7000
2026-03-20 01:18:53,573 | INFO | events | completed alpha_id=51 status=complete sharpe=0.9400 fitness=0.5000
2026-03-20 01:18:53,574 | INFO | app.pipeline.runner | Running generation 2/3
2026-03-20 01:18:56,561 | INFO | events | completed alpha_id=56 status=complete sharpe=1.1800 fitness=0.7000
2026-03-20 01:18:56,561 | INFO | app.pipeline.runner | Running generation 3/3
2026-03-20 01:18:59,561 | INFO | events | completed alpha_id=60 status=complete sharpe=1.3000 fitness=0.6000
2026-03-20 01:19:02,560 | INFO | events | completed alpha_id=61 status=complete sharpe=0.7000 fitness=0.5000
2026-03-20 01:19:02,560 | INFO | app.pipeline.runner | Cycle 1 complete: submitted=15.0 complete=7.0 best=0.0 avg_reward=-1.2614
2026-03-20 01:19:06,938 | ERROR | app.pipeline.runner | Simulation failed for candidate rank(group_neutralize((cashflow - ts_mean(cashflow, 20)), industry))
Traceback (most recent call last):
  File "D:\Code\worldquant\app\pipeline\runner.py", line 116, in _process_candidate
    terminal = self._wait_for_completion(handle.simulation_id)
               ^^^^^^^^^^^^^^^^^^^^^^^^^^^^^^^^^^^^^^^^^^^^^^^
  File "D:\Code\worldquant\app\pipeline\runner.py", line 149, in _wait_for_completion
    raise TimeoutError(f"Simulation {simulation_id} timed out")
TimeoutError: Simulation 4zauc17Uv57cahZDYX15SdN timed out
2026-03-20 01:19:06,939 | INFO | app.pipeline.runner | Cycle 1 complete: submitted=15.0 complete=0.0 best=0.0 avg_reward=-2.5333
2026-03-20 01:22:05,002 | INFO | app.pipeline.runner | Starting mining cycle 1/1
2026-03-20 01:22:05,005 | INFO | app.pipeline.runner | Running generation 1/3
2026-03-20 01:22:05,111 | INFO | app.pipeline.runner | Running generation 2/3
2026-03-20 01:22:06,176 | INFO | app.api.clients | WorldQuant login succeeded using basic auth
2026-03-20 01:23:11,978 | ERROR | app.pipeline.runner | Simulation failed for candidate zscore((ts_rank(sales, 120) - ts_rank(cashflow, 120)))
Traceback (most recent call last):
  File "D:\Code\worldquant\app\pipeline\runner.py", line 116, in _process_candidate
    terminal = self._wait_for_completion(handle.simulation_id)
               ^^^^^^^^^^^^^^^^^^^^^^^^^^^^^^^^^^^^^^^^^^^^^^^
  File "D:\Code\worldquant\app\pipeline\runner.py", line 149, in _wait_for_completion
    raise TimeoutError(f"Simulation {simulation_id} timed out")
TimeoutError: Simulation MCpyk6J44nBctA1vEl5beH timed out
2026-03-20 01:23:11,982 | INFO | app.pipeline.runner | Running generation 3/3
2026-03-20 01:24:17,707 | ERROR | app.pipeline.runner | Simulation failed for candidate ts_rank(((returns - ts_mean(returns, 10)) / (1 + ts_std_dev(returns, 10))), 10)
Traceback (most recent call last):
  File "D:\Code\worldquant\app\pipeline\runner.py", line 116, in _process_candidate
    terminal = self._wait_for_completion(handle.simulation_id)
               ^^^^^^^^^^^^^^^^^^^^^^^^^^^^^^^^^^^^^^^^^^^^^^^
  File "D:\Code\worldquant\app\pipeline\runner.py", line 149, in _wait_for_completion
    raise TimeoutError(f"Simulation {simulation_id} timed out")
TimeoutError: Simulation 4qxhFfccp4OZcxJZQ1EePbj timed out
2026-03-20 01:25:27,944 | ERROR | app.pipeline.runner | Simulation failed for candidate zscore(((sales - ts_mean(sales, 120)) / (1 + ts_std_dev(sales, 120))))
Traceback (most recent call last):
  File "D:\Code\worldquant\app\pipeline\runner.py", line 116, in _process_candidate
    terminal = self._wait_for_completion(handle.simulation_id)
               ^^^^^^^^^^^^^^^^^^^^^^^^^^^^^^^^^^^^^^^^^^^^^^^
  File "D:\Code\worldquant\app\pipeline\runner.py", line 149, in _wait_for_completion
    raise TimeoutError(f"Simulation {simulation_id} timed out")
TimeoutError: Simulation 1XG3co1mu4V08MvW2KOcFAy timed out
2026-03-20 01:25:27,945 | INFO | app.pipeline.runner | Cycle 1 complete: submitted=15.0 complete=0.0 best=0.0 avg_reward=-2.8000
2026-03-20 01:29:14,809 | INFO | app.pipeline.runner | Starting mining cycle 1/999999
2026-03-20 01:29:14,812 | INFO | app.pipeline.runner | Running generation 1/3
2026-03-20 01:29:15,773 | INFO | app.api.clients | WorldQuant login succeeded using basic auth
2026-03-20 01:30:21,531 | ERROR | app.pipeline.runner | Simulation failed for candidate zscore((ts_delta(close, 5) - ts_decay_linear(ts_delta(volume, 5), 3)))
Traceback (most recent call last):
  File "D:\Code\worldquant\app\pipeline\runner.py", line 116, in _process_candidate
    terminal = self._wait_for_completion(handle.simulation_id)
               ^^^^^^^^^^^^^^^^^^^^^^^^^^^^^^^^^^^^^^^^^^^^^^^
  File "D:\Code\worldquant\app\pipeline\runner.py", line 149, in _wait_for_completion
    raise TimeoutError(f"Simulation {simulation_id} timed out")
TimeoutError: Simulation 4Cqnb2gQz4Al9FM6JxDIvan timed out
2026-03-20 01:30:21,582 | INFO | app.pipeline.runner | Running generation 2/3
2026-03-20 01:30:26,216 | ERROR | app.pipeline.runner | Simulation failed for candidate zscore(group_neutralize((operating_margin - ts_mean(operating_margin, 120)), sector))
Traceback (most recent call last):
  File "D:\Code\worldquant\app\pipeline\runner.py", line 116, in _process_candidate
    terminal = self._wait_for_completion(handle.simulation_id)
               ^^^^^^^^^^^^^^^^^^^^^^^^^^^^^^^^^^^^^^^^^^^^^^^
  File "D:\Code\worldquant\app\pipeline\runner.py", line 147, in _wait_for_completion
    raise RuntimeError(f"Simulation failed with status: {status}")
RuntimeError: Simulation failed with status: error
2026-03-20 01:30:45,392 | INFO | app.pipeline.runner | Starting mining cycle 1/999999
2026-03-20 01:30:45,394 | INFO | app.pipeline.runner | Running generation 1/3
2026-03-20 01:30:46,309 | INFO | app.api.clients | WorldQuant login succeeded using basic auth
2026-03-20 01:31:32,511 | ERROR | app.pipeline.runner | Simulation failed for candidate rank(((returns - ts_mean(returns, 40)) / (1 + ts_std_dev(returns, 40))))
Traceback (most recent call last):
  File "D:\Code\worldquant\app\pipeline\runner.py", line 116, in _process_candidate
    terminal = self._wait_for_completion(handle.simulation_id)
               ^^^^^^^^^^^^^^^^^^^^^^^^^^^^^^^^^^^^^^^^^^^^^^^
  File "D:\Code\worldquant\app\pipeline\runner.py", line 149, in _wait_for_completion
    raise TimeoutError(f"Simulation {simulation_id} timed out")
TimeoutError: Simulation 1RHGWEgCj4ItbOk4lS3ToaJ timed out
2026-03-20 01:31:32,512 | INFO | app.pipeline.runner | Running generation 3/3
2026-03-20 01:32:09,299 | ERROR | app.pipeline.runner | Simulation failed for candidate rank(((returns - ts_min(returns, 20)) / (1 + (ts_max(returns, 20) - ts_min(returns, 20)))))
Traceback (most recent call last):
  File "D:\Code\worldquant\app\pipeline\runner.py", line 116, in _process_candidate
    terminal = self._wait_for_completion(handle.simulation_id)
               ^^^^^^^^^^^^^^^^^^^^^^^^^^^^^^^^^^^^^^^^^^^^^^^
  File "D:\Code\worldquant\app\pipeline\runner.py", line 147, in _wait_for_completion
    raise RuntimeError(f"Simulation failed with status: {status}")
RuntimeError: Simulation failed with status: error
2026-03-20 01:32:09,333 | INFO | app.pipeline.runner | Cycle 1 complete: submitted=15.0 complete=0.0 best=0.0 avg_reward=-2.7333
2026-03-20 01:32:14,334 | INFO | app.pipeline.runner | Starting mining cycle 2/999999
2026-03-20 01:32:14,337 | INFO | app.pipeline.runner | Running generation 1/3
2026-03-20 01:32:18,835 | ERROR | app.pipeline.runner | Simulation failed for candidate rank(((low - ts_min(low, 60)) / (1 + (ts_max(low, 60) - ts_min(low, 60)))))
Traceback (most recent call last):
  File "D:\Code\worldquant\app\pipeline\runner.py", line 116, in _process_candidate
    terminal = self._wait_for_completion(handle.simulation_id)
               ^^^^^^^^^^^^^^^^^^^^^^^^^^^^^^^^^^^^^^^^^^^^^^^
  File "D:\Code\worldquant\app\pipeline\runner.py", line 147, in _wait_for_completion
    raise RuntimeError(f"Simulation failed with status: {status}")
RuntimeError: Simulation failed with status: error
2026-03-20 01:33:26,825 | ERROR | app.pipeline.runner | Simulation failed for candidate ts_rank((ts_rank(close, 120) - ts_rank(close, 120)), 120)
Traceback (most recent call last):
  File "D:\Code\worldquant\app\pipeline\runner.py", line 116, in _process_candidate
    terminal = self._wait_for_completion(handle.simulation_id)
               ^^^^^^^^^^^^^^^^^^^^^^^^^^^^^^^^^^^^^^^^^^^^^^^
  File "D:\Code\worldquant\app\pipeline\runner.py", line 149, in _wait_for_completion
    raise TimeoutError(f"Simulation {simulation_id} timed out")
TimeoutError: Simulation 1OseLi3hi59c9BaU1rzzIR2 timed out
2026-03-20 01:34:32,522 | ERROR | app.pipeline.runner | Simulation failed for candidate ts_rank((ts_rank(vwap, 10) - ts_rank(vwap, 120)), 10)
Traceback (most recent call last):
  File "D:\Code\worldquant\app\pipeline\runner.py", line 116, in _process_candidate
    terminal = self._wait_for_completion(handle.simulation_id)
               ^^^^^^^^^^^^^^^^^^^^^^^^^^^^^^^^^^^^^^^^^^^^^^^
  File "D:\Code\worldquant\app\pipeline\runner.py", line 149, in _wait_for_completion
    raise TimeoutError(f"Simulation {simulation_id} timed out")
TimeoutError: Simulation 1qNkaidzw4EWbjX5K1l85zO timed out
2026-03-20 01:34:33,804 | ERROR | app.pipeline.runner | Simulation failed for candidate ts_rank(((close - ts_min(close, 20)) / (1 + (ts_max(close, 20) - ts_min(close, 20)))), 20)
Traceback (most recent call last):
  File "D:\Code\worldquant\app\pipeline\runner.py", line 116, in _process_candidate
    terminal = self._wait_for_completion(handle.simulation_id)
               ^^^^^^^^^^^^^^^^^^^^^^^^^^^^^^^^^^^^^^^^^^^^^^^
  File "D:\Code\worldquant\app\pipeline\runner.py", line 147, in _wait_for_completion
    raise RuntimeError(f"Simulation failed with status: {status}")
RuntimeError: Simulation failed with status: error
2026-03-20 01:34:33,805 | INFO | app.pipeline.runner | Running generation 2/3
2026-03-20 01:34:35,778 | ERROR | app.pipeline.runner | Simulation failed for candidate zscore(((low - ts_min(low, 5)) / (1 + (ts_max(low, 5) - ts_min(low, 5)))))
Traceback (most recent call last):
  File "D:\Code\worldquant\app\pipeline\runner.py", line 116, in _process_candidate
    terminal = self._wait_for_completion(handle.simulation_id)
               ^^^^^^^^^^^^^^^^^^^^^^^^^^^^^^^^^^^^^^^^^^^^^^^
  File "D:\Code\worldquant\app\pipeline\runner.py", line 147, in _wait_for_completion
    raise RuntimeError(f"Simulation failed with status: {status}")
RuntimeError: Simulation failed with status: error
2026-03-20 01:34:35,804 | INFO | app.pipeline.runner | Running generation 3/3
2026-03-20 01:36:00,357 | INFO | app.pipeline.runner | Starting mining cycle 1/999999
2026-03-20 01:36:00,358 | INFO | app.pipeline.runner | Running generation 1/3
2026-03-20 01:36:01,298 | INFO | app.api.clients | WorldQuant login succeeded using basic auth
2026-03-20 01:37:09,652 | INFO | app.pipeline.runner | Starting mining cycle 1/999999
2026-03-20 01:37:09,653 | INFO | app.pipeline.runner | Running generation 1/3
2026-03-20 01:37:10,639 | INFO | app.api.clients | WorldQuant login succeeded using basic auth
2026-03-20 01:41:30,069 | INFO | app.pipeline.runner | Starting mining cycle 1/999999
2026-03-20 01:41:30,071 | INFO | app.pipeline.runner | Running generation 1/3
2026-03-20 01:41:30,138 | INFO | app.pipeline.runner | Submitting simulation template=mean_reversion expression=rank(group_neutralize((vwap - ts_mean(vwap, 5)), subindustry))
2026-03-20 01:41:30,138 | INFO | events | submitting template=mean_reversion expression=rank(group_neutralize((vwap - ts_mean(vwap, 5)), subindustry))
2026-03-20 01:41:31,030 | INFO | app.api.clients | WorldQuant login succeeded using basic auth
2026-03-20 01:44:16,675 | INFO | app.pipeline.runner | Starting mining cycle 1/999999
2026-03-20 01:44:16,676 | INFO | app.pipeline.runner | Running generation 1/3
2026-03-20 01:44:16,775 | INFO | app.pipeline.runner | Preparing simulation template=quality_value expression=zscore((ts_rank((eps / (1 + book_value)), 120) - ts_rank(book_value, 120)))
2026-03-20 01:44:16,775 | INFO | events | preparing template=quality_value expression=zscore((ts_rank((eps / (1 + book_value)), 120) - ts_rank(book_value, 120)))
2026-03-20 01:44:17,720 | INFO | app.api.clients | WorldQuant login succeeded using basic auth
2026-03-20 01:44:18,025 | INFO | app.api.clients | Simulation submitted simulation_id=3OLcpocQK50A9ye11NoXf4a7 expression=zscore((ts_rank((eps / (1 + book_value)), 120) - ts_rank(book_value, 120)))
2026-03-20 01:44:24,241 | ERROR | app.pipeline.runner | Simulation failed for candidate zscore((ts_rank((eps / (1 + book_value)), 120) - ts_rank(book_value, 120)))
Traceback (most recent call last):
  File "D:\Code\worldquant\app\pipeline\runner.py", line 126, in _process_candidate
    terminal = self._wait_for_completion(handle.simulation_id)
               ^^^^^^^^^^^^^^^^^^^^^^^^^^^^^^^^^^^^^^^^^^^^^^^
  File "D:\Code\worldquant\app\pipeline\runner.py", line 157, in _wait_for_completion
    raise RuntimeError(f"Simulation failed with status: {status}")
RuntimeError: Simulation failed with status: error
2026-03-20 01:44:24,247 | INFO | app.pipeline.runner | Running generation 2/3
2026-03-20 01:44:24,338 | INFO | app.pipeline.runner | Preparing simulation template=price_volume_divergence expression=ts_decay_linear((ts_delta(close, 60) - ts_decay_linear(ts_delta(adv20, 60), 3)), 60)
2026-03-20 01:44:24,338 | INFO | events | preparing template=price_volume_divergence expression=ts_decay_linear((ts_delta(close, 60) - ts_decay_linear(ts_delta(adv20, 60), 3)), 60)
2026-03-20 01:44:25,233 | INFO | app.api.clients | Simulation submitted simulation_id=3f6lvs7U54zbM11bK0ARdGn expression=ts_decay_linear((ts_delta(close, 60) - ts_decay_linear(ts_delta(adv20, 60), 3)), 60)
2026-03-20 01:44:59,882 | INFO | app.pipeline.runner | Starting mining cycle 1/999999
2026-03-20 01:44:59,883 | INFO | app.pipeline.runner | Running generation 1/3
2026-03-20 01:44:59,894 | INFO | app.pipeline.runner | Preparing simulation template=momentum expression=rank((ts_rank(close, 120) - ts_rank(close, 120)))
2026-03-20 01:44:59,894 | INFO | events | preparing template=momentum expression=rank((ts_rank(close, 120) - ts_rank(close, 120)))
2026-03-20 01:45:00,816 | INFO | app.api.clients | WorldQuant login succeeded using basic auth
2026-03-20 01:45:01,141 | INFO | app.api.clients | Simulation submitted simulation_id=15JYCP8354khck5slD86alD expression=rank((ts_rank(close, 120) - ts_rank(close, 120)))
2026-03-20 01:46:41,761 | ERROR | app.pipeline.runner | Simulation failed for candidate rank((ts_rank(close, 120) - ts_rank(close, 120)))
Traceback (most recent call last):
  File "D:\Code\worldquant\app\pipeline\runner.py", line 129, in _process_candidate
    metrics = self.client.fetch_result(result_id)
              ^^^^^^^^^^^^^^^^^^^^^^^^^^^^^^^^^^^
  File "D:\Code\worldquant\app\api\clients.py", line 136, in fetch_result
    fitness=float(metrics.get("fitness", 0.0)),
            ^^^^^^^^^^^^^^^^^^^^^^^^^^^^^^^^^^
TypeError: float() argument must be a string or a real number, not 'NoneType'
2026-03-20 01:46:41,777 | INFO | app.pipeline.runner | Preparing simulation template=breakout expression=rank(((close - ts_min(close, 60)) / (1 + (ts_max(close, 60) - ts_min(close, 60)))))
2026-03-20 01:46:41,778 | INFO | events | preparing template=breakout expression=rank(((close - ts_min(close, 60)) / (1 + (ts_max(close, 60) - ts_min(close, 60)))))
2026-03-20 01:46:42,511 | INFO | app.api.clients | Simulation submitted simulation_id=43dmV94KR4nqbSGgwlUTePb expression=rank(((close - ts_min(close, 60)) / (1 + (ts_max(close, 60) - ts_min(close, 60)))))
2026-03-20 01:46:43,437 | ERROR | app.pipeline.runner | Simulation failed for candidate rank(((close - ts_min(close, 60)) / (1 + (ts_max(close, 60) - ts_min(close, 60)))))
Traceback (most recent call last):
  File "D:\Code\worldquant\app\pipeline\runner.py", line 126, in _process_candidate
    terminal = self._wait_for_completion(handle.simulation_id)
               ^^^^^^^^^^^^^^^^^^^^^^^^^^^^^^^^^^^^^^^^^^^^^^^
  File "D:\Code\worldquant\app\pipeline\runner.py", line 157, in _wait_for_completion
    raise RuntimeError(f"Simulation failed with status: {status}")
RuntimeError: Simulation failed with status: error
2026-03-20 01:46:43,447 | INFO | app.pipeline.runner | Preparing simulation template=breakout expression=rank(((high - ts_min(high, 20)) / (1 + (ts_max(high, 20) - ts_min(high, 20)))))
2026-03-20 01:46:43,447 | INFO | events | preparing template=breakout expression=rank(((high - ts_min(high, 20)) / (1 + (ts_max(high, 20) - ts_min(high, 20)))))
2026-03-20 01:46:44,446 | INFO | app.api.clients | Simulation submitted simulation_id=3vGkWH1fV536aL9LCo3tpsA expression=rank(((high - ts_min(high, 20)) / (1 + (ts_max(high, 20) - ts_min(high, 20)))))
2026-03-20 01:46:45,430 | ERROR | app.pipeline.runner | Simulation failed for candidate rank(((high - ts_min(high, 20)) / (1 + (ts_max(high, 20) - ts_min(high, 20)))))
Traceback (most recent call last):
  File "D:\Code\worldquant\app\pipeline\runner.py", line 126, in _process_candidate
    terminal = self._wait_for_completion(handle.simulation_id)
               ^^^^^^^^^^^^^^^^^^^^^^^^^^^^^^^^^^^^^^^^^^^^^^^
  File "D:\Code\worldquant\app\pipeline\runner.py", line 157, in _wait_for_completion
    raise RuntimeError(f"Simulation failed with status: {status}")
RuntimeError: Simulation failed with status: error
2026-03-20 01:46:45,439 | INFO | app.pipeline.runner | Preparing simulation template=fundamental_cross expression=zscore((ts_rank(eps, 20) - ts_rank(sales, 20)))
2026-03-20 01:46:45,440 | INFO | events | preparing template=fundamental_cross expression=zscore((ts_rank(eps, 20) - ts_rank(sales, 20)))
2026-03-20 01:46:46,444 | INFO | app.api.clients | Simulation submitted simulation_id=4oBfK4gWy4KSb9pzK2q1LTx expression=zscore((ts_rank(eps, 20) - ts_rank(sales, 20)))
2026-03-20 01:48:28,856 | INFO | events | completed alpha_id=24 status=complete sharpe=0.7100 fitness=0.3200
2026-03-20 01:48:28,865 | INFO | app.pipeline.runner | Preparing simulation template=mean_reversion expression=rank(group_neutralize((returns - ts_mean(returns, 5)), sector))
2026-03-20 01:48:28,865 | INFO | events | preparing template=mean_reversion expression=rank(group_neutralize((returns - ts_mean(returns, 5)), sector))
2026-03-20 01:48:29,615 | INFO | app.api.clients | Simulation submitted simulation_id=3fNbJWNM4xha8w2ZigMegT expression=rank(group_neutralize((returns - ts_mean(returns, 5)), sector))
2026-03-20 01:49:22,756 | INFO | app.pipeline.runner | Starting mining cycle 1/999999
2026-03-20 01:49:22,758 | INFO | app.pipeline.runner | Running generation 1/3
2026-03-20 01:49:22,796 | INFO | app.pipeline.runner | Preparing simulation template=mean_reversion expression=rank(group_neutralize((returns - ts_mean(returns, 5)), industry))
2026-03-20 01:49:22,796 | INFO | events | preparing template=mean_reversion expression=rank(group_neutralize((returns - ts_mean(returns, 5)), industry))
2026-03-20 01:49:23,713 | INFO | app.api.clients | WorldQuant login succeeded using basic auth
2026-03-20 01:49:24,055 | INFO | app.api.clients | Simulation submitted simulation_id=33b8dieEK4BSa4eJWqK8VQM expression=rank(group_neutralize((returns - ts_mean(returns, 5)), industry))
2026-03-20 01:49:24,056 | INFO | app.pipeline.runner | Simulation accepted template=mean_reversion simulation_id=33b8dieEK4BSa4eJWqK8VQM
2026-03-20 01:51:20,406 | INFO | events | completed alpha_id=27 status=complete sharpe=-0.5400 fitness=-0.1100
2026-03-20 01:51:20,407 | INFO | app.pipeline.runner | Simulation completed simulation_id=33b8dieEK4BSa4eJWqK8VQM alpha_id=vR91OjEA sharpe=-0.5400 fitness=-0.1100 returns=-0.0520 drawdown=0.3418
2026-03-20 01:51:20,416 | INFO | app.pipeline.runner | Preparing simulation template=volatility_reversion expression=rank(((returns - ts_mean(returns, 10)) / (1 + ts_std_dev(returns, 10))))
2026-03-20 01:51:20,416 | INFO | events | preparing template=volatility_reversion expression=rank(((returns - ts_mean(returns, 10)) / (1 + ts_std_dev(returns, 10))))
2026-03-20 01:51:21,109 | INFO | app.api.clients | Simulation submitted simulation_id=3mvUf6xT5f9bFwPbFHxLFY expression=rank(((returns - ts_mean(returns, 10)) / (1 + ts_std_dev(returns, 10))))
2026-03-20 01:51:21,110 | INFO | app.pipeline.runner | Simulation accepted template=volatility_reversion simulation_id=3mvUf6xT5f9bFwPbFHxLFY
2026-03-20 01:52:39,703 | INFO | events | completed alpha_id=28 status=complete sharpe=-1.0500 fitness=-0.2900
2026-03-20 01:52:39,704 | INFO | app.pipeline.runner | Simulation completed simulation_id=3mvUf6xT5f9bFwPbFHxLFY alpha_id=blM6xjqK sharpe=-1.0500 fitness=-0.2900 returns=-0.1042 drawdown=0.5445
2026-03-20 01:52:39,746 | INFO | app.pipeline.runner | Preparing simulation template=fundamental_cross expression=rank((ts_rank(book_value, 20) - ts_rank(eps, 20)))
2026-03-20 01:52:39,746 | INFO | events | preparing template=fundamental_cross expression=rank((ts_rank(book_value, 20) - ts_rank(eps, 20)))
2026-03-20 01:52:39,993 | INFO | app.api.clients | Simulation submitted simulation_id=39EDot47D56mbv61fG24izeJ expression=rank((ts_rank(book_value, 20) - ts_rank(eps, 20)))
2026-03-20 01:52:39,994 | INFO | app.pipeline.runner | Simulation accepted template=fundamental_cross simulation_id=39EDot47D56mbv61fG24izeJ
2026-03-20 01:52:46,692 | ERROR | app.pipeline.runner | Simulation failed for candidate rank((ts_rank(book_value, 20) - ts_rank(eps, 20)))
Traceback (most recent call last):
  File "D:\Code\worldquant\app\pipeline\runner.py", line 150, in _process_candidate
    terminal = self._wait_for_completion(handle.simulation_id)
               ^^^^^^^^^^^^^^^^^^^^^^^^^^^^^^^^^^^^^^^^^^^^^^^
  File "D:\Code\worldquant\app\pipeline\runner.py", line 190, in _wait_for_completion
    raise RuntimeError(f"Simulation failed with status: {status}")
RuntimeError: Simulation failed with status: error
2026-03-20 01:52:46,695 | INFO | app.pipeline.runner | Running generation 2/3
2026-03-20 01:52:46,771 | INFO | app.pipeline.runner | Preparing simulation template=mean_reversion expression=zscore(group_neutralize((eps - ts_mean(eps, 5)), sector))
2026-03-20 01:52:46,771 | INFO | events | preparing template=mean_reversion expression=zscore(group_neutralize((eps - ts_mean(eps, 5)), sector))
2026-03-20 01:52:47,213 | INFO | app.api.clients | Simulation submitted simulation_id=44sZbWgV94nob7L11HrbdfX0 expression=zscore(group_neutralize((eps - ts_mean(eps, 5)), sector))
2026-03-20 01:52:47,214 | INFO | app.pipeline.runner | Simulation accepted template=mean_reversion simulation_id=44sZbWgV94nob7L11HrbdfX0
2026-03-20 01:54:11,678 | INFO | events | completed alpha_id=34 status=complete sharpe=0.5600 fitness=0.1800
2026-03-20 01:54:11,678 | INFO | app.pipeline.runner | Simulation completed simulation_id=44sZbWgV94nob7L11HrbdfX0 alpha_id=1YLNGWYJ sharpe=0.5600 fitness=0.1800 returns=0.0762 drawdown=0.1839
2026-03-20 01:54:11,690 | INFO | app.pipeline.runner | Preparing simulation template=volatility_reversion expression=rank(((vwap - ts_mean(vwap, 10)) / (1 + ts_std_dev(vwap, 10))))
2026-03-20 01:54:11,691 | INFO | events | preparing template=volatility_reversion expression=rank(((vwap - ts_mean(vwap, 10)) / (1 + ts_std_dev(vwap, 10))))
2026-03-20 01:54:12,460 | INFO | app.api.clients | Simulation submitted simulation_id=50HSjbBi4h89uJYZ9Lbzox expression=rank(((vwap - ts_mean(vwap, 10)) / (1 + ts_std_dev(vwap, 10))))
2026-03-20 01:54:12,460 | INFO | app.pipeline.runner | Simulation accepted template=volatility_reversion simulation_id=50HSjbBi4h89uJYZ9Lbzox
2026-03-20 01:56:45,418 | INFO | events | completed alpha_id=35 status=complete sharpe=-1.6200 fitness=-0.9200
2026-03-20 01:56:45,419 | INFO | app.pipeline.runner | Simulation completed simulation_id=50HSjbBi4h89uJYZ9Lbzox alpha_id=3qxoGvrP sharpe=-1.6200 fitness=-0.9200 returns=-0.1600 drawdown=0.8096
2026-03-20 01:56:45,420 | INFO | app.pipeline.runner | Running generation 3/3
2026-03-20 01:56:45,644 | INFO | app.pipeline.runner | Preparing simulation template=mean_reversion expression=zscore(group_neutralize((returns - ts_mean(returns, 5)), industry))
2026-03-20 01:56:45,645 | INFO | events | preparing template=mean_reversion expression=zscore(group_neutralize((returns - ts_mean(returns, 5)), industry))
2026-03-20 01:56:46,130 | INFO | app.api.clients | Simulation submitted simulation_id=2CriXj1zt5cx9gZ13MMMDU05 expression=zscore(group_neutralize((returns - ts_mean(returns, 5)), industry))
2026-03-20 01:56:46,131 | INFO | app.pipeline.runner | Simulation accepted template=mean_reversion simulation_id=2CriXj1zt5cx9gZ13MMMDU05
2026-03-20 01:59:28,716 | INFO | events | completed alpha_id=40 status=complete sharpe=-0.4400 fitness=-0.0900
2026-03-20 01:59:28,716 | INFO | app.pipeline.runner | Simulation completed simulation_id=2CriXj1zt5cx9gZ13MMMDU05 alpha_id=aklKeYGW sharpe=-0.4400 fitness=-0.0900 returns=-0.0624 drawdown=0.4785
2026-03-20 01:59:28,717 | INFO | app.pipeline.runner | Cycle 1 complete: submitted=15.0 complete=5.0 best=0.0 avg_reward=-2.0548
2026-03-20 01:59:33,717 | INFO | app.pipeline.runner | Starting mining cycle 2/999999
2026-03-20 01:59:33,720 | INFO | app.pipeline.runner | Running generation 1/3
2026-03-20 01:59:33,842 | INFO | app.pipeline.runner | Running generation 2/3
2026-03-20 01:59:33,924 | INFO | app.pipeline.runner | Preparing simulation template=mean_reversion expression=zscore(group_neutralize((eps - ts_mean(eps, 10)), sector))
2026-03-20 01:59:33,925 | INFO | events | preparing template=mean_reversion expression=zscore(group_neutralize((eps - ts_mean(eps, 10)), sector))
2026-03-20 01:59:34,180 | INFO | app.api.clients | Simulation submitted simulation_id=3SxHF46Ln4Qe8XR9ZsGfnpr expression=zscore(group_neutralize((eps - ts_mean(eps, 10)), sector))
2026-03-20 01:59:34,181 | INFO | app.pipeline.runner | Simulation accepted template=mean_reversion simulation_id=3SxHF46Ln4Qe8XR9ZsGfnpr
2026-03-20 02:02:02,810 | INFO | events | completed alpha_id=49 status=complete sharpe=0.1600 fitness=0.0300
2026-03-20 02:02:02,812 | INFO | app.pipeline.runner | Simulation completed simulation_id=3SxHF46Ln4Qe8XR9ZsGfnpr alpha_id=e7K5N2dO sharpe=0.1600 fitness=0.0300 returns=0.0171 drawdown=0.1741
2026-03-20 02:02:02,853 | INFO | app.pipeline.runner | Running generation 3/3
2026-03-20 02:02:02,996 | INFO | app.pipeline.runner | Preparing simulation template=price_volume_divergence expression=rank((ts_delta(close, 10) - ts_decay_linear(ts_delta(adv20, 10), 5)))
2026-03-20 02:02:02,996 | INFO | events | preparing template=price_volume_divergence expression=rank((ts_delta(close, 10) - ts_decay_linear(ts_delta(adv20, 10), 5)))
2026-03-20 02:02:03,253 | INFO | app.api.clients | Simulation submitted simulation_id=ZOIeOlK4ZJ93s1hlDVfSKz expression=rank((ts_delta(close, 10) - ts_decay_linear(ts_delta(adv20, 10), 5)))
2026-03-20 02:02:03,254 | INFO | app.pipeline.runner | Simulation accepted template=price_volume_divergence simulation_id=ZOIeOlK4ZJ93s1hlDVfSKz
2026-03-20 02:12:34,075 | ERROR | app.pipeline.runner | Simulation failed for candidate rank((ts_delta(close, 10) - ts_decay_linear(ts_delta(adv20, 10), 5)))
Traceback (most recent call last):
  File "D:\Code\worldquant\app\pipeline\runner.py", line 150, in _process_candidate
    terminal = self._wait_for_completion(handle.simulation_id)
               ^^^^^^^^^^^^^^^^^^^^^^^^^^^^^^^^^^^^^^^^^^^^^^^
  File "D:\Code\worldquant\app\pipeline\runner.py", line 192, in _wait_for_completion
    raise TimeoutError(f"Simulation {simulation_id} timed out")
TimeoutError: Simulation ZOIeOlK4ZJ93s1hlDVfSKz timed out
2026-03-20 02:12:34,126 | INFO | app.pipeline.runner | Cycle 2 complete: submitted=15.0 complete=1.0 best=0.0 avg_reward=-2.7291
2026-03-20 02:12:39,127 | INFO | app.pipeline.runner | Starting mining cycle 3/999999
2026-03-20 02:12:39,131 | INFO | app.pipeline.runner | Running generation 1/3
2026-03-20 02:12:39,304 | INFO | app.pipeline.runner | Preparing simulation template=price_volume_divergence expression=rank((ts_delta(vwap, 5) - ts_decay_linear(ts_delta(volume, 5), 3)))
2026-03-20 02:12:39,305 | INFO | events | preparing template=price_volume_divergence expression=rank((ts_delta(vwap, 5) - ts_decay_linear(ts_delta(volume, 5), 3)))
2026-03-20 02:12:39,549 | INFO | app.api.clients | Simulation submitted simulation_id=4fnxz8aNE5bF9a719bPvcda8 expression=rank((ts_delta(vwap, 5) - ts_decay_linear(ts_delta(volume, 5), 3)))
2026-03-20 02:12:39,550 | INFO | app.pipeline.runner | Simulation accepted template=price_volume_divergence simulation_id=4fnxz8aNE5bF9a719bPvcda8
2026-03-20 02:23:19,612 | ERROR | app.pipeline.runner | Simulation failed for candidate rank((ts_delta(vwap, 5) - ts_decay_linear(ts_delta(volume, 5), 3)))
Traceback (most recent call last):
  File "D:\Code\worldquant\app\pipeline\runner.py", line 150, in _process_candidate
    terminal = self._wait_for_completion(handle.simulation_id)
               ^^^^^^^^^^^^^^^^^^^^^^^^^^^^^^^^^^^^^^^^^^^^^^^
  File "D:\Code\worldquant\app\pipeline\runner.py", line 192, in _wait_for_completion
    raise TimeoutError(f"Simulation {simulation_id} timed out")
TimeoutError: Simulation 4fnxz8aNE5bF9a719bPvcda8 timed out
2026-03-20 02:23:19,634 | INFO | app.pipeline.runner | Preparing simulation template=mean_reversion expression=zscore(group_neutralize((vwap - ts_mean(vwap, 5)), sector))
2026-03-20 02:23:19,634 | INFO | events | preparing template=mean_reversion expression=zscore(group_neutralize((vwap - ts_mean(vwap, 5)), sector))
2026-03-20 02:23:19,891 | INFO | app.api.clients | Simulation submitted simulation_id=1yTY766uZ57RcBT33jiCekS expression=zscore(group_neutralize((vwap - ts_mean(vwap, 5)), sector))
2026-03-20 02:23:19,891 | INFO | app.pipeline.runner | Simulation accepted template=mean_reversion simulation_id=1yTY766uZ57RcBT33jiCekS
2026-03-20 02:25:26,790 | INFO | events | completed alpha_id=60 status=complete sharpe=-0.9100 fitness=-0.3300
2026-03-20 02:25:26,791 | INFO | app.pipeline.runner | Simulation completed simulation_id=1yTY766uZ57RcBT33jiCekS alpha_id=O0kAzK3g sharpe=-0.9100 fitness=-0.3300 returns=-0.0977 drawdown=0.4913
2026-03-20 02:25:26,791 | INFO | app.pipeline.runner | Running generation 2/3
2026-03-20 02:25:26,973 | INFO | app.pipeline.runner | Preparing simulation template=mean_reversion expression=rank(group_neutralize((returns - ts_mean(returns, 20)), industry))
2026-03-20 02:25:26,973 | INFO | events | preparing template=mean_reversion expression=rank(group_neutralize((returns - ts_mean(returns, 20)), industry))
2026-03-20 02:25:27,460 | INFO | app.api.clients | Simulation submitted simulation_id=OYAI15mO5jVcMm13XHujS1h expression=rank(group_neutralize((returns - ts_mean(returns, 20)), industry))
2026-03-20 02:25:27,461 | INFO | app.pipeline.runner | Simulation accepted template=mean_reversion simulation_id=OYAI15mO5jVcMm13XHujS1h
2026-03-20 02:27:51,670 | INFO | events | completed alpha_id=64 status=complete sharpe=-1.2200 fitness=-0.3800
2026-03-20 02:27:51,671 | INFO | app.pipeline.runner | Simulation completed simulation_id=OYAI15mO5jVcMm13XHujS1h alpha_id=9qKxMRdo sharpe=-1.2200 fitness=-0.3800 returns=-0.1219 drawdown=0.6350
2026-03-20 02:27:51,690 | INFO | app.pipeline.runner | Preparing simulation template=mean_reversion expression=rank(group_neutralize((eps - ts_mean(eps, 5)), sector))
2026-03-20 02:27:51,690 | INFO | events | preparing template=mean_reversion expression=rank(group_neutralize((eps - ts_mean(eps, 5)), sector))
2026-03-20 02:27:52,354 | INFO | app.api.clients | Simulation submitted simulation_id=2slrQEeRP4FJ8z9EORO71SQ expression=rank(group_neutralize((eps - ts_mean(eps, 5)), sector))
2026-03-20 02:27:52,355 | INFO | app.pipeline.runner | Simulation accepted template=mean_reversion simulation_id=2slrQEeRP4FJ8z9EORO71SQ
2026-03-20 02:29:38,321 | INFO | events | completed alpha_id=65 status=complete sharpe=-0.0300 fitness=-0.0000
2026-03-20 02:29:38,322 | INFO | app.pipeline.runner | Simulation completed simulation_id=2slrQEeRP4FJ8z9EORO71SQ alpha_id=blM6zbWr sharpe=-0.0300 fitness=-0.0000 returns=-0.0024 drawdown=0.1610
2026-03-20 02:29:38,323 | INFO | app.pipeline.runner | Running generation 3/3
2026-03-20 02:29:38,518 | INFO | app.pipeline.runner | Preparing simulation template=quality_value expression=rank((ts_rank((eps / (1 + book_value)), 120) - ts_rank(book_value, 120)))
2026-03-20 02:29:38,519 | INFO | events | preparing template=quality_value expression=rank((ts_rank((eps / (1 + book_value)), 120) - ts_rank(book_value, 120)))
2026-03-20 02:29:38,981 | INFO | app.api.clients | Simulation submitted simulation_id=3wojw71fv4SB8Q1xXX7hzAg expression=rank((ts_rank((eps / (1 + book_value)), 120) - ts_rank(book_value, 120)))
2026-03-20 02:29:38,982 | INFO | app.pipeline.runner | Simulation accepted template=quality_value simulation_id=3wojw71fv4SB8Q1xXX7hzAg
2026-03-20 02:29:40,007 | ERROR | app.pipeline.runner | Simulation failed for candidate rank((ts_rank((eps / (1 + book_value)), 120) - ts_rank(book_value, 120)))
Traceback (most recent call last):
  File "D:\Code\worldquant\app\pipeline\runner.py", line 150, in _process_candidate
    terminal = self._wait_for_completion(handle.simulation_id)
               ^^^^^^^^^^^^^^^^^^^^^^^^^^^^^^^^^^^^^^^^^^^^^^^
  File "D:\Code\worldquant\app\pipeline\runner.py", line 190, in _wait_for_completion
    raise RuntimeError(f"Simulation failed with status: {status}")
RuntimeError: Simulation failed with status: error
2026-03-20 02:29:40,053 | INFO | app.pipeline.runner | Cycle 3 complete: submitted=15.0 complete=3.0 best=0.0 avg_reward=-2.3444
2026-03-20 02:29:45,055 | INFO | app.pipeline.runner | Starting mining cycle 4/999999
2026-03-20 02:29:45,058 | INFO | app.pipeline.runner | Running generation 1/3
2026-03-20 02:29:45,368 | INFO | app.pipeline.runner | Preparing simulation template=breakout expression=ts_rank(((vwap - ts_min(vwap, 60)) / (1 + (ts_max(vwap, 60) - ts_min(vwap, 60)))), 60)
2026-03-20 02:29:45,369 | INFO | events | preparing template=breakout expression=ts_rank(((vwap - ts_min(vwap, 60)) / (1 + (ts_max(vwap, 60) - ts_min(vwap, 60)))), 60)
2026-03-20 02:29:45,629 | INFO | app.api.clients | Simulation submitted simulation_id=3k6Uzc3Pf4r68NbVpwjfTFB expression=ts_rank(((vwap - ts_min(vwap, 60)) / (1 + (ts_max(vwap, 60) - ts_min(vwap, 60)))), 60)
2026-03-20 02:29:45,629 | INFO | app.pipeline.runner | Simulation accepted template=breakout simulation_id=3k6Uzc3Pf4r68NbVpwjfTFB
2026-03-20 02:29:46,644 | ERROR | app.pipeline.runner | Simulation failed for candidate ts_rank(((vwap - ts_min(vwap, 60)) / (1 + (ts_max(vwap, 60) - ts_min(vwap, 60)))), 60)
Traceback (most recent call last):
  File "D:\Code\worldquant\app\pipeline\runner.py", line 150, in _process_candidate
    terminal = self._wait_for_completion(handle.simulation_id)
               ^^^^^^^^^^^^^^^^^^^^^^^^^^^^^^^^^^^^^^^^^^^^^^^
  File "D:\Code\worldquant\app\pipeline\runner.py", line 190, in _wait_for_completion
    raise RuntimeError(f"Simulation failed with status: {status}")
RuntimeError: Simulation failed with status: error
2026-03-20 02:29:46,644 | INFO | app.pipeline.runner | Running generation 2/3
2026-03-20 02:29:46,847 | INFO | app.pipeline.runner | Preparing simulation template=mean_reversion expression=zscore(group_neutralize((book_value - ts_mean(book_value, 5)), industry))
2026-03-20 02:29:46,848 | INFO | events | preparing template=mean_reversion expression=zscore(group_neutralize((book_value - ts_mean(book_value, 5)), industry))
2026-03-20 02:29:47,617 | INFO | app.api.clients | Simulation submitted simulation_id=3xGXrz8Bh4Q9a86BMr3keMi expression=zscore(group_neutralize((book_value - ts_mean(book_value, 5)), industry))
2026-03-20 02:29:47,618 | INFO | app.pipeline.runner | Simulation accepted template=mean_reversion simulation_id=3xGXrz8Bh4Q9a86BMr3keMi
2026-03-20 02:29:53,937 | ERROR | app.pipeline.runner | Simulation failed for candidate zscore(group_neutralize((book_value - ts_mean(book_value, 5)), industry))
Traceback (most recent call last):
  File "D:\Code\worldquant\app\pipeline\runner.py", line 150, in _process_candidate
    terminal = self._wait_for_completion(handle.simulation_id)
               ^^^^^^^^^^^^^^^^^^^^^^^^^^^^^^^^^^^^^^^^^^^^^^^
  File "D:\Code\worldquant\app\pipeline\runner.py", line 190, in _wait_for_completion
    raise RuntimeError(f"Simulation failed with status: {status}")
RuntimeError: Simulation failed with status: error
2026-03-20 02:29:53,939 | INFO | app.pipeline.runner | Running generation 3/3
2026-03-20 02:29:54,111 | INFO | app.pipeline.runner | Preparing simulation template=fundamental_cross expression=rank((ts_rank(vwap, 5) - ts_rank(eps, 5)))
2026-03-20 02:29:54,112 | INFO | events | preparing template=fundamental_cross expression=rank((ts_rank(vwap, 5) - ts_rank(eps, 5)))
2026-03-20 02:29:54,831 | INFO | app.api.clients | Simulation submitted simulation_id=2A5MSudqA4EH9Rlza2OJSEM expression=rank((ts_rank(vwap, 5) - ts_rank(eps, 5)))
2026-03-20 02:29:54,832 | INFO | app.pipeline.runner | Simulation accepted template=fundamental_cross simulation_id=2A5MSudqA4EH9Rlza2OJSEM
2026-03-20 02:31:25,361 | INFO | events | completed alpha_id=84 status=complete sharpe=-1.6500 fitness=-0.6500
2026-03-20 02:31:25,361 | INFO | app.pipeline.runner | Simulation completed simulation_id=2A5MSudqA4EH9Rlza2OJSEM alpha_id=aklKzea6 sharpe=-1.6500 fitness=-0.6500 returns=-0.1373 drawdown=0.7278
2026-03-20 02:31:25,381 | INFO | app.pipeline.runner | Preparing simulation template=fundamental_cross expression=rank((ts_rank(eps, 20) - ts_rank(operating_margin, 20)))
2026-03-20 02:31:25,381 | INFO | events | preparing template=fundamental_cross expression=rank((ts_rank(eps, 20) - ts_rank(operating_margin, 20)))
2026-03-20 02:31:26,014 | INFO | app.api.clients | Simulation submitted simulation_id=4nf1eYcI24MQbHI111CK3XDY expression=rank((ts_rank(eps, 20) - ts_rank(operating_margin, 20)))
2026-03-20 02:31:26,015 | INFO | app.pipeline.runner | Simulation accepted template=fundamental_cross simulation_id=4nf1eYcI24MQbHI111CK3XDY
2026-03-20 02:31:32,261 | ERROR | app.pipeline.runner | Simulation failed for candidate rank((ts_rank(eps, 20) - ts_rank(operating_margin, 20)))
Traceback (most recent call last):
  File "D:\Code\worldquant\app\pipeline\runner.py", line 150, in _process_candidate
    terminal = self._wait_for_completion(handle.simulation_id)
               ^^^^^^^^^^^^^^^^^^^^^^^^^^^^^^^^^^^^^^^^^^^^^^^
  File "D:\Code\worldquant\app\pipeline\runner.py", line 190, in _wait_for_completion
    raise RuntimeError(f"Simulation failed with status: {status}")
RuntimeError: Simulation failed with status: error
2026-03-20 02:31:32,263 | INFO | app.pipeline.runner | Cycle 4 complete: submitted=15.0 complete=1.0 best=0.0 avg_reward=-2.6634
2026-03-20 02:31:37,265 | INFO | app.pipeline.runner | Starting mining cycle 5/999999
2026-03-20 02:31:37,269 | INFO | app.pipeline.runner | Running generation 1/3
2026-03-20 02:31:37,438 | INFO | app.pipeline.runner | Preparing simulation template=volatility_reversion expression=zscore(((returns - ts_mean(returns, 60)) / (1 + ts_std_dev(returns, 60))))
2026-03-20 02:31:37,439 | INFO | events | preparing template=volatility_reversion expression=zscore(((returns - ts_mean(returns, 60)) / (1 + ts_std_dev(returns, 60))))
2026-03-20 02:31:37,697 | INFO | app.api.clients | Simulation submitted simulation_id=4703LT8eN4wwa3a3V1EDpDg expression=zscore(((returns - ts_mean(returns, 60)) / (1 + ts_std_dev(returns, 60))))
2026-03-20 02:31:37,697 | INFO | app.pipeline.runner | Simulation accepted template=volatility_reversion simulation_id=4703LT8eN4wwa3a3V1EDpDg
2026-03-20 02:32:53,816 | INFO | events | completed alpha_id=89 status=complete sharpe=-1.0400 fitness=-0.3400
2026-03-20 02:32:53,817 | INFO | app.pipeline.runner | Simulation completed simulation_id=4703LT8eN4wwa3a3V1EDpDg alpha_id=LL6Mz2Rn sharpe=-1.0400 fitness=-0.3400 returns=-0.1565 drawdown=0.8153
2026-03-20 02:32:53,837 | INFO | app.pipeline.runner | Preparing simulation template=quality_value expression=rank((ts_rank((book_value / (1 + sales)), 60) - ts_rank(sales, 60)))
2026-03-20 02:32:53,838 | INFO | events | preparing template=quality_value expression=rank((ts_rank((book_value / (1 + sales)), 60) - ts_rank(sales, 60)))
2026-03-20 02:32:58,228 | INFO | app.api.clients | Simulation submitted simulation_id=sQQ4I4WQ4jZ8U3ozkFOpLp expression=rank((ts_rank((book_value / (1 + sales)), 60) - ts_rank(sales, 60)))
2026-03-20 02:32:58,229 | INFO | app.pipeline.runner | Simulation accepted template=quality_value simulation_id=sQQ4I4WQ4jZ8U3ozkFOpLp
2026-03-20 02:33:03,709 | ERROR | app.pipeline.runner | Simulation failed for candidate rank((ts_rank((book_value / (1 + sales)), 60) - ts_rank(sales, 60)))
Traceback (most recent call last):
  File "D:\Code\worldquant\app\pipeline\runner.py", line 150, in _process_candidate
    terminal = self._wait_for_completion(handle.simulation_id)
               ^^^^^^^^^^^^^^^^^^^^^^^^^^^^^^^^^^^^^^^^^^^^^^^
  File "D:\Code\worldquant\app\pipeline\runner.py", line 190, in _wait_for_completion
    raise RuntimeError(f"Simulation failed with status: {status}")
RuntimeError: Simulation failed with status: error
2026-03-20 02:33:03,710 | INFO | app.pipeline.runner | Running generation 2/3
2026-03-20 02:33:03,942 | INFO | app.pipeline.runner | Running generation 3/3
2026-03-20 02:33:04,154 | INFO | app.pipeline.runner | Preparing simulation template=mean_reversion expression=zscore(group_neutralize((returns - ts_mean(returns, 5)), sector))
2026-03-20 02:33:04,154 | INFO | events | preparing template=mean_reversion expression=zscore(group_neutralize((returns - ts_mean(returns, 5)), sector))
2026-03-20 02:33:04,703 | INFO | app.api.clients | Simulation submitted simulation_id=xn5PffP14TtcBaco9gFKSS expression=zscore(group_neutralize((returns - ts_mean(returns, 5)), sector))
2026-03-20 02:33:04,703 | INFO | app.pipeline.runner | Simulation accepted template=mean_reversion simulation_id=xn5PffP14TtcBaco9gFKSS
2026-03-20 02:34:45,488 | INFO | events | completed alpha_id=100 status=complete sharpe=-0.4400 fitness=-0.0900
2026-03-20 02:34:45,489 | INFO | app.pipeline.runner | Simulation completed simulation_id=xn5PffP14TtcBaco9gFKSS alpha_id=O0kAzlX7 sharpe=-0.4400 fitness=-0.0900 returns=-0.0624 drawdown=0.4785
2026-03-20 02:34:45,490 | INFO | app.pipeline.runner | Cycle 5 complete: submitted=15.0 complete=2.0 best=0.0 avg_reward=-2.5853
2026-03-20 02:34:50,491 | INFO | app.pipeline.runner | Starting mining cycle 6/999999
2026-03-20 02:34:50,495 | INFO | app.pipeline.runner | Running generation 1/3
2026-03-20 02:34:50,657 | INFO | app.pipeline.runner | Preparing simulation template=quality_value expression=rank((ts_rank((operating_margin / (1 + sales)), 120) - ts_rank(sales, 120)))
2026-03-20 02:34:50,658 | INFO | events | preparing template=quality_value expression=rank((ts_rank((operating_margin / (1 + sales)), 120) - ts_rank(sales, 120)))
2026-03-20 02:34:50,906 | INFO | app.api.clients | Simulation submitted simulation_id=2sUjRxcLL4ojaBU1dvymDZj0 expression=rank((ts_rank((operating_margin / (1 + sales)), 120) - ts_rank(sales, 120)))
2026-03-20 02:34:50,907 | INFO | app.pipeline.runner | Simulation accepted template=quality_value simulation_id=2sUjRxcLL4ojaBU1dvymDZj0
2026-03-20 02:34:51,919 | ERROR | app.pipeline.runner | Simulation failed for candidate rank((ts_rank((operating_margin / (1 + sales)), 120) - ts_rank(sales, 120)))
Traceback (most recent call last):
  File "D:\Code\worldquant\app\pipeline\runner.py", line 150, in _process_candidate
    terminal = self._wait_for_completion(handle.simulation_id)
               ^^^^^^^^^^^^^^^^^^^^^^^^^^^^^^^^^^^^^^^^^^^^^^^
  File "D:\Code\worldquant\app\pipeline\runner.py", line 190, in _wait_for_completion
    raise RuntimeError(f"Simulation failed with status: {status}")
RuntimeError: Simulation failed with status: error
2026-03-20 02:34:51,942 | INFO | app.pipeline.runner | Preparing simulation template=mean_reversion expression=rank(group_neutralize((returns - ts_mean(returns, 20)), sector))
2026-03-20 02:34:51,943 | INFO | events | preparing template=mean_reversion expression=rank(group_neutralize((returns - ts_mean(returns, 20)), sector))
2026-03-20 02:34:53,035 | INFO | app.api.clients | Simulation submitted simulation_id=1efCRe5Tc4weaCnTcO3D5SY expression=rank(group_neutralize((returns - ts_mean(returns, 20)), sector))
2026-03-20 02:34:53,035 | INFO | app.pipeline.runner | Simulation accepted template=mean_reversion simulation_id=1efCRe5Tc4weaCnTcO3D5SY
2026-03-20 02:37:05,211 | INFO | events | completed alpha_id=105 status=complete sharpe=-1.2500 fitness=-0.3900
2026-03-20 02:37:05,211 | INFO | app.pipeline.runner | Simulation completed simulation_id=1efCRe5Tc4weaCnTcO3D5SY alpha_id=YPm1Jqow sharpe=-1.2500 fitness=-0.3900 returns=-0.1270 drawdown=0.6605
2026-03-20 02:37:05,212 | INFO | app.pipeline.runner | Running generation 2/3
2026-03-20 02:37:05,453 | INFO | app.pipeline.runner | Running generation 3/3
2026-03-20 02:37:05,650 | INFO | app.pipeline.runner | Preparing simulation template=momentum expression=rank((ts_rank(returns, 60) - ts_rank(returns, 120)))
2026-03-20 02:37:05,650 | INFO | events | preparing template=momentum expression=rank((ts_rank(returns, 60) - ts_rank(returns, 120)))
2026-03-20 02:37:05,900 | INFO | app.api.clients | Simulation submitted simulation_id=2zB25EcLe4YLbi91eHSbHAHu expression=rank((ts_rank(returns, 60) - ts_rank(returns, 120)))
2026-03-20 02:37:05,902 | INFO | app.pipeline.runner | Simulation accepted template=momentum simulation_id=2zB25EcLe4YLbi91eHSbHAHu
2026-03-20 02:38:30,719 | INFO | events | completed alpha_id=114 status=complete sharpe=0.7500 fitness=0.1400
2026-03-20 02:38:30,720 | INFO | app.pipeline.runner | Simulation completed simulation_id=2zB25EcLe4YLbi91eHSbHAHu alpha_id=qMdL3d9V sharpe=0.7500 fitness=0.1400 returns=0.0383 drawdown=0.0792
2026-03-20 02:38:30,766 | INFO | app.pipeline.runner | Cycle 6 complete: submitted=15.0 complete=2.0 best=0.0 avg_reward=-2.5561
2026-03-20 02:38:35,767 | INFO | app.pipeline.runner | Starting mining cycle 7/999999
2026-03-20 02:38:35,769 | INFO | app.pipeline.runner | Running generation 1/3
2026-03-20 02:38:35,922 | INFO | app.pipeline.runner | Preparing simulation template=breakout expression=ts_rank(((high - ts_min(high, 60)) / (1 + (ts_max(high, 60) - ts_min(high, 60)))), 60)
2026-03-20 02:38:35,923 | INFO | events | preparing template=breakout expression=ts_rank(((high - ts_min(high, 60)) / (1 + (ts_max(high, 60) - ts_min(high, 60)))), 60)
2026-03-20 02:38:36,213 | INFO | app.api.clients | Simulation submitted simulation_id=4q7R1f6ex4XKbQ51d9Qi7Kld expression=ts_rank(((high - ts_min(high, 60)) / (1 + (ts_max(high, 60) - ts_min(high, 60)))), 60)
2026-03-20 02:38:36,215 | INFO | app.pipeline.runner | Simulation accepted template=breakout simulation_id=4q7R1f6ex4XKbQ51d9Qi7Kld
2026-03-20 02:38:37,197 | ERROR | app.pipeline.runner | Simulation failed for candidate ts_rank(((high - ts_min(high, 60)) / (1 + (ts_max(high, 60) - ts_min(high, 60)))), 60)
Traceback (most recent call last):
  File "D:\Code\worldquant\app\pipeline\runner.py", line 150, in _process_candidate
    terminal = self._wait_for_completion(handle.simulation_id)
               ^^^^^^^^^^^^^^^^^^^^^^^^^^^^^^^^^^^^^^^^^^^^^^^
  File "D:\Code\worldquant\app\pipeline\runner.py", line 190, in _wait_for_completion
    raise RuntimeError(f"Simulation failed with status: {status}")
RuntimeError: Simulation failed with status: error
2026-03-20 02:38:37,223 | INFO | app.pipeline.runner | Preparing simulation template=quality_value expression=zscore((ts_rank((operating_margin / (1 + cashflow)), 60) - ts_rank(cashflow, 60)))
2026-03-20 02:38:37,224 | INFO | events | preparing template=quality_value expression=zscore((ts_rank((operating_margin / (1 + cashflow)), 60) - ts_rank(cashflow, 60)))
2026-03-20 02:38:38,183 | INFO | app.api.clients | Simulation submitted simulation_id=2h4aQ386w4FMa6FEOyeobXj expression=zscore((ts_rank((operating_margin / (1 + cashflow)), 60) - ts_rank(cashflow, 60)))
2026-03-20 02:38:38,183 | INFO | app.pipeline.runner | Simulation accepted template=quality_value simulation_id=2h4aQ386w4FMa6FEOyeobXj
2026-03-20 02:38:39,196 | ERROR | app.pipeline.runner | Simulation failed for candidate zscore((ts_rank((operating_margin / (1 + cashflow)), 60) - ts_rank(cashflow, 60)))
Traceback (most recent call last):
  File "D:\Code\worldquant\app\pipeline\runner.py", line 150, in _process_candidate
    terminal = self._wait_for_completion(handle.simulation_id)
               ^^^^^^^^^^^^^^^^^^^^^^^^^^^^^^^^^^^^^^^^^^^^^^^
  File "D:\Code\worldquant\app\pipeline\runner.py", line 190, in _wait_for_completion
    raise RuntimeError(f"Simulation failed with status: {status}")
RuntimeError: Simulation failed with status: error
2026-03-20 02:38:39,198 | INFO | app.pipeline.runner | Running generation 2/3
2026-03-20 02:38:39,369 | INFO | app.pipeline.runner | Preparing simulation template=volatility_reversion expression=rank(((returns - ts_mean(returns, 5)) / (1 + ts_std_dev(returns, 5))))
2026-03-20 02:38:39,369 | INFO | events | preparing template=volatility_reversion expression=rank(((returns - ts_mean(returns, 5)) / (1 + ts_std_dev(returns, 5))))
2026-03-20 02:38:40,185 | INFO | app.api.clients | Simulation submitted simulation_id=2pDVmUci74x6arJ18wboHVFI expression=rank(((returns - ts_mean(returns, 5)) / (1 + ts_std_dev(returns, 5))))
2026-03-20 02:38:40,186 | INFO | app.pipeline.runner | Simulation accepted template=volatility_reversion simulation_id=2pDVmUci74x6arJ18wboHVFI
2026-03-20 02:41:46,613 | INFO | events | completed alpha_id=124 status=complete sharpe=-0.5700 fitness=-0.1200
2026-03-20 02:41:46,614 | INFO | app.pipeline.runner | Simulation completed simulation_id=2pDVmUci74x6arJ18wboHVFI alpha_id=WjdO07KP sharpe=-0.5700 fitness=-0.1200 returns=-0.0558 drawdown=0.3636
2026-03-20 02:41:46,661 | INFO | app.pipeline.runner | Running generation 3/3
2026-03-20 02:41:46,862 | INFO | app.pipeline.runner | Preparing simulation template=price_volume_divergence expression=rank((ts_delta(returns, 5) - ts_decay_linear(ts_delta(volume, 5), 3)))
2026-03-20 02:41:46,862 | INFO | events | preparing template=price_volume_divergence expression=rank((ts_delta(returns, 5) - ts_decay_linear(ts_delta(volume, 5), 3)))
2026-03-20 02:41:47,230 | INFO | app.api.clients | Simulation submitted simulation_id=4auwr3e1d4EqbmTc8Omf2SV expression=rank((ts_delta(returns, 5) - ts_decay_linear(ts_delta(volume, 5), 3)))
2026-03-20 02:41:47,231 | INFO | app.pipeline.runner | Simulation accepted template=price_volume_divergence simulation_id=4auwr3e1d4EqbmTc8Omf2SV
2026-03-20 02:52:21,140 | ERROR | app.pipeline.runner | Simulation failed for candidate rank((ts_delta(returns, 5) - ts_decay_linear(ts_delta(volume, 5), 3)))
Traceback (most recent call last):
  File "D:\Code\worldquant\app\pipeline\runner.py", line 150, in _process_candidate
    terminal = self._wait_for_completion(handle.simulation_id)
               ^^^^^^^^^^^^^^^^^^^^^^^^^^^^^^^^^^^^^^^^^^^^^^^
  File "D:\Code\worldquant\app\pipeline\runner.py", line 192, in _wait_for_completion
    raise TimeoutError(f"Simulation {simulation_id} timed out")
TimeoutError: Simulation 4auwr3e1d4EqbmTc8Omf2SV timed out
2026-03-20 02:52:21,168 | INFO | app.pipeline.runner | Preparing simulation template=quality_value expression=zscore((ts_rank((book_value / (1 + sales)), 60) - ts_rank(sales, 60)))
2026-03-20 02:52:21,168 | INFO | events | preparing template=quality_value expression=zscore((ts_rank((book_value / (1 + sales)), 60) - ts_rank(sales, 60)))
2026-03-20 02:52:21,459 | INFO | app.api.clients | Simulation submitted simulation_id=3VWrOr5PQ5bWbfM16g3XFMAE expression=zscore((ts_rank((book_value / (1 + sales)), 60) - ts_rank(sales, 60)))
2026-03-20 02:52:21,460 | INFO | app.pipeline.runner | Simulation accepted template=quality_value simulation_id=3VWrOr5PQ5bWbfM16g3XFMAE
2026-03-20 02:52:22,425 | ERROR | app.pipeline.runner | Simulation failed for candidate zscore((ts_rank((book_value / (1 + sales)), 60) - ts_rank(sales, 60)))
Traceback (most recent call last):
  File "D:\Code\worldquant\app\pipeline\runner.py", line 150, in _process_candidate
    terminal = self._wait_for_completion(handle.simulation_id)
               ^^^^^^^^^^^^^^^^^^^^^^^^^^^^^^^^^^^^^^^^^^^^^^^
  File "D:\Code\worldquant\app\pipeline\runner.py", line 190, in _wait_for_completion
    raise RuntimeError(f"Simulation failed with status: {status}")
RuntimeError: Simulation failed with status: error
2026-03-20 02:52:22,428 | INFO | app.pipeline.runner | Cycle 7 complete: submitted=15.0 complete=1.0 best=0.0 avg_reward=-2.5510
2026-03-20 02:52:27,429 | INFO | app.pipeline.runner | Starting mining cycle 8/999999
2026-03-20 02:52:27,432 | INFO | app.pipeline.runner | Running generation 1/3
2026-03-20 02:52:27,598 | INFO | app.pipeline.runner | Preparing simulation template=quality_value expression=zscore((ts_rank((sales / (1 + cashflow)), 60) - ts_rank(cashflow, 60)))
2026-03-20 02:52:27,599 | INFO | events | preparing template=quality_value expression=zscore((ts_rank((sales / (1 + cashflow)), 60) - ts_rank(cashflow, 60)))
2026-03-20 02:52:27,888 | INFO | app.api.clients | Simulation submitted simulation_id=2LD7ldepI5hGbPx1cVT0FFgX expression=zscore((ts_rank((sales / (1 + cashflow)), 60) - ts_rank(cashflow, 60)))
2026-03-20 02:52:27,889 | INFO | app.pipeline.runner | Simulation accepted template=quality_value simulation_id=2LD7ldepI5hGbPx1cVT0FFgX
2026-03-20 02:54:29,458 | INFO | events | completed alpha_id=134 status=complete sharpe=-0.2700 fitness=-0.0600
2026-03-20 02:54:29,459 | INFO | app.pipeline.runner | Simulation completed simulation_id=2LD7ldepI5hGbPx1cVT0FFgX alpha_id=QPjv67xr sharpe=-0.2700 fitness=-0.0600 returns=-0.0064 drawdown=0.0635
2026-03-20 02:54:29,483 | INFO | app.pipeline.runner | Preparing simulation template=fundamental_cross expression=zscore((ts_rank(cashflow, 20) - ts_rank(eps, 20)))
2026-03-20 02:54:29,486 | INFO | events | preparing template=fundamental_cross expression=zscore((ts_rank(cashflow, 20) - ts_rank(eps, 20)))
2026-03-20 02:54:30,090 | INFO | app.api.clients | Simulation submitted simulation_id=HsN5abHj4jEaih1gW22ngCu expression=zscore((ts_rank(cashflow, 20) - ts_rank(eps, 20)))
2026-03-20 02:54:30,091 | INFO | app.pipeline.runner | Simulation accepted template=fundamental_cross simulation_id=HsN5abHj4jEaih1gW22ngCu
2026-03-20 02:56:06,269 | INFO | events | completed alpha_id=135 status=complete sharpe=-0.3500 fitness=-0.0900
2026-03-20 02:56:06,270 | INFO | app.pipeline.runner | Simulation completed simulation_id=HsN5abHj4jEaih1gW22ngCu alpha_id=KP6JZgRx sharpe=-0.3500 fitness=-0.0900 returns=-0.0166 drawdown=0.1747
2026-03-20 02:56:06,271 | INFO | app.pipeline.runner | Running generation 2/3
2026-03-20 02:56:06,519 | INFO | app.pipeline.runner | Preparing simulation template=mean_reversion expression=zscore(group_neutralize((vwap - ts_mean(vwap, 60)), sector))
2026-03-20 02:56:06,520 | INFO | events | preparing template=mean_reversion expression=zscore(group_neutralize((vwap - ts_mean(vwap, 60)), sector))
2026-03-20 02:56:06,977 | INFO | app.api.clients | Simulation submitted simulation_id=2I1y9Haw24o5b6dIkvJWNfk expression=zscore(group_neutralize((vwap - ts_mean(vwap, 60)), sector))
2026-03-20 02:56:06,979 | INFO | app.pipeline.runner | Simulation accepted template=mean_reversion simulation_id=2I1y9Haw24o5b6dIkvJWNfk
2026-03-20 02:58:44,004 | INFO | events | completed alpha_id=140 status=complete sharpe=-0.8000 fitness=-0.5600
2026-03-20 02:58:44,004 | INFO | app.pipeline.runner | Simulation completed simulation_id=2I1y9Haw24o5b6dIkvJWNfk alpha_id=d5mWv6mY sharpe=-0.8000 fitness=-0.5600 returns=-0.0912 drawdown=0.5169
2026-03-20 02:58:44,005 | INFO | app.pipeline.runner | Running generation 3/3
2026-03-20 02:58:44,263 | INFO | app.pipeline.runner | Cycle 8 complete: submitted=15.0 complete=3.0 best=0.0 avg_reward=-2.4613
2026-03-20 02:58:49,265 | INFO | app.pipeline.runner | Starting mining cycle 9/999999
2026-03-20 02:58:49,269 | INFO | app.pipeline.runner | Running generation 1/3
2026-03-20 02:58:49,440 | INFO | app.pipeline.runner | Preparing simulation template=quality_value expression=rank((ts_rank((operating_margin / (1 + eps)), 20) - ts_rank(eps, 20)))
2026-03-20 02:58:49,440 | INFO | events | preparing template=quality_value expression=rank((ts_rank((operating_margin / (1 + eps)), 20) - ts_rank(eps, 20)))
2026-03-20 02:58:49,672 | INFO | app.api.clients | Simulation submitted simulation_id=1m098Lxv4Rk9Pv7p2AOQHU expression=rank((ts_rank((operating_margin / (1 + eps)), 20) - ts_rank(eps, 20)))
2026-03-20 02:58:49,672 | INFO | app.pipeline.runner | Simulation accepted template=quality_value simulation_id=1m098Lxv4Rk9Pv7p2AOQHU
2026-03-20 02:58:50,692 | ERROR | app.pipeline.runner | Simulation failed for candidate rank((ts_rank((operating_margin / (1 + eps)), 20) - ts_rank(eps, 20)))
Traceback (most recent call last):
  File "D:\Code\worldquant\app\pipeline\runner.py", line 150, in _process_candidate
    terminal = self._wait_for_completion(handle.simulation_id)
               ^^^^^^^^^^^^^^^^^^^^^^^^^^^^^^^^^^^^^^^^^^^^^^^
  File "D:\Code\worldquant\app\pipeline\runner.py", line 190, in _wait_for_completion
    raise RuntimeError(f"Simulation failed with status: {status}")
RuntimeError: Simulation failed with status: error
2026-03-20 02:58:50,715 | INFO | app.pipeline.runner | Preparing simulation template=volatility_reversion expression=zscore(((vwap - ts_mean(vwap, 10)) / (1 + ts_std_dev(vwap, 10))))
2026-03-20 02:58:50,715 | INFO | events | preparing template=volatility_reversion expression=zscore(((vwap - ts_mean(vwap, 10)) / (1 + ts_std_dev(vwap, 10))))
2026-03-20 02:58:51,693 | INFO | app.api.clients | Simulation submitted simulation_id=1OAPZh4u84BF9Xk1g47rTOeU expression=zscore(((vwap - ts_mean(vwap, 10)) / (1 + ts_std_dev(vwap, 10))))
2026-03-20 02:58:51,694 | INFO | app.pipeline.runner | Simulation accepted template=volatility_reversion simulation_id=1OAPZh4u84BF9Xk1g47rTOeU
2026-03-20 03:00:16,540 | INFO | events | completed alpha_id=150 status=complete sharpe=-1.5400 fitness=-0.8500
2026-03-20 03:00:16,541 | INFO | app.pipeline.runner | Simulation completed simulation_id=1OAPZh4u84BF9Xk1g47rTOeU alpha_id=YPm1YRZq sharpe=-1.5400 fitness=-0.8500 returns=-0.1667 drawdown=0.8396
2026-03-20 03:00:16,542 | INFO | app.pipeline.runner | Running generation 2/3
2026-03-20 03:00:16,696 | INFO | app.pipeline.runner | Preparing simulation template=mean_reversion expression=rank(group_neutralize((vwap - ts_mean(vwap, 5)), industry))
2026-03-20 03:00:16,697 | INFO | events | preparing template=mean_reversion expression=rank(group_neutralize((vwap - ts_mean(vwap, 5)), industry))
2026-03-20 03:00:17,192 | INFO | app.api.clients | Simulation submitted simulation_id=10J2o5c6i57u94EjX5novqs expression=rank(group_neutralize((vwap - ts_mean(vwap, 5)), industry))
2026-03-20 03:00:17,192 | INFO | app.pipeline.runner | Simulation accepted template=mean_reversion simulation_id=10J2o5c6i57u94EjX5novqs
2026-03-20 03:02:23,740 | INFO | events | completed alpha_id=154 status=complete sharpe=-1.7900 fitness=-0.8400
2026-03-20 03:02:23,740 | INFO | app.pipeline.runner | Simulation completed simulation_id=10J2o5c6i57u94EjX5novqs alpha_id=Gr6W7AWo sharpe=-1.7900 fitness=-0.8400 returns=-0.1474 drawdown=0.7271
2026-03-20 03:02:23,786 | INFO | app.pipeline.runner | Running generation 3/3
2026-03-20 03:02:23,992 | INFO | app.pipeline.runner | Preparing simulation template=fundamental_cross expression=rank((ts_rank(vwap, 120) - ts_rank(eps, 120)))
2026-03-20 03:02:23,993 | INFO | events | preparing template=fundamental_cross expression=rank((ts_rank(vwap, 120) - ts_rank(eps, 120)))
2026-03-20 03:02:24,394 | INFO | app.api.clients | Simulation submitted simulation_id=2uRaGJbKy54r8yaaPtYefpj expression=rank((ts_rank(vwap, 120) - ts_rank(eps, 120)))
2026-03-20 03:02:24,395 | INFO | app.pipeline.runner | Simulation accepted template=fundamental_cross simulation_id=2uRaGJbKy54r8yaaPtYefpj
2026-03-20 03:04:36,249 | INFO | events | completed alpha_id=159 status=complete sharpe=-0.6200 fitness=-0.3400
2026-03-20 03:04:36,249 | INFO | app.pipeline.runner | Simulation completed simulation_id=2uRaGJbKy54r8yaaPtYefpj alpha_id=9qKx2bw2 sharpe=-0.6200 fitness=-0.3400 returns=-0.0464 drawdown=0.2891
2026-03-20 03:04:36,298 | INFO | app.pipeline.runner | Cycle 9 complete: submitted=15.0 complete=3.0 best=0.0 avg_reward=-2.5059
2026-03-20 03:04:41,299 | INFO | app.pipeline.runner | Starting mining cycle 10/999999
2026-03-20 03:04:41,304 | INFO | app.pipeline.runner | Running generation 1/3
2026-03-20 03:04:41,537 | INFO | app.pipeline.runner | Preparing simulation template=price_volume_divergence expression=zscore((ts_delta(close, 5) - ts_decay_linear(ts_delta(volume, 5), 3)))
2026-03-20 03:04:41,538 | INFO | events | preparing template=price_volume_divergence expression=zscore((ts_delta(close, 5) - ts_decay_linear(ts_delta(volume, 5), 3)))
2026-03-20 03:04:41,793 | INFO | app.api.clients | Simulation submitted simulation_id=2Wywey7N14uYckzgZEVRODb expression=zscore((ts_delta(close, 5) - ts_decay_linear(ts_delta(volume, 5), 3)))
2026-03-20 03:04:41,794 | INFO | app.pipeline.runner | Simulation accepted template=price_volume_divergence simulation_id=2Wywey7N14uYckzgZEVRODb
2026-03-20 03:15:17,151 | ERROR | app.pipeline.runner | Simulation failed for candidate zscore((ts_delta(close, 5) - ts_decay_linear(ts_delta(volume, 5), 3)))
Traceback (most recent call last):
  File "D:\Code\worldquant\app\pipeline\runner.py", line 150, in _process_candidate
    terminal = self._wait_for_completion(handle.simulation_id)
               ^^^^^^^^^^^^^^^^^^^^^^^^^^^^^^^^^^^^^^^^^^^^^^^
  File "D:\Code\worldquant\app\pipeline\runner.py", line 192, in _wait_for_completion
    raise TimeoutError(f"Simulation {simulation_id} timed out")
TimeoutError: Simulation 2Wywey7N14uYckzgZEVRODb timed out
2026-03-20 03:15:17,153 | INFO | app.pipeline.runner | Running generation 2/3
2026-03-20 03:15:17,334 | INFO | app.pipeline.runner | Preparing simulation template=volatility_reversion expression=zscore(((returns - ts_mean(returns, 20)) / (1 + ts_std_dev(returns, 20))))
2026-03-20 03:15:17,335 | INFO | events | preparing template=volatility_reversion expression=zscore(((returns - ts_mean(returns, 20)) / (1 + ts_std_dev(returns, 20))))
2026-03-20 03:15:17,585 | INFO | app.api.clients | Simulation submitted simulation_id=4zM8OQeGY5b5aNZ1e7xrmaMo expression=zscore(((returns - ts_mean(returns, 20)) / (1 + ts_std_dev(returns, 20))))
2026-03-20 03:15:17,586 | INFO | app.pipeline.runner | Simulation accepted template=volatility_reversion simulation_id=4zM8OQeGY5b5aNZ1e7xrmaMo
2026-03-20 03:16:31,889 | INFO | events | completed alpha_id=169 status=complete sharpe=-1.0100 fitness=-0.3200
2026-03-20 03:16:31,890 | INFO | app.pipeline.runner | Simulation completed simulation_id=4zM8OQeGY5b5aNZ1e7xrmaMo alpha_id=1YLNW60R sharpe=-1.0100 fitness=-0.3200 returns=-0.1461 drawdown=0.7987
2026-03-20 03:16:31,933 | INFO | app.pipeline.runner | Running generation 3/3
2026-03-20 03:16:32,105 | INFO | app.pipeline.runner | Preparing simulation template=mean_reversion expression=rank(group_neutralize((returns - ts_mean(returns, 10)), sector))
2026-03-20 03:16:32,106 | INFO | events | preparing template=mean_reversion expression=rank(group_neutralize((returns - ts_mean(returns, 10)), sector))
2026-03-20 03:16:32,823 | INFO | app.api.clients | Simulation submitted simulation_id=3UhgtHakd4MdbJJG3qMFmKi expression=rank(group_neutralize((returns - ts_mean(returns, 10)), sector))
2026-03-20 03:16:32,824 | INFO | app.pipeline.runner | Simulation accepted template=mean_reversion simulation_id=3UhgtHakd4MdbJJG3qMFmKi
2026-03-20 03:18:18,579 | INFO | events | completed alpha_id=174 status=complete sharpe=-1.0500 fitness=-0.3000
2026-03-20 03:18:18,579 | INFO | app.pipeline.runner | Simulation completed simulation_id=3UhgtHakd4MdbJJG3qMFmKi alpha_id=6X1dQ1a7 sharpe=-1.0500 fitness=-0.3000 returns=-0.1050 drawdown=0.5497
2026-03-20 03:18:18,599 | INFO | app.pipeline.runner | Preparing simulation template=price_volume_divergence expression=ts_decay_linear((ts_delta(vwap, 5) - ts_decay_linear(ts_delta(adv20, 5), 10)), 5)
2026-03-20 03:18:18,600 | INFO | events | preparing template=price_volume_divergence expression=ts_decay_linear((ts_delta(vwap, 5) - ts_decay_linear(ts_delta(adv20, 5), 10)), 5)
2026-03-20 03:18:19,211 | INFO | app.api.clients | Simulation submitted simulation_id=4AcxHIbuP4XL8B211ttFyPvH expression=ts_decay_linear((ts_delta(vwap, 5) - ts_decay_linear(ts_delta(adv20, 5), 10)), 5)
2026-03-20 03:18:19,212 | INFO | app.pipeline.runner | Simulation accepted template=price_volume_divergence simulation_id=4AcxHIbuP4XL8B211ttFyPvH
2026-03-20 03:29:00,001 | ERROR | app.pipeline.runner | Simulation failed for candidate ts_decay_linear((ts_delta(vwap, 5) - ts_decay_linear(ts_delta(adv20, 5), 10)), 5)
Traceback (most recent call last):
  File "D:\Code\worldquant\app\pipeline\runner.py", line 150, in _process_candidate
    terminal = self._wait_for_completion(handle.simulation_id)
               ^^^^^^^^^^^^^^^^^^^^^^^^^^^^^^^^^^^^^^^^^^^^^^^
  File "D:\Code\worldquant\app\pipeline\runner.py", line 192, in _wait_for_completion
    raise TimeoutError(f"Simulation {simulation_id} timed out")
TimeoutError: Simulation 4AcxHIbuP4XL8B211ttFyPvH timed out
2026-03-20 03:29:00,003 | INFO | app.pipeline.runner | Cycle 10 complete: submitted=15.0 complete=2.0 best=0.0 avg_reward=-2.5388
2026-03-20 03:29:05,004 | INFO | app.pipeline.runner | Starting mining cycle 11/999999
2026-03-20 03:29:05,009 | INFO | app.pipeline.runner | Running generation 1/3
2026-03-20 03:29:05,241 | INFO | app.pipeline.runner | Preparing simulation template=momentum expression=ts_rank((ts_rank(vwap, 10) - ts_rank(vwap, 60)), 10)
2026-03-20 03:29:05,242 | INFO | events | preparing template=momentum expression=ts_rank((ts_rank(vwap, 10) - ts_rank(vwap, 60)), 10)
2026-03-20 03:29:05,479 | INFO | app.api.clients | Simulation submitted simulation_id=478tGdyW53oc0dxEQcQsIv expression=ts_rank((ts_rank(vwap, 10) - ts_rank(vwap, 60)), 10)
2026-03-20 03:29:05,480 | INFO | app.pipeline.runner | Simulation accepted template=momentum simulation_id=478tGdyW53oc0dxEQcQsIv
2026-03-20 03:30:28,262 | INFO | events | completed alpha_id=180 status=complete sharpe=-1.6100 fitness=-0.5900
2026-03-20 03:30:28,263 | INFO | app.pipeline.runner | Simulation completed simulation_id=478tGdyW53oc0dxEQcQsIv alpha_id=RRYEwnRd sharpe=-1.6100 fitness=-0.5900 returns=-0.0980 drawdown=0.5141
2026-03-20 03:30:28,264 | INFO | app.pipeline.runner | Running generation 2/3
2026-03-20 03:30:28,462 | INFO | app.pipeline.runner | Preparing simulation template=quality_value expression=rank((ts_rank((returns / (1 + cashflow)), 20) - ts_rank(cashflow, 20)))
2026-03-20 03:30:28,463 | INFO | events | preparing template=quality_value expression=rank((ts_rank((returns / (1 + cashflow)), 20) - ts_rank(cashflow, 20)))
2026-03-20 03:30:28,938 | INFO | app.api.clients | Simulation submitted simulation_id=4aSnHhlN4Su9B61hPztDYrM expression=rank((ts_rank((returns / (1 + cashflow)), 20) - ts_rank(cashflow, 20)))
2026-03-20 03:30:28,940 | INFO | app.pipeline.runner | Simulation accepted template=quality_value simulation_id=4aSnHhlN4Su9B61hPztDYrM
2026-03-20 03:31:55,256 | INFO | events | completed alpha_id=184 status=complete sharpe=-1.1600 fitness=-0.1900
2026-03-20 03:31:55,256 | INFO | app.pipeline.runner | Simulation completed simulation_id=4aSnHhlN4Su9B61hPztDYrM alpha_id=LL6MYOKv sharpe=-1.1600 fitness=-0.1900 returns=-0.0347 drawdown=0.1837
2026-03-20 03:31:55,301 | INFO | app.pipeline.runner | Running generation 3/3
2026-03-20 03:31:55,476 | INFO | app.pipeline.runner | Preparing simulation template=fundamental_cross expression=rank((ts_rank(eps, 120) - ts_rank(cashflow, 120)))
2026-03-20 03:31:55,476 | INFO | events | preparing template=fundamental_cross expression=rank((ts_rank(eps, 120) - ts_rank(cashflow, 120)))
2026-03-20 03:31:55,910 | INFO | app.api.clients | Simulation submitted simulation_id=1leus7c214RvaFAUtn6L8v1 expression=rank((ts_rank(eps, 120) - ts_rank(cashflow, 120)))
2026-03-20 03:31:55,910 | INFO | app.pipeline.runner | Simulation accepted template=fundamental_cross simulation_id=1leus7c214RvaFAUtn6L8v1
2026-03-20 03:33:59,477 | INFO | events | completed alpha_id=189 status=complete sharpe=0.5800 fitness=0.2200
2026-03-20 03:33:59,478 | INFO | app.pipeline.runner | Simulation completed simulation_id=1leus7c214RvaFAUtn6L8v1 alpha_id=aklK9Nvw sharpe=0.5800 fitness=0.2200 returns=0.0184 drawdown=0.0658
2026-03-20 03:33:59,527 | INFO | app.pipeline.runner | Cycle 11 complete: submitted=15.0 complete=3.0 best=0.0 avg_reward=-2.4702
2026-03-20 03:34:04,529 | INFO | app.pipeline.runner | Starting mining cycle 12/999999
2026-03-20 03:34:04,534 | INFO | app.pipeline.runner | Running generation 1/3
2026-03-20 03:34:04,763 | INFO | app.pipeline.runner | Preparing simulation template=volatility_reversion expression=ts_rank(((returns - ts_mean(returns, 40)) / (1 + ts_std_dev(returns, 40))), 40)
2026-03-20 03:34:04,763 | INFO | events | preparing template=volatility_reversion expression=ts_rank(((returns - ts_mean(returns, 40)) / (1 + ts_std_dev(returns, 40))), 40)
2026-03-20 03:34:05,000 | INFO | app.api.clients | Simulation submitted simulation_id=4nVrCl2Dn4V0aW419G2ZfC5H expression=ts_rank(((returns - ts_mean(returns, 40)) / (1 + ts_std_dev(returns, 40))), 40)
2026-03-20 03:34:05,000 | INFO | app.pipeline.runner | Simulation accepted template=volatility_reversion simulation_id=4nVrCl2Dn4V0aW419G2ZfC5H
2026-03-20 03:35:35,048 | INFO | events | completed alpha_id=195 status=complete sharpe=-1.4400 fitness=-0.4100
2026-03-20 03:35:35,048 | INFO | app.pipeline.runner | Simulation completed simulation_id=4nVrCl2Dn4V0aW419G2ZfC5H alpha_id=LL6MY15m sharpe=-1.4400 fitness=-0.4100 returns=-0.1135 drawdown=0.5849
2026-03-20 03:35:35,049 | INFO | app.pipeline.runner | Running generation 2/3
2026-03-20 03:35:35,213 | INFO | app.pipeline.runner | Preparing simulation template=volatility_reversion expression=rank(((close - ts_mean(close, 10)) / (1 + ts_std_dev(close, 10))))
2026-03-20 03:35:35,213 | INFO | events | preparing template=volatility_reversion expression=rank(((close - ts_mean(close, 10)) / (1 + ts_std_dev(close, 10))))
2026-03-20 03:35:35,873 | INFO | app.api.clients | Simulation submitted simulation_id=2GThy35v24Xxa4sD93g15zZ expression=rank(((close - ts_mean(close, 10)) / (1 + ts_std_dev(close, 10))))
2026-03-20 03:35:35,874 | INFO | app.pipeline.runner | Simulation accepted template=volatility_reversion simulation_id=2GThy35v24Xxa4sD93g15zZ
2026-03-20 03:37:11,821 | INFO | events | completed alpha_id=199 status=complete sharpe=-1.7100 fitness=-0.9500
2026-03-20 03:37:11,822 | INFO | app.pipeline.runner | Simulation completed simulation_id=2GThy35v24Xxa4sD93g15zZ alpha_id=0mdY2XWv sharpe=-1.7100 fitness=-0.9500 returns=-0.1688 drawdown=0.8472
2026-03-20 03:37:11,864 | INFO | app.pipeline.runner | Running generation 3/3
2026-03-20 03:37:12,093 | INFO | app.pipeline.runner | Preparing simulation template=mean_reversion expression=rank(group_neutralize((returns - ts_mean(returns, 60)), sector))
2026-03-20 03:37:12,093 | INFO | events | preparing template=mean_reversion expression=rank(group_neutralize((returns - ts_mean(returns, 60)), sector))
2026-03-20 03:37:16,069 | INFO | app.api.clients | Simulation submitted simulation_id=2gCGNR6Hw4JNbQTzponvFZC expression=rank(group_neutralize((returns - ts_mean(returns, 60)), sector))
2026-03-20 03:37:16,069 | INFO | app.pipeline.runner | Simulation accepted template=mean_reversion simulation_id=2gCGNR6Hw4JNbQTzponvFZC
2026-03-20 03:39:37,579 | INFO | events | completed alpha_id=205 status=complete sharpe=-1.2000 fitness=-0.3700
2026-03-20 03:39:37,580 | INFO | app.pipeline.runner | Simulation completed simulation_id=2gCGNR6Hw4JNbQTzponvFZC alpha_id=LL6MYm1e sharpe=-1.2000 fitness=-0.3700 returns=-0.1250 drawdown=0.6507
2026-03-20 03:39:37,580 | INFO | app.pipeline.runner | Cycle 12 complete: submitted=15.0 complete=3.0 best=0.0 avg_reward=-2.5683
2026-03-20 03:39:42,582 | INFO | app.pipeline.runner | Starting mining cycle 13/999999
2026-03-20 03:39:42,588 | INFO | app.pipeline.runner | Running generation 1/3
2026-03-20 03:39:42,853 | INFO | app.pipeline.runner | Running generation 2/3
2026-03-20 03:39:43,079 | INFO | app.pipeline.runner | Preparing simulation template=volatility_reversion expression=zscore(((close - ts_mean(close, 60)) / (1 + ts_std_dev(close, 60))))
2026-03-20 03:39:43,080 | INFO | events | preparing template=volatility_reversion expression=zscore(((close - ts_mean(close, 60)) / (1 + ts_std_dev(close, 60))))
2026-03-20 03:39:47,230 | INFO | app.api.clients | Simulation submitted simulation_id=32pW1Sd1P50R9M4sIstaEAO expression=zscore(((close - ts_mean(close, 60)) / (1 + ts_std_dev(close, 60))))
2026-03-20 03:39:47,231 | INFO | app.pipeline.runner | Simulation accepted template=volatility_reversion simulation_id=32pW1Sd1P50R9M4sIstaEAO
2026-03-20 03:41:58,502 | INFO | events | completed alpha_id=215 status=complete sharpe=-1.0700 fitness=-0.8100
2026-03-20 03:41:58,502 | INFO | app.pipeline.runner | Simulation completed simulation_id=32pW1Sd1P50R9M4sIstaEAO alpha_id=JjmeJaQm sharpe=-1.0700 fitness=-0.8100 returns=-0.1396 drawdown=0.7600
2026-03-20 03:41:58,503 | INFO | app.pipeline.runner | Running generation 3/3
2026-03-20 03:41:58,662 | INFO | app.pipeline.runner | Preparing simulation template=fundamental_cross expression=rank((ts_rank(vwap, 60) - ts_rank(eps, 60)))
2026-03-20 03:41:58,663 | INFO | events | preparing template=fundamental_cross expression=rank((ts_rank(vwap, 60) - ts_rank(eps, 60)))
2026-03-20 03:42:04,089 | INFO | app.api.clients | Simulation submitted simulation_id=142YQk6L14Dc9Ni1cPE6iL8t expression=rank((ts_rank(vwap, 60) - ts_rank(eps, 60)))
2026-03-20 03:42:04,090 | INFO | app.pipeline.runner | Simulation accepted template=fundamental_cross simulation_id=142YQk6L14Dc9Ni1cPE6iL8t
2026-03-20 03:43:27,922 | INFO | events | completed alpha_id=219 status=complete sharpe=-0.7900 fitness=-0.4100
2026-03-20 03:43:27,923 | INFO | app.pipeline.runner | Simulation completed simulation_id=142YQk6L14Dc9Ni1cPE6iL8t alpha_id=aklKmkvx sharpe=-0.7900 fitness=-0.4100 returns=-0.0615 drawdown=0.3587
2026-03-20 03:43:27,951 | INFO | app.pipeline.runner | Preparing simulation template=breakout expression=rank(((close - ts_min(close, 120)) / (1 + (ts_max(close, 120) - ts_min(close, 120)))))
2026-03-20 03:43:27,953 | INFO | events | preparing template=breakout expression=rank(((close - ts_min(close, 120)) / (1 + (ts_max(close, 120) - ts_min(close, 120)))))
2026-03-20 03:43:28,204 | INFO | app.api.clients | Simulation submitted simulation_id=2iuMRFf0m4sQaBj1ba0lKFSg expression=rank(((close - ts_min(close, 120)) / (1 + (ts_max(close, 120) - ts_min(close, 120)))))
2026-03-20 03:43:28,206 | INFO | app.pipeline.runner | Simulation accepted template=breakout simulation_id=2iuMRFf0m4sQaBj1ba0lKFSg
2026-03-20 03:43:29,209 | ERROR | app.pipeline.runner | Simulation failed for candidate rank(((close - ts_min(close, 120)) / (1 + (ts_max(close, 120) - ts_min(close, 120)))))
Traceback (most recent call last):
  File "D:\Code\worldquant\app\pipeline\runner.py", line 150, in _process_candidate
    terminal = self._wait_for_completion(handle.simulation_id)
               ^^^^^^^^^^^^^^^^^^^^^^^^^^^^^^^^^^^^^^^^^^^^^^^
  File "D:\Code\worldquant\app\pipeline\runner.py", line 190, in _wait_for_completion
    raise RuntimeError(f"Simulation failed with status: {status}")
RuntimeError: Simulation failed with status: error
2026-03-20 03:43:29,211 | INFO | app.pipeline.runner | Cycle 13 complete: submitted=15.0 complete=2.0 best=0.0 avg_reward=-2.6267
2026-03-20 03:43:34,212 | INFO | app.pipeline.runner | Starting mining cycle 14/999999
2026-03-20 03:43:34,214 | INFO | app.pipeline.runner | Running generation 1/3
2026-03-20 03:43:34,508 | INFO | app.pipeline.runner | Preparing simulation template=mean_reversion expression=zscore(group_neutralize((close - ts_mean(close, 40)), subindustry))
2026-03-20 03:43:34,508 | INFO | events | preparing template=mean_reversion expression=zscore(group_neutralize((close - ts_mean(close, 40)), subindustry))
2026-03-20 03:43:34,768 | INFO | app.api.clients | Simulation submitted simulation_id=LIQQs6xA50EcKjjwyM5TzQ expression=zscore(group_neutralize((close - ts_mean(close, 40)), subindustry))
2026-03-20 03:43:34,771 | INFO | app.pipeline.runner | Simulation accepted template=mean_reversion simulation_id=LIQQs6xA50EcKjjwyM5TzQ
2026-03-20 03:44:57,329 | INFO | events | completed alpha_id=225 status=complete sharpe=-0.9300 fitness=-0.5300
2026-03-20 03:44:57,329 | INFO | app.pipeline.runner | Simulation completed simulation_id=LIQQs6xA50EcKjjwyM5TzQ alpha_id=A1bVXZ6Y sharpe=-0.9300 fitness=-0.5300 returns=-0.0857 drawdown=0.4392
2026-03-20 03:44:57,330 | INFO | app.pipeline.runner | Running generation 2/3
2026-03-20 03:44:57,530 | INFO | app.pipeline.runner | Preparing simulation template=mean_reversion expression=rank(group_neutralize((returns - ts_mean(returns, 10)), industry))
2026-03-20 03:44:57,531 | INFO | events | preparing template=mean_reversion expression=rank(group_neutralize((returns - ts_mean(returns, 10)), industry))
2026-03-20 03:44:57,775 | INFO | app.api.clients | Simulation submitted simulation_id=I8RZSceu4R1bSRKHfWptXj expression=rank(group_neutralize((returns - ts_mean(returns, 10)), industry))
2026-03-20 03:44:57,775 | INFO | app.pipeline.runner | Simulation accepted template=mean_reversion simulation_id=I8RZSceu4R1bSRKHfWptXj
2026-03-20 03:46:43,455 | INFO | events | completed alpha_id=229 status=complete sharpe=-1.0300 fitness=-0.2900
2026-03-20 03:46:43,456 | INFO | app.pipeline.runner | Simulation completed simulation_id=I8RZSceu4R1bSRKHfWptXj alpha_id=qMdL2ev2 sharpe=-1.0300 fitness=-0.2900 returns=-0.1018 drawdown=0.5346
2026-03-20 03:46:43,502 | INFO | app.pipeline.runner | Running generation 3/3
2026-03-20 03:46:43,685 | INFO | app.pipeline.runner | Preparing simulation template=volatility_reversion expression=ts_rank(((returns - ts_mean(returns, 20)) / (1 + ts_std_dev(returns, 20))), 20)
2026-03-20 03:46:43,686 | INFO | events | preparing template=volatility_reversion expression=ts_rank(((returns - ts_mean(returns, 20)) / (1 + ts_std_dev(returns, 20))), 20)
2026-03-20 03:46:44,077 | INFO | app.api.clients | Simulation submitted simulation_id=17AC777E4ItaKbdL084bVo expression=ts_rank(((returns - ts_mean(returns, 20)) / (1 + ts_std_dev(returns, 20))), 20)
2026-03-20 03:46:44,078 | INFO | app.pipeline.runner | Simulation accepted template=volatility_reversion simulation_id=17AC777E4ItaKbdL084bVo
2026-03-20 03:47:58,471 | INFO | events | completed alpha_id=234 status=complete sharpe=-1.4300 fitness=-0.4000
2026-03-20 03:47:58,471 | INFO | app.pipeline.runner | Simulation completed simulation_id=17AC777E4ItaKbdL084bVo alpha_id=XgL9ZlQx sharpe=-1.4300 fitness=-0.4000 returns=-0.1064 drawdown=0.5587
2026-03-20 03:47:58,496 | INFO | app.pipeline.runner | Preparing simulation template=mean_reversion expression=zscore(group_neutralize((returns - ts_mean(returns, 20)), subindustry))
2026-03-20 03:47:58,497 | INFO | events | preparing template=mean_reversion expression=zscore(group_neutralize((returns - ts_mean(returns, 20)), subindustry))
2026-03-20 03:47:59,134 | INFO | app.api.clients | Simulation submitted simulation_id=2mKrGD5eM4ZEcd7CiLHs6V3 expression=zscore(group_neutralize((returns - ts_mean(returns, 20)), subindustry))
2026-03-20 03:47:59,135 | INFO | app.pipeline.runner | Simulation accepted template=mean_reversion simulation_id=2mKrGD5eM4ZEcd7CiLHs6V3
2026-03-20 03:49:29,197 | INFO | events | completed alpha_id=235 status=complete sharpe=-0.9900 fitness=-0.3000
2026-03-20 03:49:29,197 | INFO | app.pipeline.runner | Simulation completed simulation_id=2mKrGD5eM4ZEcd7CiLHs6V3 alpha_id=d5mWJdEK sharpe=-0.9900 fitness=-0.3000 returns=-0.1354 drawdown=0.7342
2026-03-20 03:49:29,197 | INFO | app.pipeline.runner | Cycle 14 complete: submitted=15.0 complete=4.0 best=0.0 avg_reward=-2.3603
2026-03-20 03:49:34,199 | INFO | app.pipeline.runner | Starting mining cycle 15/999999
2026-03-20 03:49:34,201 | INFO | app.pipeline.runner | Running generation 1/3
2026-03-20 03:49:34,441 | INFO | app.pipeline.runner | Running generation 2/3
2026-03-20 03:49:34,701 | INFO | app.pipeline.runner | Running generation 3/3
2026-03-20 03:49:34,924 | INFO | app.pipeline.runner | Cycle 15 complete: submitted=15.0 complete=0.0 best=0.0 avg_reward=-3.0000
2026-03-20 03:49:39,925 | INFO | app.pipeline.runner | Starting mining cycle 16/999999
2026-03-20 03:49:39,931 | INFO | app.pipeline.runner | Running generation 1/3
2026-03-20 03:49:40,111 | INFO | app.pipeline.runner | Preparing simulation template=breakout expression=rank(((low - ts_min(low, 20)) / (1 + (ts_max(low, 20) - ts_min(low, 20)))))
2026-03-20 03:49:40,111 | INFO | events | preparing template=breakout expression=rank(((low - ts_min(low, 20)) / (1 + (ts_max(low, 20) - ts_min(low, 20)))))
2026-03-20 03:49:40,358 | INFO | app.api.clients | Simulation submitted simulation_id=2lQ22G8HH525bGB14hotE9rf expression=rank(((low - ts_min(low, 20)) / (1 + (ts_max(low, 20) - ts_min(low, 20)))))
2026-03-20 03:49:40,359 | INFO | app.pipeline.runner | Simulation accepted template=breakout simulation_id=2lQ22G8HH525bGB14hotE9rf
2026-03-20 03:49:47,236 | ERROR | app.pipeline.runner | Simulation failed for candidate rank(((low - ts_min(low, 20)) / (1 + (ts_max(low, 20) - ts_min(low, 20)))))
Traceback (most recent call last):
  File "D:\Code\worldquant\app\pipeline\runner.py", line 150, in _process_candidate
    terminal = self._wait_for_completion(handle.simulation_id)
               ^^^^^^^^^^^^^^^^^^^^^^^^^^^^^^^^^^^^^^^^^^^^^^^
  File "D:\Code\worldquant\app\pipeline\runner.py", line 190, in _wait_for_completion
    raise RuntimeError(f"Simulation failed with status: {status}")
RuntimeError: Simulation failed with status: error
2026-03-20 03:49:47,332 | INFO | app.pipeline.runner | Running generation 2/3
2026-03-20 03:49:47,531 | INFO | app.pipeline.runner | Preparing simulation template=volatility_reversion expression=rank(((eps - ts_mean(eps, 10)) / (1 + ts_std_dev(eps, 10))))
2026-03-20 03:49:47,531 | INFO | events | preparing template=volatility_reversion expression=rank(((eps - ts_mean(eps, 10)) / (1 + ts_std_dev(eps, 10))))
2026-03-20 03:49:48,223 | INFO | app.api.clients | Simulation submitted simulation_id=FSK423rw5guaV441OyQDrX expression=rank(((eps - ts_mean(eps, 10)) / (1 + ts_std_dev(eps, 10))))
2026-03-20 03:49:48,224 | INFO | app.pipeline.runner | Simulation accepted template=volatility_reversion simulation_id=FSK423rw5guaV441OyQDrX
2026-03-20 03:51:49,668 | INFO | events | completed alpha_id=260 status=complete sharpe=-0.4200 fitness=-0.1100
2026-03-20 03:51:49,669 | INFO | app.pipeline.runner | Simulation completed simulation_id=FSK423rw5guaV441OyQDrX alpha_id=vR917kLa sharpe=-0.4200 fitness=-0.1100 returns=-0.0219 drawdown=0.1463
2026-03-20 03:51:49,670 | INFO | app.pipeline.runner | Running generation 3/3
2026-03-20 03:51:49,832 | INFO | app.pipeline.runner | Preparing simulation template=quality_value expression=zscore((ts_rank((cashflow / (1 + book_value)), 120) - ts_rank(book_value, 120)))
2026-03-20 03:51:49,832 | INFO | events | preparing template=quality_value expression=zscore((ts_rank((cashflow / (1 + book_value)), 120) - ts_rank(book_value, 120)))
2026-03-20 03:51:50,320 | INFO | app.api.clients | Simulation submitted simulation_id=1Xxe31fyF4RtbpugLiOk86 expression=zscore((ts_rank((cashflow / (1 + book_value)), 120) - ts_rank(book_value, 120)))
2026-03-20 03:51:50,321 | INFO | app.pipeline.runner | Simulation accepted template=quality_value simulation_id=1Xxe31fyF4RtbpugLiOk86
2026-03-20 03:51:56,809 | ERROR | app.pipeline.runner | Simulation failed for candidate zscore((ts_rank((cashflow / (1 + book_value)), 120) - ts_rank(book_value, 120)))
Traceback (most recent call last):
  File "D:\Code\worldquant\app\pipeline\runner.py", line 150, in _process_candidate
    terminal = self._wait_for_completion(handle.simulation_id)
               ^^^^^^^^^^^^^^^^^^^^^^^^^^^^^^^^^^^^^^^^^^^^^^^
  File "D:\Code\worldquant\app\pipeline\runner.py", line 190, in _wait_for_completion
    raise RuntimeError(f"Simulation failed with status: {status}")
RuntimeError: Simulation failed with status: error
2026-03-20 03:51:56,833 | INFO | app.pipeline.runner | Preparing simulation template=price_volume_divergence expression=rank((ts_delta(vwap, 60) - ts_decay_linear(ts_delta(volume, 60), 3)))
2026-03-20 03:51:56,834 | INFO | events | preparing template=price_volume_divergence expression=rank((ts_delta(vwap, 60) - ts_decay_linear(ts_delta(volume, 60), 3)))
2026-03-20 03:51:57,627 | INFO | app.api.clients | Simulation submitted simulation_id=1QgLVh1Kt4vVbcI10E5cHCOs expression=rank((ts_delta(vwap, 60) - ts_decay_linear(ts_delta(volume, 60), 3)))
2026-03-20 03:51:57,628 | INFO | app.pipeline.runner | Simulation accepted template=price_volume_divergence simulation_id=1QgLVh1Kt4vVbcI10E5cHCOs
2026-03-20 04:02:39,267 | ERROR | app.pipeline.runner | Simulation failed for candidate rank((ts_delta(vwap, 60) - ts_decay_linear(ts_delta(volume, 60), 3)))
Traceback (most recent call last):
  File "D:\Code\worldquant\app\pipeline\runner.py", line 150, in _process_candidate
    terminal = self._wait_for_completion(handle.simulation_id)
               ^^^^^^^^^^^^^^^^^^^^^^^^^^^^^^^^^^^^^^^^^^^^^^^
  File "D:\Code\worldquant\app\pipeline\runner.py", line 192, in _wait_for_completion
    raise TimeoutError(f"Simulation {simulation_id} timed out")
TimeoutError: Simulation 1QgLVh1Kt4vVbcI10E5cHCOs timed out
2026-03-20 04:02:39,268 | INFO | app.pipeline.runner | Cycle 16 complete: submitted=15.0 complete=1.0 best=0.0 avg_reward=-2.6136
2026-03-20 04:02:44,269 | INFO | app.pipeline.runner | Starting mining cycle 17/999999
2026-03-20 04:02:44,274 | INFO | app.pipeline.runner | Running generation 1/3
2026-03-20 04:02:44,494 | INFO | app.pipeline.runner | Filtered low-quality candidate template=momentum reason=identity-subtraction expression=ts_rank((ts_rank(returns, 120) - ts_rank(returns, 120)), 120)
2026-03-20 04:02:44,561 | INFO | app.pipeline.runner | Running generation 2/3
2026-03-20 04:02:44,826 | INFO | app.pipeline.runner | Running generation 3/3
2026-03-20 04:02:45,000 | INFO | app.pipeline.runner | Preparing simulation template=mean_reversion expression=rank(group_neutralize((eps - ts_mean(eps, 10)), sector))
2026-03-20 04:02:45,001 | INFO | events | preparing template=mean_reversion expression=rank(group_neutralize((eps - ts_mean(eps, 10)), sector))
2026-03-20 04:02:45,250 | INFO | app.api.clients | Simulation submitted simulation_id=2LtMyH1uK4LFbpXbKKKEw0i expression=rank(group_neutralize((eps - ts_mean(eps, 10)), sector))
2026-03-20 04:02:45,251 | INFO | app.pipeline.runner | Simulation accepted template=mean_reversion simulation_id=2LtMyH1uK4LFbpXbKKKEw0i
2026-03-20 04:04:14,756 | INFO | events | completed alpha_id=279 status=complete sharpe=-0.2000 fitness=-0.0300
2026-03-20 04:04:14,756 | INFO | app.pipeline.runner | Simulation completed simulation_id=2LtMyH1uK4LFbpXbKKKEw0i alpha_id=1YLN8oqk sharpe=-0.2000 fitness=-0.0300 returns=-0.0113 drawdown=0.1658
2026-03-20 04:04:14,800 | INFO | app.pipeline.runner | Cycle 17 complete: submitted=15.0 complete=1.0 best=0.0 avg_reward=-2.7390
2026-03-20 04:04:19,802 | INFO | app.pipeline.runner | Starting mining cycle 18/999999
2026-03-20 04:04:19,807 | INFO | app.pipeline.runner | Running generation 1/3
2026-03-20 04:04:19,969 | INFO | app.pipeline.runner | Preparing simulation template=volatility_reversion expression=ts_rank(((close - ts_mean(close, 20)) / (1 + ts_std_dev(close, 20))), 20)
2026-03-20 04:04:19,969 | INFO | events | preparing template=volatility_reversion expression=ts_rank(((close - ts_mean(close, 20)) / (1 + ts_std_dev(close, 20))), 20)
2026-03-20 04:04:20,240 | INFO | app.api.clients | Simulation submitted simulation_id=2C5VKrcRb4EGaUi121sMP5oQ expression=ts_rank(((close - ts_mean(close, 20)) / (1 + ts_std_dev(close, 20))), 20)
2026-03-20 04:04:20,241 | INFO | app.pipeline.runner | Simulation accepted template=volatility_reversion simulation_id=2C5VKrcRb4EGaUi121sMP5oQ
2026-03-20 04:06:10,245 | INFO | events | completed alpha_id=284 status=complete sharpe=-1.5000 fitness=-0.7000
2026-03-20 04:06:10,246 | INFO | app.pipeline.runner | Simulation completed simulation_id=2C5VKrcRb4EGaUi121sMP5oQ alpha_id=MPXYELQ8 sharpe=-1.5000 fitness=-0.7000 returns=-0.1225 drawdown=0.6465
2026-03-20 04:06:10,316 | INFO | app.pipeline.runner | Running generation 2/3
2026-03-20 04:06:10,542 | INFO | app.pipeline.runner | Preparing simulation template=volatility_reversion expression=zscore(((eps - ts_mean(eps, 5)) / (1 + ts_std_dev(eps, 5))))
2026-03-20 04:06:10,542 | INFO | events | preparing template=volatility_reversion expression=zscore(((eps - ts_mean(eps, 5)) / (1 + ts_std_dev(eps, 5))))
2026-03-20 04:06:10,800 | INFO | app.api.clients | Simulation submitted simulation_id=17rEIE4qa5ck9Gh1cbtgDufM expression=zscore(((eps - ts_mean(eps, 5)) / (1 + ts_std_dev(eps, 5))))
2026-03-20 04:06:10,801 | INFO | app.pipeline.runner | Simulation accepted template=volatility_reversion simulation_id=17rEIE4qa5ck9Gh1cbtgDufM
2026-03-20 04:08:34,094 | INFO | events | completed alpha_id=290 status=complete sharpe=0.5300 fitness=0.1500
2026-03-20 04:08:34,094 | INFO | app.pipeline.runner | Simulation completed simulation_id=17rEIE4qa5ck9Gh1cbtgDufM alpha_id=VkExrxYY sharpe=0.5300 fitness=0.1500 returns=0.0634 drawdown=0.1930
2026-03-20 04:08:34,095 | INFO | app.pipeline.runner | Running generation 3/3
2026-03-20 04:08:34,310 | INFO | app.pipeline.runner | Cycle 18 complete: submitted=15.0 complete=2.0 best=0.0 avg_reward=-2.6452
2026-03-20 04:08:39,311 | INFO | app.pipeline.runner | Starting mining cycle 19/999999
2026-03-20 04:08:39,316 | INFO | app.pipeline.runner | Running generation 1/3
2026-03-20 04:08:39,509 | INFO | app.pipeline.runner | Preparing simulation template=quality_value expression=rank((ts_rank((book_value / (1 + operating_margin)), 20) - ts_rank(operating_margin, 20)))
2026-03-20 04:08:39,510 | INFO | events | preparing template=quality_value expression=rank((ts_rank((book_value / (1 + operating_margin)), 20) - ts_rank(operating_margin, 20)))
2026-03-20 04:08:39,761 | INFO | app.api.clients | Simulation submitted simulation_id=1GsSeoe5h4l88Ve1aJaljldT expression=rank((ts_rank((book_value / (1 + operating_margin)), 20) - ts_rank(operating_margin, 20)))
2026-03-20 04:08:39,762 | INFO | app.pipeline.runner | Simulation accepted template=quality_value simulation_id=1GsSeoe5h4l88Ve1aJaljldT
2026-03-20 04:08:46,019 | ERROR | app.pipeline.runner | Simulation failed for candidate rank((ts_rank((book_value / (1 + operating_margin)), 20) - ts_rank(operating_margin, 20)))
Traceback (most recent call last):
  File "D:\Code\worldquant\app\pipeline\runner.py", line 150, in _process_candidate
    terminal = self._wait_for_completion(handle.simulation_id)
               ^^^^^^^^^^^^^^^^^^^^^^^^^^^^^^^^^^^^^^^^^^^^^^^
  File "D:\Code\worldquant\app\pipeline\runner.py", line 190, in _wait_for_completion
    raise RuntimeError(f"Simulation failed with status: {status}")
RuntimeError: Simulation failed with status: error
2026-03-20 04:08:46,042 | INFO | app.pipeline.runner | Preparing simulation template=breakout expression=rank(((low - ts_min(low, 40)) / (1 + (ts_max(low, 40) - ts_min(low, 40)))))
2026-03-20 04:08:46,043 | INFO | events | preparing template=breakout expression=rank(((low - ts_min(low, 40)) / (1 + (ts_max(low, 40) - ts_min(low, 40)))))
2026-03-20 04:08:46,981 | INFO | app.api.clients | Simulation submitted simulation_id=1n0FLl9Tk54P9S315jprGpjU expression=rank(((low - ts_min(low, 40)) / (1 + (ts_max(low, 40) - ts_min(low, 40)))))
2026-03-20 04:08:46,982 | INFO | app.pipeline.runner | Simulation accepted template=breakout simulation_id=1n0FLl9Tk54P9S315jprGpjU
2026-03-20 04:08:48,023 | ERROR | app.pipeline.runner | Simulation failed for candidate rank(((low - ts_min(low, 40)) / (1 + (ts_max(low, 40) - ts_min(low, 40)))))
Traceback (most recent call last):
  File "D:\Code\worldquant\app\pipeline\runner.py", line 150, in _process_candidate
    terminal = self._wait_for_completion(handle.simulation_id)
               ^^^^^^^^^^^^^^^^^^^^^^^^^^^^^^^^^^^^^^^^^^^^^^^
  File "D:\Code\worldquant\app\pipeline\runner.py", line 190, in _wait_for_completion
    raise RuntimeError(f"Simulation failed with status: {status}")
RuntimeError: Simulation failed with status: error
2026-03-20 04:08:48,025 | INFO | app.pipeline.runner | Running generation 2/3
2026-03-20 04:08:48,217 | INFO | app.pipeline.runner | Filtered low-quality candidate template=momentum reason=identity-subtraction expression=rank((ts_rank(returns, 120) - ts_rank(returns, 120)))
2026-03-20 04:08:48,239 | INFO | app.pipeline.runner | Preparing simulation template=quality_value expression=zscore((ts_rank((operating_margin / (1 + sales)), 120) - ts_rank(sales, 120)))
2026-03-20 04:08:48,240 | INFO | events | preparing template=quality_value expression=zscore((ts_rank((operating_margin / (1 + sales)), 120) - ts_rank(sales, 120)))
2026-03-20 04:08:49,002 | INFO | app.api.clients | Simulation submitted simulation_id=6ET0yehs5cub6ohHnE1N2m expression=zscore((ts_rank((operating_margin / (1 + sales)), 120) - ts_rank(sales, 120)))
2026-03-20 04:08:49,003 | INFO | app.pipeline.runner | Simulation accepted template=quality_value simulation_id=6ET0yehs5cub6ohHnE1N2m
2026-03-20 04:08:55,246 | ERROR | app.pipeline.runner | Simulation failed for candidate zscore((ts_rank((operating_margin / (1 + sales)), 120) - ts_rank(sales, 120)))
Traceback (most recent call last):
  File "D:\Code\worldquant\app\pipeline\runner.py", line 150, in _process_candidate
    terminal = self._wait_for_completion(handle.simulation_id)
               ^^^^^^^^^^^^^^^^^^^^^^^^^^^^^^^^^^^^^^^^^^^^^^^
  File "D:\Code\worldquant\app\pipeline\runner.py", line 190, in _wait_for_completion
    raise RuntimeError(f"Simulation failed with status: {status}")
RuntimeError: Simulation failed with status: error
2026-03-20 04:08:55,248 | INFO | app.pipeline.runner | Running generation 3/3
2026-03-20 04:08:55,497 | INFO | app.pipeline.runner | Preparing simulation template=breakout expression=rank(((vwap - ts_min(vwap, 20)) / (1 + (ts_max(vwap, 20) - ts_min(vwap, 20)))))
2026-03-20 04:08:55,498 | INFO | events | preparing template=breakout expression=rank(((vwap - ts_min(vwap, 20)) / (1 + (ts_max(vwap, 20) - ts_min(vwap, 20)))))
2026-03-20 04:08:56,224 | INFO | app.api.clients | Simulation submitted simulation_id=2lP4Rx7La5fkbpdZklFHpBG expression=rank(((vwap - ts_min(vwap, 20)) / (1 + (ts_max(vwap, 20) - ts_min(vwap, 20)))))
2026-03-20 04:08:56,224 | INFO | app.pipeline.runner | Simulation accepted template=breakout simulation_id=2lP4Rx7La5fkbpdZklFHpBG
2026-03-20 04:08:57,302 | ERROR | app.pipeline.runner | Simulation failed for candidate rank(((vwap - ts_min(vwap, 20)) / (1 + (ts_max(vwap, 20) - ts_min(vwap, 20)))))
Traceback (most recent call last):
  File "D:\Code\worldquant\app\pipeline\runner.py", line 150, in _process_candidate
    terminal = self._wait_for_completion(handle.simulation_id)
               ^^^^^^^^^^^^^^^^^^^^^^^^^^^^^^^^^^^^^^^^^^^^^^^
  File "D:\Code\worldquant\app\pipeline\runner.py", line 190, in _wait_for_completion
    raise RuntimeError(f"Simulation failed with status: {status}")
RuntimeError: Simulation failed with status: error
2026-03-20 04:08:57,303 | INFO | app.pipeline.runner | Cycle 19 complete: submitted=15.0 complete=0.0 best=0.0 avg_reward=-2.6667
2026-03-20 04:09:02,304 | INFO | app.pipeline.runner | Starting mining cycle 20/999999
2026-03-20 04:09:02,305 | INFO | app.pipeline.runner | Running generation 1/3
2026-03-20 04:09:02,449 | INFO | app.pipeline.runner | Preparing simulation template=breakout expression=rank(((close - ts_min(close, 20)) / (1 + (ts_max(close, 20) - ts_min(close, 20)))))
2026-03-20 04:09:02,449 | INFO | events | preparing template=breakout expression=rank(((close - ts_min(close, 20)) / (1 + (ts_max(close, 20) - ts_min(close, 20)))))
2026-03-20 04:09:02,697 | INFO | app.api.clients | Simulation submitted simulation_id=4POTs4M44F9bsc1a1DzargY expression=rank(((close - ts_min(close, 20)) / (1 + (ts_max(close, 20) - ts_min(close, 20)))))
2026-03-20 04:09:02,698 | INFO | app.pipeline.runner | Simulation accepted template=breakout simulation_id=4POTs4M44F9bsc1a1DzargY
2026-03-20 04:09:08,985 | ERROR | app.pipeline.runner | Simulation failed for candidate rank(((close - ts_min(close, 20)) / (1 + (ts_max(close, 20) - ts_min(close, 20)))))
Traceback (most recent call last):
  File "D:\Code\worldquant\app\pipeline\runner.py", line 150, in _process_candidate
    terminal = self._wait_for_completion(handle.simulation_id)
               ^^^^^^^^^^^^^^^^^^^^^^^^^^^^^^^^^^^^^^^^^^^^^^^
  File "D:\Code\worldquant\app\pipeline\runner.py", line 190, in _wait_for_completion
    raise RuntimeError(f"Simulation failed with status: {status}")
RuntimeError: Simulation failed with status: error
2026-03-20 04:09:09,009 | INFO | app.pipeline.runner | Preparing simulation template=breakout expression=ts_rank(((close - ts_min(close, 20)) / (1 + (ts_max(close, 20) - ts_min(close, 20)))), 20)
2026-03-20 04:09:09,010 | INFO | events | preparing template=breakout expression=ts_rank(((close - ts_min(close, 20)) / (1 + (ts_max(close, 20) - ts_min(close, 20)))), 20)
2026-03-20 04:09:09,916 | INFO | app.api.clients | Simulation submitted simulation_id=1UPsl4bHh4EM9OjVklvKSR4 expression=ts_rank(((close - ts_min(close, 20)) / (1 + (ts_max(close, 20) - ts_min(close, 20)))), 20)
2026-03-20 04:09:09,916 | INFO | app.pipeline.runner | Simulation accepted template=breakout simulation_id=1UPsl4bHh4EM9OjVklvKSR4
2026-03-20 04:09:10,961 | ERROR | app.pipeline.runner | Simulation failed for candidate ts_rank(((close - ts_min(close, 20)) / (1 + (ts_max(close, 20) - ts_min(close, 20)))), 20)
Traceback (most recent call last):
  File "D:\Code\worldquant\app\pipeline\runner.py", line 150, in _process_candidate
    terminal = self._wait_for_completion(handle.simulation_id)
               ^^^^^^^^^^^^^^^^^^^^^^^^^^^^^^^^^^^^^^^^^^^^^^^
  File "D:\Code\worldquant\app\pipeline\runner.py", line 190, in _wait_for_completion
    raise RuntimeError(f"Simulation failed with status: {status}")
RuntimeError: Simulation failed with status: error
2026-03-20 04:09:10,988 | INFO | app.pipeline.runner | Preparing simulation template=mean_reversion expression=rank(group_neutralize((close - ts_mean(close, 40)), sector))
2026-03-20 04:09:10,989 | INFO | events | preparing template=mean_reversion expression=rank(group_neutralize((close - ts_mean(close, 40)), sector))
2026-03-20 04:09:14,039 | INFO | app.api.clients | Simulation submitted simulation_id=2UUtGM4Zp4VGbgi14xdktBLI expression=rank(group_neutralize((close - ts_mean(close, 40)), sector))
2026-03-20 04:09:14,040 | INFO | app.pipeline.runner | Simulation accepted template=mean_reversion simulation_id=2UUtGM4Zp4VGbgi14xdktBLI
2026-03-20 04:10:45,415 | INFO | events | completed alpha_id=315 status=complete sharpe=-1.1800 fitness=-0.8000
2026-03-20 04:10:45,416 | INFO | app.pipeline.runner | Simulation completed simulation_id=2UUtGM4Zp4VGbgi14xdktBLI alpha_id=aklK0wEW sharpe=-1.1800 fitness=-0.8000 returns=-0.1211 drawdown=0.6577
2026-03-20 04:10:45,416 | INFO | app.pipeline.runner | Running generation 2/3
2026-03-20 04:10:45,642 | INFO | app.pipeline.runner | Preparing simulation template=mean_reversion expression=zscore(group_neutralize((returns - ts_mean(returns, 10)), sector))
2026-03-20 04:10:45,642 | INFO | events | preparing template=mean_reversion expression=zscore(group_neutralize((returns - ts_mean(returns, 10)), sector))
2026-03-20 04:10:48,365 | INFO | app.api.clients | Simulation submitted simulation_id=mgymz4Vb4qjaNdngcz9qp8 expression=zscore(group_neutralize((returns - ts_mean(returns, 10)), sector))
2026-03-20 04:10:48,366 | INFO | app.pipeline.runner | Simulation accepted template=mean_reversion simulation_id=mgymz4Vb4qjaNdngcz9qp8
2026-03-20 04:12:18,035 | INFO | events | completed alpha_id=320 status=complete sharpe=-0.8800 fitness=-0.2600
2026-03-20 04:12:18,035 | INFO | app.pipeline.runner | Simulation completed simulation_id=mgymz4Vb4qjaNdngcz9qp8 alpha_id=aklK09L9 sharpe=-0.8800 fitness=-0.2600 returns=-0.1295 drawdown=0.7205
2026-03-20 04:12:18,036 | INFO | app.pipeline.runner | Running generation 3/3
2026-03-20 04:12:18,238 | INFO | app.pipeline.runner | Preparing simulation template=mean_reversion expression=zscore(group_neutralize((returns - ts_mean(returns, 20)), sector))
2026-03-20 04:12:18,238 | INFO | events | preparing template=mean_reversion expression=zscore(group_neutralize((returns - ts_mean(returns, 20)), sector))
2026-03-20 04:12:18,690 | INFO | app.api.clients | Simulation submitted simulation_id=1VJsdEPN4FqabOgwZ7xDsh expression=zscore(group_neutralize((returns - ts_mean(returns, 20)), sector))
2026-03-20 04:12:18,690 | INFO | app.pipeline.runner | Simulation accepted template=mean_reversion simulation_id=1VJsdEPN4FqabOgwZ7xDsh
2026-03-20 04:14:46,319 | INFO | events | completed alpha_id=324 status=complete sharpe=-0.9500 fitness=-0.3000
2026-03-20 04:14:46,319 | INFO | app.pipeline.runner | Simulation completed simulation_id=1VJsdEPN4FqabOgwZ7xDsh alpha_id=wp1QrKlp sharpe=-0.9500 fitness=-0.3000 returns=-0.1440 drawdown=0.7926
2026-03-20 04:14:46,341 | INFO | app.pipeline.runner | Preparing simulation template=quality_value expression=rank((ts_rank((returns / (1 + sales)), 10) - ts_rank(sales, 10)))
2026-03-20 04:14:46,341 | INFO | events | preparing template=quality_value expression=rank((ts_rank((returns / (1 + sales)), 10) - ts_rank(sales, 10)))
2026-03-20 04:14:46,978 | INFO | app.api.clients | Simulation submitted simulation_id=3mxsSLePT4N6aohg5ifMzml expression=rank((ts_rank((returns / (1 + sales)), 10) - ts_rank(sales, 10)))
2026-03-20 04:14:46,979 | INFO | app.pipeline.runner | Simulation accepted template=quality_value simulation_id=3mxsSLePT4N6aohg5ifMzml
2026-03-20 04:16:14,969 | INFO | events | completed alpha_id=325 status=complete sharpe=-1.4200 fitness=-0.3800
2026-03-20 04:16:14,969 | INFO | app.pipeline.runner | Simulation completed simulation_id=3mxsSLePT4N6aohg5ifMzml alpha_id=QPjv8LYK sharpe=-1.4200 fitness=-0.3800 returns=-0.0930 drawdown=0.4826
2026-03-20 04:16:14,970 | INFO | app.pipeline.runner | Cycle 20 complete: submitted=15.0 complete=4.0 best=0.0 avg_reward=-2.2386
2026-03-20 04:16:19,971 | INFO | app.pipeline.runner | Starting mining cycle 21/999999
2026-03-20 04:16:19,976 | INFO | app.pipeline.runner | Running generation 1/3
2026-03-20 04:16:20,226 | INFO | app.pipeline.runner | Running generation 2/3
2026-03-20 04:16:20,435 | INFO | app.pipeline.runner | Preparing simulation template=mean_reversion expression=rank(group_neutralize((eps - ts_mean(eps, 10)), industry))
2026-03-20 04:16:20,436 | INFO | events | preparing template=mean_reversion expression=rank(group_neutralize((eps - ts_mean(eps, 10)), industry))
2026-03-20 04:16:20,741 | INFO | app.api.clients | Simulation submitted simulation_id=2Hd2vP6ly4Sqb5TBZ1Yw2un expression=rank(group_neutralize((eps - ts_mean(eps, 10)), industry))
2026-03-20 04:16:20,742 | INFO | app.pipeline.runner | Simulation accepted template=mean_reversion simulation_id=2Hd2vP6ly4Sqb5TBZ1Yw2un
2026-03-20 04:17:51,397 | INFO | events | completed alpha_id=334 status=complete sharpe=-0.2800 fitness=-0.0500
2026-03-20 04:17:51,398 | INFO | app.pipeline.runner | Simulation completed simulation_id=2Hd2vP6ly4Sqb5TBZ1Yw2un alpha_id=blM6w7gR sharpe=-0.2800 fitness=-0.0500 returns=-0.0136 drawdown=0.1165
2026-03-20 04:17:51,443 | INFO | app.pipeline.runner | Running generation 3/3
2026-03-20 04:17:51,645 | INFO | app.pipeline.runner | Preparing simulation template=quality_value expression=rank((ts_rank((high / (1 + cashflow)), 20) - ts_rank(cashflow, 20)))
2026-03-20 04:17:51,646 | INFO | events | preparing template=quality_value expression=rank((ts_rank((high / (1 + cashflow)), 20) - ts_rank(cashflow, 20)))
2026-03-20 04:17:52,145 | INFO | app.api.clients | Simulation submitted simulation_id=4704Iz4PD4Q89Vh17dpjSVf expression=rank((ts_rank((high / (1 + cashflow)), 20) - ts_rank(cashflow, 20)))
2026-03-20 04:17:52,145 | INFO | app.pipeline.runner | Simulation accepted template=quality_value simulation_id=4704Iz4PD4Q89Vh17dpjSVf
2026-03-20 04:19:22,264 | INFO | events | completed alpha_id=340 status=complete sharpe=-0.7700 fitness=-0.2000
2026-03-20 04:19:22,265 | INFO | app.pipeline.runner | Simulation completed simulation_id=4704Iz4PD4Q89Vh17dpjSVf alpha_id=LL6MQXYa sharpe=-0.7700 fitness=-0.2000 returns=-0.0298 drawdown=0.1847
2026-03-20 04:19:22,265 | INFO | app.pipeline.runner | Cycle 21 complete: submitted=15.0 complete=2.0 best=0.0 avg_reward=-2.6327
2026-03-20 04:19:27,266 | INFO | app.pipeline.runner | Starting mining cycle 22/999999
2026-03-20 04:19:27,271 | INFO | app.pipeline.runner | Running generation 1/3
2026-03-20 04:19:27,503 | INFO | app.pipeline.runner | Preparing simulation template=volatility_reversion expression=zscore(((close - ts_mean(close, 20)) / (1 + ts_std_dev(close, 20))))
2026-03-20 04:19:27,504 | INFO | events | preparing template=volatility_reversion expression=zscore(((close - ts_mean(close, 20)) / (1 + ts_std_dev(close, 20))))
2026-03-20 04:19:27,764 | INFO | app.api.clients | Simulation submitted simulation_id=1L6XmzgNG4vb922uEdLPZmo expression=zscore(((close - ts_mean(close, 20)) / (1 + ts_std_dev(close, 20))))
2026-03-20 04:19:27,765 | INFO | app.pipeline.runner | Simulation accepted template=volatility_reversion simulation_id=1L6XmzgNG4vb922uEdLPZmo
2026-03-20 04:21:37,833 | INFO | events | completed alpha_id=345 status=complete sharpe=-1.3800 fitness=-0.8400
2026-03-20 04:21:37,833 | INFO | app.pipeline.runner | Simulation completed simulation_id=1L6XmzgNG4vb922uEdLPZmo alpha_id=KP6J19dj sharpe=-1.3800 fitness=-0.8400 returns=-0.1579 drawdown=0.8102
2026-03-20 04:21:37,834 | INFO | app.pipeline.runner | Running generation 2/3
2026-03-20 04:21:38,085 | INFO | app.pipeline.runner | Running generation 3/3
2026-03-20 04:21:38,309 | INFO | app.pipeline.runner | Preparing simulation template=volatility_reversion expression=ts_rank(((book_value - ts_mean(book_value, 20)) / (1 + ts_std_dev(book_value, 20))), 20)
2026-03-20 04:21:38,310 | INFO | events | preparing template=volatility_reversion expression=ts_rank(((book_value - ts_mean(book_value, 20)) / (1 + ts_std_dev(book_value, 20))), 20)
2026-03-20 04:21:38,553 | INFO | app.api.clients | Simulation submitted simulation_id=3JiEGYeJV5hJ8WQ1cvqgCGu6 expression=ts_rank(((book_value - ts_mean(book_value, 20)) / (1 + ts_std_dev(book_value, 20))), 20)
2026-03-20 04:21:38,553 | INFO | app.pipeline.runner | Simulation accepted template=volatility_reversion simulation_id=3JiEGYeJV5hJ8WQ1cvqgCGu6
2026-03-20 04:21:44,249 | ERROR | app.pipeline.runner | Simulation failed for candidate ts_rank(((book_value - ts_mean(book_value, 20)) / (1 + ts_std_dev(book_value, 20))), 20)
Traceback (most recent call last):
  File "D:\Code\worldquant\app\pipeline\runner.py", line 150, in _process_candidate
    terminal = self._wait_for_completion(handle.simulation_id)
               ^^^^^^^^^^^^^^^^^^^^^^^^^^^^^^^^^^^^^^^^^^^^^^^
  File "D:\Code\worldquant\app\pipeline\runner.py", line 190, in _wait_for_completion
    raise RuntimeError(f"Simulation failed with status: {status}")
RuntimeError: Simulation failed with status: error
2026-03-20 04:21:44,250 | INFO | app.pipeline.runner | Cycle 22 complete: submitted=15.0 complete=1.0 best=0.0 avg_reward=-2.7998
2026-03-20 04:21:49,252 | INFO | app.pipeline.runner | Starting mining cycle 23/999999
2026-03-20 04:21:49,256 | INFO | app.pipeline.runner | Running generation 1/3
2026-03-20 04:21:49,373 | INFO | app.pipeline.runner | Preparing simulation template=quality_value expression=zscore((ts_rank((eps / (1 + operating_margin)), 20) - ts_rank(operating_margin, 20)))
2026-03-20 04:21:49,374 | INFO | events | preparing template=quality_value expression=zscore((ts_rank((eps / (1 + operating_margin)), 20) - ts_rank(operating_margin, 20)))
2026-03-20 04:21:49,618 | INFO | app.api.clients | Simulation submitted simulation_id=6R9esbKm4ZFaKr1dqK3VEuT expression=zscore((ts_rank((eps / (1 + operating_margin)), 20) - ts_rank(operating_margin, 20)))
2026-03-20 04:21:49,618 | INFO | app.pipeline.runner | Simulation accepted template=quality_value simulation_id=6R9esbKm4ZFaKr1dqK3VEuT
2026-03-20 04:21:55,911 | ERROR | app.pipeline.runner | Simulation failed for candidate zscore((ts_rank((eps / (1 + operating_margin)), 20) - ts_rank(operating_margin, 20)))
Traceback (most recent call last):
  File "D:\Code\worldquant\app\pipeline\runner.py", line 150, in _process_candidate
    terminal = self._wait_for_completion(handle.simulation_id)
               ^^^^^^^^^^^^^^^^^^^^^^^^^^^^^^^^^^^^^^^^^^^^^^^
  File "D:\Code\worldquant\app\pipeline\runner.py", line 190, in _wait_for_completion
    raise RuntimeError(f"Simulation failed with status: {status}")
RuntimeError: Simulation failed with status: error
2026-03-20 04:21:55,939 | INFO | app.pipeline.runner | Preparing simulation template=volatility_reversion expression=rank(((returns - ts_mean(returns, 60)) / (1 + ts_std_dev(returns, 60))))
2026-03-20 04:21:55,940 | INFO | events | preparing template=volatility_reversion expression=rank(((returns - ts_mean(returns, 60)) / (1 + ts_std_dev(returns, 60))))
2026-03-20 04:21:56,881 | INFO | app.api.clients | Simulation submitted simulation_id=1rfWa8eJD55BaegEf6ayfE6 expression=rank(((returns - ts_mean(returns, 60)) / (1 + ts_std_dev(returns, 60))))
2026-03-20 04:21:56,882 | INFO | app.pipeline.runner | Simulation accepted template=volatility_reversion simulation_id=1rfWa8eJD55BaegEf6ayfE6
2026-03-20 04:23:11,438 | INFO | events | completed alpha_id=359 status=complete sharpe=-1.2000 fitness=-0.3700
2026-03-20 04:23:11,439 | INFO | app.pipeline.runner | Simulation completed simulation_id=1rfWa8eJD55BaegEf6ayfE6 alpha_id=QPjv83eg sharpe=-1.2000 fitness=-0.3700 returns=-0.1247 drawdown=0.6496
2026-03-20 04:23:11,483 | INFO | app.pipeline.runner | Running generation 2/3
2026-03-20 04:23:11,668 | INFO | app.pipeline.runner | Preparing simulation template=volatility_reversion expression=zscore(((returns - ts_mean(returns, 5)) / (1 + ts_std_dev(returns, 5))))
2026-03-20 04:23:11,669 | INFO | events | preparing template=volatility_reversion expression=zscore(((returns - ts_mean(returns, 5)) / (1 + ts_std_dev(returns, 5))))
2026-03-20 04:23:12,128 | INFO | app.api.clients | Simulation submitted simulation_id=Q12bxbI35dtckIpjpu6wze expression=zscore(((returns - ts_mean(returns, 5)) / (1 + ts_std_dev(returns, 5))))
2026-03-20 04:23:12,129 | INFO | app.pipeline.runner | Simulation accepted template=volatility_reversion simulation_id=Q12bxbI35dtckIpjpu6wze
2026-03-20 04:24:31,731 | INFO | events | completed alpha_id=364 status=complete sharpe=-0.5000 fitness=-0.1100
2026-03-20 04:24:31,731 | INFO | app.pipeline.runner | Simulation completed simulation_id=Q12bxbI35dtckIpjpu6wze alpha_id=npovEAGa sharpe=-0.5000 fitness=-0.1100 returns=-0.0660 drawdown=0.4675
2026-03-20 04:24:31,802 | INFO | app.pipeline.runner | Running generation 3/3
2026-03-20 04:24:31,981 | INFO | app.pipeline.runner | Preparing simulation template=mean_reversion expression=rank(group_neutralize((returns - ts_mean(returns, 120)), industry))
2026-03-20 04:24:31,981 | INFO | events | preparing template=mean_reversion expression=rank(group_neutralize((returns - ts_mean(returns, 120)), industry))
2026-03-20 04:24:32,488 | INFO | app.api.clients | Simulation submitted simulation_id=1hjL8uaPB4AuaMnbZrsD6vO expression=rank(group_neutralize((returns - ts_mean(returns, 120)), industry))
2026-03-20 04:24:32,489 | INFO | app.pipeline.runner | Simulation accepted template=mean_reversion simulation_id=1hjL8uaPB4AuaMnbZrsD6vO
2026-03-20 04:27:05,241 | INFO | events | completed alpha_id=369 status=complete sharpe=-1.2400 fitness=-0.3900
2026-03-20 04:27:05,242 | INFO | app.pipeline.runner | Simulation completed simulation_id=1hjL8uaPB4AuaMnbZrsD6vO alpha_id=1YLNM0mQ sharpe=-1.2400 fitness=-0.3900 returns=-0.1298 drawdown=0.6723
2026-03-20 04:27:05,289 | INFO | app.pipeline.runner | Cycle 23 complete: submitted=15.0 complete=3.0 best=0.0 avg_reward=-2.4351
2026-03-20 04:27:10,291 | INFO | app.pipeline.runner | Starting mining cycle 24/999999
2026-03-20 04:27:10,294 | INFO | app.pipeline.runner | Running generation 1/3
2026-03-20 04:27:10,495 | INFO | app.pipeline.runner | Preparing simulation template=fundamental_cross expression=rank((ts_rank(book_value, 120) - ts_rank(cashflow, 120)))
2026-03-20 04:27:10,495 | INFO | events | preparing template=fundamental_cross expression=rank((ts_rank(book_value, 120) - ts_rank(cashflow, 120)))
2026-03-20 04:27:10,748 | INFO | app.api.clients | Simulation submitted simulation_id=1sWdR0b1B5eu92r3HN6IEGi expression=rank((ts_rank(book_value, 120) - ts_rank(cashflow, 120)))
2026-03-20 04:27:10,749 | INFO | app.pipeline.runner | Simulation accepted template=fundamental_cross simulation_id=1sWdR0b1B5eu92r3HN6IEGi
2026-03-20 04:27:11,760 | ERROR | app.pipeline.runner | Simulation failed for candidate rank((ts_rank(book_value, 120) - ts_rank(cashflow, 120)))
Traceback (most recent call last):
  File "D:\Code\worldquant\app\pipeline\runner.py", line 150, in _process_candidate
    terminal = self._wait_for_completion(handle.simulation_id)
               ^^^^^^^^^^^^^^^^^^^^^^^^^^^^^^^^^^^^^^^^^^^^^^^
  File "D:\Code\worldquant\app\pipeline\runner.py", line 190, in _wait_for_completion
    raise RuntimeError(f"Simulation failed with status: {status}")
RuntimeError: Simulation failed with status: error
2026-03-20 04:27:11,762 | INFO | app.pipeline.runner | Running generation 2/3
2026-03-20 04:27:11,995 | INFO | app.pipeline.runner | Running generation 3/3
2026-03-20 04:27:12,167 | INFO | app.pipeline.runner | Preparing simulation template=mean_reversion expression=zscore(group_neutralize((vwap - ts_mean(vwap, 10)), sector))
2026-03-20 04:27:12,167 | INFO | events | preparing template=mean_reversion expression=zscore(group_neutralize((vwap - ts_mean(vwap, 10)), sector))
2026-03-20 04:27:12,746 | INFO | app.api.clients | Simulation submitted simulation_id=1WEwNVcZ74Sx95210RF0WXZa expression=zscore(group_neutralize((vwap - ts_mean(vwap, 10)), sector))
2026-03-20 04:27:12,747 | INFO | app.pipeline.runner | Simulation accepted template=mean_reversion simulation_id=1WEwNVcZ74Sx95210RF0WXZa
2026-03-20 04:29:48,466 | INFO | events | completed alpha_id=384 status=complete sharpe=-1.2700 fitness=-0.6800
2026-03-20 04:29:48,467 | INFO | app.pipeline.runner | Simulation completed simulation_id=1WEwNVcZ74Sx95210RF0WXZa alpha_id=mLAovE99 sharpe=-1.2700 fitness=-0.6800 returns=-0.1399 drawdown=0.6927
2026-03-20 04:29:48,500 | INFO | app.pipeline.runner | Preparing simulation template=volatility_reversion expression=rank(((returns - ts_mean(returns, 20)) / (1 + ts_std_dev(returns, 20))))
2026-03-20 04:29:48,500 | INFO | events | preparing template=volatility_reversion expression=rank(((returns - ts_mean(returns, 20)) / (1 + ts_std_dev(returns, 20))))
2026-03-20 04:29:49,112 | INFO | app.api.clients | Simulation submitted simulation_id=3LJ8jM9T24sNbhmv98jGb5g expression=rank(((returns - ts_mean(returns, 20)) / (1 + ts_std_dev(returns, 20))))
2026-03-20 04:29:49,113 | INFO | app.pipeline.runner | Simulation accepted template=volatility_reversion simulation_id=3LJ8jM9T24sNbhmv98jGb5g
2026-03-20 04:32:05,471 | INFO | events | completed alpha_id=385 status=complete sharpe=-1.2500 fitness=-0.3900
2026-03-20 04:32:05,472 | INFO | app.pipeline.runner | Simulation completed simulation_id=3LJ8jM9T24sNbhmv98jGb5g alpha_id=6X1d5VRK sharpe=-1.2500 fitness=-0.3900 returns=-0.1264 drawdown=0.6575
2026-03-20 04:32:05,472 | INFO | app.pipeline.runner | Cycle 24 complete: submitted=15.0 complete=2.0 best=0.0 avg_reward=-2.6342
2026-03-20 04:32:10,473 | INFO | app.pipeline.runner | Starting mining cycle 25/999999
2026-03-20 04:32:10,479 | INFO | app.pipeline.runner | Running generation 1/3
2026-03-20 04:32:10,692 | INFO | app.pipeline.runner | Preparing simulation template=mean_reversion expression=zscore(group_neutralize((close - ts_mean(close, 20)), industry))
2026-03-20 04:32:10,692 | INFO | events | preparing template=mean_reversion expression=zscore(group_neutralize((close - ts_mean(close, 20)), industry))
2026-03-20 04:32:10,938 | INFO | app.api.clients | Simulation submitted simulation_id=4COf57eQf5dDb2zXoV7IoUL expression=zscore(group_neutralize((close - ts_mean(close, 20)), industry))
2026-03-20 04:32:10,939 | INFO | app.pipeline.runner | Simulation accepted template=mean_reversion simulation_id=4COf57eQf5dDb2zXoV7IoUL
2026-03-20 04:34:13,840 | INFO | events | completed alpha_id=390 status=complete sharpe=-1.3700 fitness=-0.9000
2026-03-20 04:34:13,841 | INFO | app.pipeline.runner | Simulation completed simulation_id=4COf57eQf5dDb2zXoV7IoUL alpha_id=mLAoE2LW sharpe=-1.3700 fitness=-0.9000 returns=-0.1581 drawdown=0.7832
2026-03-20 04:34:13,842 | INFO | app.pipeline.runner | Running generation 2/3
2026-03-20 04:34:14,083 | INFO | app.pipeline.runner | Preparing simulation template=breakout expression=rank(((high - ts_min(high, 120)) / (1 + (ts_max(high, 120) - ts_min(high, 120)))))
2026-03-20 04:34:14,083 | INFO | events | preparing template=breakout expression=rank(((high - ts_min(high, 120)) / (1 + (ts_max(high, 120) - ts_min(high, 120)))))
2026-03-20 04:34:14,328 | INFO | app.api.clients | Simulation submitted simulation_id=3HcgguT051naLX111Ds4kO1 expression=rank(((high - ts_min(high, 120)) / (1 + (ts_max(high, 120) - ts_min(high, 120)))))
2026-03-20 04:34:14,329 | INFO | app.pipeline.runner | Simulation accepted template=breakout simulation_id=3HcgguT051naLX111Ds4kO1
2026-03-20 04:34:15,338 | ERROR | app.pipeline.runner | Simulation failed for candidate rank(((high - ts_min(high, 120)) / (1 + (ts_max(high, 120) - ts_min(high, 120)))))
Traceback (most recent call last):
  File "D:\Code\worldquant\app\pipeline\runner.py", line 150, in _process_candidate
    terminal = self._wait_for_completion(handle.simulation_id)
               ^^^^^^^^^^^^^^^^^^^^^^^^^^^^^^^^^^^^^^^^^^^^^^^
  File "D:\Code\worldquant\app\pipeline\runner.py", line 190, in _wait_for_completion
    raise RuntimeError(f"Simulation failed with status: {status}")
RuntimeError: Simulation failed with status: error
2026-03-20 04:34:15,340 | INFO | app.pipeline.runner | Running generation 3/3
2026-03-20 04:34:15,592 | INFO | app.pipeline.runner | Cycle 25 complete: submitted=15.0 complete=1.0 best=0.0 avg_reward=-2.8021
2026-03-20 04:34:20,593 | INFO | app.pipeline.runner | Starting mining cycle 26/999999
2026-03-20 04:34:20,596 | INFO | app.pipeline.runner | Running generation 1/3
2026-03-20 04:34:20,787 | INFO | app.pipeline.runner | Preparing simulation template=price_volume_divergence expression=rank((ts_delta(vwap, 5) - ts_decay_linear(ts_delta(adv20, 5), 5)))
2026-03-20 04:34:20,788 | INFO | events | preparing template=price_volume_divergence expression=rank((ts_delta(vwap, 5) - ts_decay_linear(ts_delta(adv20, 5), 5)))
2026-03-20 04:34:21,030 | INFO | app.api.clients | Simulation submitted simulation_id=4wmbIm1Fw4sAcoD19k4YK4vP expression=rank((ts_delta(vwap, 5) - ts_decay_linear(ts_delta(adv20, 5), 5)))
2026-03-20 04:34:21,030 | INFO | app.pipeline.runner | Simulation accepted template=price_volume_divergence simulation_id=4wmbIm1Fw4sAcoD19k4YK4vP
2026-03-20 04:45:05,413 | ERROR | app.pipeline.runner | Simulation failed for candidate rank((ts_delta(vwap, 5) - ts_decay_linear(ts_delta(adv20, 5), 5)))
Traceback (most recent call last):
  File "D:\Code\worldquant\app\pipeline\runner.py", line 150, in _process_candidate
    terminal = self._wait_for_completion(handle.simulation_id)
               ^^^^^^^^^^^^^^^^^^^^^^^^^^^^^^^^^^^^^^^^^^^^^^^
  File "D:\Code\worldquant\app\pipeline\runner.py", line 192, in _wait_for_completion
    raise TimeoutError(f"Simulation {simulation_id} timed out")
TimeoutError: Simulation 4wmbIm1Fw4sAcoD19k4YK4vP timed out
2026-03-20 04:45:05,440 | INFO | app.pipeline.runner | Preparing simulation template=fundamental_cross expression=rank((ts_rank(cashflow, 120) - ts_rank(sales, 120)))
2026-03-20 04:45:05,441 | INFO | events | preparing template=fundamental_cross expression=rank((ts_rank(cashflow, 120) - ts_rank(sales, 120)))
2026-03-20 04:45:05,687 | INFO | app.api.clients | Simulation submitted simulation_id=3Wwg5scPI4oacang6kmAPtC expression=rank((ts_rank(cashflow, 120) - ts_rank(sales, 120)))
2026-03-20 04:45:05,688 | INFO | app.pipeline.runner | Simulation accepted template=fundamental_cross simulation_id=3Wwg5scPI4oacang6kmAPtC
2026-03-20 04:46:18,835 | INFO | events | completed alpha_id=405 status=complete sharpe=-0.0400 fitness=-0.0000
2026-03-20 04:46:18,835 | INFO | app.pipeline.runner | Simulation completed simulation_id=3Wwg5scPI4oacang6kmAPtC alpha_id=Jjme6Akm sharpe=-0.0400 fitness=-0.0000 returns=-0.0018 drawdown=0.0971
2026-03-20 04:46:18,835 | INFO | app.pipeline.runner | Running generation 2/3
2026-03-20 04:46:19,016 | INFO | app.pipeline.runner | Preparing simulation template=volatility_reversion expression=rank(((vwap - ts_mean(vwap, 5)) / (1 + ts_std_dev(vwap, 5))))
2026-03-20 04:46:19,016 | INFO | events | preparing template=volatility_reversion expression=rank(((vwap - ts_mean(vwap, 5)) / (1 + ts_std_dev(vwap, 5))))
2026-03-20 04:46:19,260 | INFO | app.api.clients | Simulation submitted simulation_id=31rEQq2lA4XxbG2AHCIr5Ek expression=rank(((vwap - ts_mean(vwap, 5)) / (1 + ts_std_dev(vwap, 5))))
2026-03-20 04:46:19,260 | INFO | app.pipeline.runner | Simulation accepted template=volatility_reversion simulation_id=31rEQq2lA4XxbG2AHCIr5Ek
2026-03-20 04:48:31,928 | INFO | events | completed alpha_id=410 status=complete sharpe=-1.8000 fitness=-0.8600
2026-03-20 04:48:31,928 | INFO | app.pipeline.runner | Simulation completed simulation_id=31rEQq2lA4XxbG2AHCIr5Ek alpha_id=ZYxaR6Yx sharpe=-1.8000 fitness=-0.8600 returns=-0.1649 drawdown=0.8184
2026-03-20 04:48:31,929 | INFO | app.pipeline.runner | Running generation 3/3
2026-03-20 04:48:32,190 | INFO | app.pipeline.runner | Cycle 26 complete: submitted=15.0 complete=2.0 best=0.0 avg_reward=-2.6101
2026-03-20 04:48:37,191 | INFO | app.pipeline.runner | Starting mining cycle 27/999999
2026-03-20 04:48:37,194 | INFO | app.pipeline.runner | Running generation 1/3
2026-03-20 04:48:37,375 | INFO | app.pipeline.runner | Preparing simulation template=breakout expression=rank(((vwap - ts_min(vwap, 60)) / (1 + (ts_max(vwap, 60) - ts_min(vwap, 60)))))
2026-03-20 04:48:37,376 | INFO | events | preparing template=breakout expression=rank(((vwap - ts_min(vwap, 60)) / (1 + (ts_max(vwap, 60) - ts_min(vwap, 60)))))
2026-03-20 04:48:37,623 | INFO | app.api.clients | Simulation submitted simulation_id=1cNXradF256U9V6kcHmTdnD expression=rank(((vwap - ts_min(vwap, 60)) / (1 + (ts_max(vwap, 60) - ts_min(vwap, 60)))))
2026-03-20 04:48:37,623 | INFO | app.pipeline.runner | Simulation accepted template=breakout simulation_id=1cNXradF256U9V6kcHmTdnD
2026-03-20 04:48:38,644 | ERROR | app.pipeline.runner | Simulation failed for candidate rank(((vwap - ts_min(vwap, 60)) / (1 + (ts_max(vwap, 60) - ts_min(vwap, 60)))))
Traceback (most recent call last):
  File "D:\Code\worldquant\app\pipeline\runner.py", line 150, in _process_candidate
    terminal = self._wait_for_completion(handle.simulation_id)
               ^^^^^^^^^^^^^^^^^^^^^^^^^^^^^^^^^^^^^^^^^^^^^^^
  File "D:\Code\worldquant\app\pipeline\runner.py", line 190, in _wait_for_completion
    raise RuntimeError(f"Simulation failed with status: {status}")
RuntimeError: Simulation failed with status: error
2026-03-20 04:48:38,691 | INFO | app.pipeline.runner | Running generation 2/3
2026-03-20 04:48:38,911 | INFO | app.pipeline.runner | Running generation 3/3
2026-03-20 04:48:39,080 | INFO | app.pipeline.runner | Preparing simulation template=mean_reversion expression=rank(group_neutralize((eps - ts_mean(eps, 20)), industry))
2026-03-20 04:48:39,080 | INFO | events | preparing template=mean_reversion expression=rank(group_neutralize((eps - ts_mean(eps, 20)), industry))
2026-03-20 04:48:39,619 | INFO | app.api.clients | Simulation submitted simulation_id=G4juF2qZ58ncbTw2LD6s74 expression=rank(group_neutralize((eps - ts_mean(eps, 20)), industry))
2026-03-20 04:48:39,619 | INFO | app.pipeline.runner | Simulation accepted template=mean_reversion simulation_id=G4juF2qZ58ncbTw2LD6s74
2026-03-20 04:51:08,172 | INFO | events | completed alpha_id=429 status=complete sharpe=0.2900 fitness=0.0600
2026-03-20 04:51:08,172 | INFO | app.pipeline.runner | Simulation completed simulation_id=G4juF2qZ58ncbTw2LD6s74 alpha_id=3qx0Md36 sharpe=0.2900 fitness=0.0600 returns=0.0115 drawdown=0.0567
2026-03-20 04:51:08,216 | INFO | app.pipeline.runner | Cycle 27 complete: submitted=15.0 complete=1.0 best=0.0 avg_reward=-2.7250
2026-03-20 04:51:13,217 | INFO | app.pipeline.runner | Starting mining cycle 28/999999
2026-03-20 04:51:13,223 | INFO | app.pipeline.runner | Running generation 1/3
2026-03-20 04:51:13,382 | INFO | app.pipeline.runner | Preparing simulation template=price_volume_divergence expression=rank((ts_delta(close, 10) - ts_decay_linear(ts_delta(volume, 10), 5)))
2026-03-20 04:51:13,382 | INFO | events | preparing template=price_volume_divergence expression=rank((ts_delta(close, 10) - ts_decay_linear(ts_delta(volume, 10), 5)))
2026-03-20 04:51:13,620 | INFO | app.api.clients | Simulation submitted simulation_id=1MmdVb5Bv4ygbF1toqWXQA3 expression=rank((ts_delta(close, 10) - ts_decay_linear(ts_delta(volume, 10), 5)))
2026-03-20 04:51:13,621 | INFO | app.pipeline.runner | Simulation accepted template=price_volume_divergence simulation_id=1MmdVb5Bv4ygbF1toqWXQA3
2026-03-20 05:01:53,716 | ERROR | app.pipeline.runner | Simulation failed for candidate rank((ts_delta(close, 10) - ts_decay_linear(ts_delta(volume, 10), 5)))
Traceback (most recent call last):
  File "D:\Code\worldquant\app\pipeline\runner.py", line 150, in _process_candidate
    terminal = self._wait_for_completion(handle.simulation_id)
               ^^^^^^^^^^^^^^^^^^^^^^^^^^^^^^^^^^^^^^^^^^^^^^^
  File "D:\Code\worldquant\app\pipeline\runner.py", line 192, in _wait_for_completion
    raise TimeoutError(f"Simulation {simulation_id} timed out")
TimeoutError: Simulation 1MmdVb5Bv4ygbF1toqWXQA3 timed out
2026-03-20 05:01:53,763 | INFO | app.pipeline.runner | Running generation 2/3
2026-03-20 05:01:53,942 | INFO | app.pipeline.runner | Preparing simulation template=quality_value expression=rank((ts_rank((sales / (1 + book_value)), 20) - ts_rank(book_value, 20)))
2026-03-20 05:01:53,943 | INFO | events | preparing template=quality_value expression=rank((ts_rank((sales / (1 + book_value)), 20) - ts_rank(book_value, 20)))
2026-03-20 05:01:54,196 | INFO | app.api.clients | Simulation submitted simulation_id=lewGbeza57naSAPsFmxdTE expression=rank((ts_rank((sales / (1 + book_value)), 20) - ts_rank(book_value, 20)))
2026-03-20 05:01:54,197 | INFO | app.pipeline.runner | Simulation accepted template=quality_value simulation_id=lewGbeza57naSAPsFmxdTE
2026-03-20 05:01:55,201 | ERROR | app.pipeline.runner | Simulation failed for candidate rank((ts_rank((sales / (1 + book_value)), 20) - ts_rank(book_value, 20)))
Traceback (most recent call last):
  File "D:\Code\worldquant\app\pipeline\runner.py", line 150, in _process_candidate
    terminal = self._wait_for_completion(handle.simulation_id)
               ^^^^^^^^^^^^^^^^^^^^^^^^^^^^^^^^^^^^^^^^^^^^^^^
  File "D:\Code\worldquant\app\pipeline\runner.py", line 190, in _wait_for_completion
    raise RuntimeError(f"Simulation failed with status: {status}")
RuntimeError: Simulation failed with status: error
2026-03-20 05:01:55,230 | INFO | app.pipeline.runner | Preparing simulation template=volatility_reversion expression=zscore(((eps - ts_mean(eps, 40)) / (1 + ts_std_dev(eps, 40))))
2026-03-20 05:01:55,231 | INFO | events | preparing template=volatility_reversion expression=zscore(((eps - ts_mean(eps, 40)) / (1 + ts_std_dev(eps, 40))))
2026-03-20 05:01:56,197 | INFO | app.api.clients | Simulation submitted simulation_id=LjQ8Iflu4GM9JD7QV6rDrE expression=zscore(((eps - ts_mean(eps, 40)) / (1 + ts_std_dev(eps, 40))))
2026-03-20 05:01:56,198 | INFO | app.pipeline.runner | Simulation accepted template=volatility_reversion simulation_id=LjQ8Iflu4GM9JD7QV6rDrE
2026-03-20 05:03:36,903 | INFO | events | completed alpha_id=440 status=complete sharpe=0.3500 fitness=0.1200
2026-03-20 05:03:36,904 | INFO | app.pipeline.runner | Simulation completed simulation_id=LjQ8Iflu4GM9JD7QV6rDrE alpha_id=d5ma2rz2 sharpe=0.3500 fitness=0.1200 returns=0.0191 drawdown=0.0880
2026-03-20 05:03:36,905 | INFO | app.pipeline.runner | Running generation 3/3
2026-03-20 05:03:37,094 | INFO | app.pipeline.runner | Preparing simulation template=quality_value expression=rank((ts_rank((cashflow / (1 + sales)), 120) - ts_rank(sales, 120)))
2026-03-20 05:03:37,095 | INFO | events | preparing template=quality_value expression=rank((ts_rank((cashflow / (1 + sales)), 120) - ts_rank(sales, 120)))
2026-03-20 05:03:37,585 | INFO | app.api.clients | Simulation submitted simulation_id=pI5pG2FD4o0aFzegzgE478 expression=rank((ts_rank((cashflow / (1 + sales)), 120) - ts_rank(sales, 120)))
2026-03-20 05:03:37,586 | INFO | app.pipeline.runner | Simulation accepted template=quality_value simulation_id=pI5pG2FD4o0aFzegzgE478
2026-03-20 05:05:02,313 | INFO | events | completed alpha_id=444 status=complete sharpe=0.1200 fitness=0.0200
2026-03-20 05:05:02,314 | INFO | app.pipeline.runner | Simulation completed simulation_id=pI5pG2FD4o0aFzegzgE478 alpha_id=vR9AKQXz sharpe=0.1200 fitness=0.0200 returns=0.0042 drawdown=0.0873
2026-03-20 05:05:02,344 | INFO | app.pipeline.runner | Preparing simulation template=volatility_reversion expression=rank(((eps - ts_mean(eps, 20)) / (1 + ts_std_dev(eps, 20))))
2026-03-20 05:05:02,345 | INFO | events | preparing template=volatility_reversion expression=rank(((eps - ts_mean(eps, 20)) / (1 + ts_std_dev(eps, 20))))
2026-03-20 05:05:02,983 | INFO | app.api.clients | Simulation submitted simulation_id=2N01DteRP4yc9mgGMo7g3z9 expression=rank(((eps - ts_mean(eps, 20)) / (1 + ts_std_dev(eps, 20))))
2026-03-20 05:05:02,983 | INFO | app.pipeline.runner | Simulation accepted template=volatility_reversion simulation_id=2N01DteRP4yc9mgGMo7g3z9
2026-03-20 05:06:27,999 | INFO | events | completed alpha_id=445 status=complete sharpe=0.2700 fitness=0.0600
2026-03-20 05:06:28,000 | INFO | app.pipeline.runner | Simulation completed simulation_id=2N01DteRP4yc9mgGMo7g3z9 alpha_id=Jjm8jMZj sharpe=0.2700 fitness=0.0600 returns=0.0106 drawdown=0.0512
2026-03-20 05:06:28,001 | INFO | app.pipeline.runner | Cycle 28 complete: submitted=15.0 complete=3.0 best=0.0 avg_reward=-2.2435
2026-03-20 05:06:33,002 | INFO | app.pipeline.runner | Starting mining cycle 29/999999
2026-03-20 05:06:33,009 | INFO | app.pipeline.runner | Running generation 1/3
2026-03-20 05:06:33,281 | INFO | app.pipeline.runner | Running generation 2/3
2026-03-20 05:06:33,472 | INFO | app.pipeline.runner | Preparing simulation template=mean_reversion expression=rank(group_neutralize((close - ts_mean(close, 5)), industry))
2026-03-20 05:06:33,472 | INFO | events | preparing template=mean_reversion expression=rank(group_neutralize((close - ts_mean(close, 5)), industry))
2026-03-20 05:06:33,712 | INFO | app.api.clients | Simulation submitted simulation_id=3X5D5n9yI4TQc2cdmBq7NU1 expression=rank(group_neutralize((close - ts_mean(close, 5)), industry))
2026-03-20 05:06:33,714 | INFO | app.pipeline.runner | Simulation accepted template=mean_reversion simulation_id=3X5D5n9yI4TQc2cdmBq7NU1
2026-03-20 05:08:37,902 | INFO | events | completed alpha_id=454 status=complete sharpe=-1.9100 fitness=-0.8900
2026-03-20 05:08:37,902 | INFO | app.pipeline.runner | Simulation completed simulation_id=3X5D5n9yI4TQc2cdmBq7NU1 alpha_id=78QY89Vb sharpe=-1.9100 fitness=-0.8900 returns=-0.1567 drawdown=0.7765
2026-03-20 05:08:37,945 | INFO | app.pipeline.runner | Running generation 3/3
2026-03-20 05:08:38,161 | INFO | app.pipeline.runner | Preparing simulation template=quality_value expression=zscore((ts_rank((eps / (1 + book_value)), 60) - ts_rank(book_value, 60)))
2026-03-20 05:08:38,162 | INFO | events | preparing template=quality_value expression=zscore((ts_rank((eps / (1 + book_value)), 60) - ts_rank(book_value, 60)))
2026-03-20 05:08:38,536 | INFO | app.api.clients | Simulation submitted simulation_id=21dnWX52o4zwcnv1eI0FIVeS expression=zscore((ts_rank((eps / (1 + book_value)), 60) - ts_rank(book_value, 60)))
2026-03-20 05:08:38,536 | INFO | app.pipeline.runner | Simulation accepted template=quality_value simulation_id=21dnWX52o4zwcnv1eI0FIVeS
2026-03-20 05:08:44,864 | ERROR | app.pipeline.runner | Simulation failed for candidate zscore((ts_rank((eps / (1 + book_value)), 60) - ts_rank(book_value, 60)))
Traceback (most recent call last):
  File "D:\Code\worldquant\app\pipeline\runner.py", line 150, in _process_candidate
    terminal = self._wait_for_completion(handle.simulation_id)
               ^^^^^^^^^^^^^^^^^^^^^^^^^^^^^^^^^^^^^^^^^^^^^^^
  File "D:\Code\worldquant\app\pipeline\runner.py", line 190, in _wait_for_completion
    raise RuntimeError(f"Simulation failed with status: {status}")
RuntimeError: Simulation failed with status: error
2026-03-20 05:08:44,865 | INFO | app.pipeline.runner | Cycle 29 complete: submitted=15.0 complete=1.0 best=0.0 avg_reward=-2.8125
2026-03-20 05:08:49,866 | INFO | app.pipeline.runner | Starting mining cycle 30/999999
2026-03-20 05:08:49,874 | INFO | app.pipeline.runner | Running generation 1/3
2026-03-20 05:08:50,119 | INFO | app.pipeline.runner | Preparing simulation template=price_volume_divergence expression=rank((ts_delta(vwap, 5) - ts_decay_linear(ts_delta(volume, 5), 10)))
2026-03-20 05:08:50,119 | INFO | events | preparing template=price_volume_divergence expression=rank((ts_delta(vwap, 5) - ts_decay_linear(ts_delta(volume, 5), 10)))
2026-03-20 05:08:50,412 | INFO | app.api.clients | Simulation submitted simulation_id=1gJSSObeO4z3aUhVePyfxAY expression=rank((ts_delta(vwap, 5) - ts_decay_linear(ts_delta(volume, 5), 10)))
2026-03-20 05:08:50,413 | INFO | app.pipeline.runner | Simulation accepted template=price_volume_divergence simulation_id=1gJSSObeO4z3aUhVePyfxAY
2026-03-20 05:19:44,501 | ERROR | app.pipeline.runner | Simulation failed for candidate rank((ts_delta(vwap, 5) - ts_decay_linear(ts_delta(volume, 5), 10)))
Traceback (most recent call last):
  File "D:\Code\worldquant\app\pipeline\runner.py", line 150, in _process_candidate
    terminal = self._wait_for_completion(handle.simulation_id)
               ^^^^^^^^^^^^^^^^^^^^^^^^^^^^^^^^^^^^^^^^^^^^^^^
  File "D:\Code\worldquant\app\pipeline\runner.py", line 192, in _wait_for_completion
    raise TimeoutError(f"Simulation {simulation_id} timed out")
TimeoutError: Simulation 1gJSSObeO4z3aUhVePyfxAY timed out
2026-03-20 05:19:44,551 | INFO | app.pipeline.runner | Running generation 2/3
2026-03-20 05:19:44,776 | INFO | app.pipeline.runner | Running generation 3/3
2026-03-20 05:19:45,026 | INFO | app.pipeline.runner | Cycle 30 complete: submitted=15.0 complete=0.0 best=0.0 avg_reward=-2.9333
2026-03-20 05:19:50,027 | INFO | app.pipeline.runner | Starting mining cycle 31/999999
2026-03-20 05:19:50,030 | INFO | app.pipeline.runner | Running generation 1/3
2026-03-20 05:19:50,173 | INFO | app.pipeline.runner | Preparing simulation template=momentum expression=rank((ts_rank(returns, 10) - ts_rank(returns, 60)))
2026-03-20 05:19:50,174 | INFO | events | preparing template=momentum expression=rank((ts_rank(returns, 10) - ts_rank(returns, 60)))
2026-03-20 05:19:50,429 | INFO | app.api.clients | Simulation submitted simulation_id=23CeqogI951baNDMNay6WK expression=rank((ts_rank(returns, 10) - ts_rank(returns, 60)))
2026-03-20 05:19:50,430 | INFO | app.pipeline.runner | Simulation accepted template=momentum simulation_id=23CeqogI951baNDMNay6WK
2026-03-20 05:21:45,368 | INFO | events | completed alpha_id=479 status=complete sharpe=0.5700 fitness=0.0900
2026-03-20 05:21:45,368 | INFO | app.pipeline.runner | Simulation completed simulation_id=23CeqogI951baNDMNay6WK alpha_id=j2Xa2OwO sharpe=0.5700 fitness=0.0900 returns=0.0302 drawdown=0.0723
2026-03-20 05:21:45,441 | INFO | app.pipeline.runner | Running generation 2/3
2026-03-20 05:21:45,596 | INFO | app.pipeline.runner | Preparing simulation template=volatility_reversion expression=rank(((eps - ts_mean(eps, 40)) / (1 + ts_std_dev(eps, 40))))
2026-03-20 05:21:45,597 | INFO | events | preparing template=volatility_reversion expression=rank(((eps - ts_mean(eps, 40)) / (1 + ts_std_dev(eps, 40))))
2026-03-20 05:21:45,835 | INFO | app.api.clients | Simulation submitted simulation_id=Mmd9v6aX4xw8KZyXyGzSsd expression=rank(((eps - ts_mean(eps, 40)) / (1 + ts_std_dev(eps, 40))))
2026-03-20 05:21:45,836 | INFO | app.pipeline.runner | Simulation accepted template=volatility_reversion simulation_id=Mmd9v6aX4xw8KZyXyGzSsd
2026-03-20 05:24:24,666 | INFO | events | completed alpha_id=484 status=complete sharpe=0.7000 fitness=0.2800
2026-03-20 05:24:24,667 | INFO | app.pipeline.runner | Simulation completed simulation_id=Mmd9v6aX4xw8KZyXyGzSsd alpha_id=E5bQ5j20 sharpe=0.7000 fitness=0.2800 returns=0.0206 drawdown=0.0551
2026-03-20 05:24:24,697 | INFO | app.pipeline.runner | Preparing simulation template=breakout expression=rank(((returns - ts_min(returns, 60)) / (1 + (ts_max(returns, 60) - ts_min(returns, 60)))))
2026-03-20 05:24:24,698 | INFO | events | preparing template=breakout expression=rank(((returns - ts_min(returns, 60)) / (1 + (ts_max(returns, 60) - ts_min(returns, 60)))))
2026-03-20 05:24:24,946 | INFO | app.api.clients | Simulation submitted simulation_id=2x14jv9534PPcvVUsH43oc6 expression=rank(((returns - ts_min(returns, 60)) / (1 + (ts_max(returns, 60) - ts_min(returns, 60)))))
2026-03-20 05:24:24,946 | INFO | app.pipeline.runner | Simulation accepted template=breakout simulation_id=2x14jv9534PPcvVUsH43oc6
2026-03-20 05:24:25,954 | ERROR | app.pipeline.runner | Simulation failed for candidate rank(((returns - ts_min(returns, 60)) / (1 + (ts_max(returns, 60) - ts_min(returns, 60)))))
Traceback (most recent call last):
  File "D:\Code\worldquant\app\pipeline\runner.py", line 150, in _process_candidate
    terminal = self._wait_for_completion(handle.simulation_id)
               ^^^^^^^^^^^^^^^^^^^^^^^^^^^^^^^^^^^^^^^^^^^^^^^
  File "D:\Code\worldquant\app\pipeline\runner.py", line 190, in _wait_for_completion
    raise RuntimeError(f"Simulation failed with status: {status}")
RuntimeError: Simulation failed with status: error
2026-03-20 05:24:25,956 | INFO | app.pipeline.runner | Running generation 3/3
2026-03-20 05:24:26,129 | INFO | app.pipeline.runner | Preparing simulation template=volatility_reversion expression=ts_rank(((returns - ts_mean(returns, 10)) / (1 + ts_std_dev(returns, 10))), 10)
2026-03-20 05:24:26,129 | INFO | events | preparing template=volatility_reversion expression=ts_rank(((returns - ts_mean(returns, 10)) / (1 + ts_std_dev(returns, 10))), 10)
2026-03-20 05:24:27,008 | INFO | app.api.clients | Simulation submitted simulation_id=4hL9ImbyC4Ca9iY15pewV6no expression=ts_rank(((returns - ts_mean(returns, 10)) / (1 + ts_std_dev(returns, 10))), 10)
2026-03-20 05:24:27,008 | INFO | app.pipeline.runner | Simulation accepted template=volatility_reversion simulation_id=4hL9ImbyC4Ca9iY15pewV6no
2026-03-20 05:25:47,287 | INFO | events | completed alpha_id=489 status=complete sharpe=-0.9400 fitness=-0.2100
2026-03-20 05:25:47,287 | INFO | app.pipeline.runner | Simulation completed simulation_id=4hL9ImbyC4Ca9iY15pewV6no alpha_id=zqj33Q5O sharpe=-0.9400 fitness=-0.2100 returns=-0.0664 drawdown=0.4133
2026-03-20 05:25:47,331 | INFO | app.pipeline.runner | Cycle 31 complete: submitted=15.0 complete=3.0 best=0.0 avg_reward=-2.3210
2026-03-20 05:25:52,332 | INFO | app.pipeline.runner | Starting mining cycle 32/999999
2026-03-20 05:25:52,335 | INFO | app.pipeline.runner | Running generation 1/3
2026-03-20 05:25:52,633 | INFO | app.pipeline.runner | Running generation 2/3
2026-03-20 05:25:52,897 | INFO | app.pipeline.runner | Running generation 3/3
2026-03-20 05:25:53,130 | INFO | app.pipeline.runner | Cycle 32 complete: submitted=15.0 complete=0.0 best=0.0 avg_reward=-3.0000
2026-03-20 05:25:58,132 | INFO | app.pipeline.runner | Starting mining cycle 33/999999
2026-03-20 05:25:58,139 | INFO | app.pipeline.runner | Running generation 1/3
2026-03-20 05:25:58,259 | INFO | app.pipeline.runner | Preparing simulation template=fundamental_cross expression=zscore((ts_rank(sales, 60) - ts_rank(operating_margin, 60)))
2026-03-20 05:25:58,260 | INFO | events | preparing template=fundamental_cross expression=zscore((ts_rank(sales, 60) - ts_rank(operating_margin, 60)))
2026-03-20 05:25:58,501 | INFO | app.api.clients | Simulation submitted simulation_id=4jhTPd3Jk4LW9r015lUR4Bkb expression=zscore((ts_rank(sales, 60) - ts_rank(operating_margin, 60)))
2026-03-20 05:25:58,501 | INFO | app.pipeline.runner | Simulation accepted template=fundamental_cross simulation_id=4jhTPd3Jk4LW9r015lUR4Bkb
2026-03-20 05:25:59,527 | ERROR | app.pipeline.runner | Simulation failed for candidate zscore((ts_rank(sales, 60) - ts_rank(operating_margin, 60)))
Traceback (most recent call last):
  File "D:\Code\worldquant\app\pipeline\runner.py", line 150, in _process_candidate
    terminal = self._wait_for_completion(handle.simulation_id)
               ^^^^^^^^^^^^^^^^^^^^^^^^^^^^^^^^^^^^^^^^^^^^^^^
  File "D:\Code\worldquant\app\pipeline\runner.py", line 190, in _wait_for_completion
    raise RuntimeError(f"Simulation failed with status: {status}")
RuntimeError: Simulation failed with status: error
2026-03-20 05:25:59,553 | INFO | app.pipeline.runner | Preparing simulation template=fundamental_cross expression=rank((ts_rank(operating_margin, 120) - ts_rank(eps, 120)))
2026-03-20 05:25:59,554 | INFO | events | preparing template=fundamental_cross expression=rank((ts_rank(operating_margin, 120) - ts_rank(eps, 120)))
2026-03-20 05:26:00,532 | INFO | app.api.clients | Simulation submitted simulation_id=PERra45b4wmbFbyAEWUrXR expression=rank((ts_rank(operating_margin, 120) - ts_rank(eps, 120)))
2026-03-20 05:26:00,533 | INFO | app.pipeline.runner | Simulation accepted template=fundamental_cross simulation_id=PERra45b4wmbFbyAEWUrXR
2026-03-20 05:26:01,521 | ERROR | app.pipeline.runner | Simulation failed for candidate rank((ts_rank(operating_margin, 120) - ts_rank(eps, 120)))
Traceback (most recent call last):
  File "D:\Code\worldquant\app\pipeline\runner.py", line 150, in _process_candidate
    terminal = self._wait_for_completion(handle.simulation_id)
               ^^^^^^^^^^^^^^^^^^^^^^^^^^^^^^^^^^^^^^^^^^^^^^^
  File "D:\Code\worldquant\app\pipeline\runner.py", line 190, in _wait_for_completion
    raise RuntimeError(f"Simulation failed with status: {status}")
RuntimeError: Simulation failed with status: error
2026-03-20 05:26:01,566 | INFO | app.pipeline.runner | Running generation 2/3
2026-03-20 05:26:01,762 | INFO | app.pipeline.runner | Preparing simulation template=volatility_reversion expression=zscore(((returns - ts_mean(returns, 10)) / (1 + ts_std_dev(returns, 10))))
2026-03-20 05:26:01,762 | INFO | events | preparing template=volatility_reversion expression=zscore(((returns - ts_mean(returns, 10)) / (1 + ts_std_dev(returns, 10))))
2026-03-20 05:26:02,503 | INFO | app.api.clients | Simulation submitted simulation_id=3vT9MzbPD4M79XhtjYHBaj0 expression=zscore(((returns - ts_mean(returns, 10)) / (1 + ts_std_dev(returns, 10))))
2026-03-20 05:26:02,504 | INFO | app.pipeline.runner | Simulation accepted template=volatility_reversion simulation_id=3vT9MzbPD4M79XhtjYHBaj0
2026-03-20 05:27:20,945 | INFO | events | completed alpha_id=515 status=complete sharpe=-0.9500 fitness=-0.2900
2026-03-20 05:27:20,945 | INFO | app.pipeline.runner | Simulation completed simulation_id=3vT9MzbPD4M79XhtjYHBaj0 alpha_id=mLAaw3LW sharpe=-0.9500 fitness=-0.2900 returns=-0.1312 drawdown=0.7277
2026-03-20 05:27:20,946 | INFO | app.pipeline.runner | Running generation 3/3
2026-03-20 05:27:21,182 | INFO | app.pipeline.runner | Cycle 33 complete: submitted=15.0 complete=1.0 best=0.0 avg_reward=-2.7004
2026-03-20 05:27:26,184 | INFO | app.pipeline.runner | Starting mining cycle 34/999999
2026-03-20 05:27:26,190 | INFO | app.pipeline.runner | Running generation 1/3
2026-03-20 05:27:26,420 | INFO | app.pipeline.runner | Filtered low-quality candidate template=momentum reason=identity-subtraction expression=rank((ts_rank(vwap, 120) - ts_rank(vwap, 120)))
2026-03-20 05:27:26,449 | INFO | app.pipeline.runner | Preparing simulation template=quality_value expression=rank((ts_rank((book_value / (1 + operating_margin)), 120) - ts_rank(operating_margin, 120)))
2026-03-20 05:27:26,450 | INFO | events | preparing template=quality_value expression=rank((ts_rank((book_value / (1 + operating_margin)), 120) - ts_rank(operating_margin, 120)))
2026-03-20 05:27:26,689 | INFO | app.api.clients | Simulation submitted simulation_id=45Cmv44q4xDc2UzJvSq4T5 expression=rank((ts_rank((book_value / (1 + operating_margin)), 120) - ts_rank(operating_margin, 120)))
2026-03-20 05:27:26,690 | INFO | app.pipeline.runner | Simulation accepted template=quality_value simulation_id=45Cmv44q4xDc2UzJvSq4T5
2026-03-20 05:27:27,721 | ERROR | app.pipeline.runner | Simulation failed for candidate rank((ts_rank((book_value / (1 + operating_margin)), 120) - ts_rank(operating_margin, 120)))
Traceback (most recent call last):
  File "D:\Code\worldquant\app\pipeline\runner.py", line 150, in _process_candidate
    terminal = self._wait_for_completion(handle.simulation_id)
               ^^^^^^^^^^^^^^^^^^^^^^^^^^^^^^^^^^^^^^^^^^^^^^^
  File "D:\Code\worldquant\app\pipeline\runner.py", line 190, in _wait_for_completion
    raise RuntimeError(f"Simulation failed with status: {status}")
RuntimeError: Simulation failed with status: error
2026-03-20 05:27:27,722 | INFO | app.pipeline.runner | Running generation 2/3
2026-03-20 05:27:27,894 | INFO | app.pipeline.runner | Preparing simulation template=mean_reversion expression=zscore(group_neutralize((close - ts_mean(close, 10)), industry))
2026-03-20 05:27:27,895 | INFO | events | preparing template=mean_reversion expression=zscore(group_neutralize((close - ts_mean(close, 10)), industry))
2026-03-20 05:27:28,696 | INFO | app.api.clients | Simulation submitted simulation_id=SJXeZ8yY4OWaG4uJIrowk1 expression=zscore(group_neutralize((close - ts_mean(close, 10)), industry))
2026-03-20 05:27:28,697 | INFO | app.pipeline.runner | Simulation accepted template=mean_reversion simulation_id=SJXeZ8yY4OWaG4uJIrowk1
2026-03-20 05:29:02,841 | INFO | events | completed alpha_id=529 status=complete sharpe=-1.3700 fitness=-0.7200
2026-03-20 05:29:02,841 | INFO | app.pipeline.runner | Simulation completed simulation_id=SJXeZ8yY4OWaG4uJIrowk1 alpha_id=blMaGE9r sharpe=-1.3700 fitness=-0.7200 returns=-0.1496 drawdown=0.7387
2026-03-20 05:29:02,870 | INFO | app.pipeline.runner | Preparing simulation template=mean_reversion expression=zscore(group_neutralize((returns - ts_mean(returns, 40)), industry))
2026-03-20 05:29:02,871 | INFO | events | preparing template=mean_reversion expression=zscore(group_neutralize((returns - ts_mean(returns, 40)), industry))
2026-03-20 05:29:03,123 | INFO | app.api.clients | Simulation submitted simulation_id=3IZUzWfJK55AaAX1ceJhp44U expression=zscore(group_neutralize((returns - ts_mean(returns, 40)), industry))
2026-03-20 05:29:03,124 | INFO | app.pipeline.runner | Simulation accepted template=mean_reversion simulation_id=3IZUzWfJK55AaAX1ceJhp44U
2026-03-20 05:30:18,745 | INFO | events | completed alpha_id=530 status=complete sharpe=-0.9800 fitness=-0.3200
2026-03-20 05:30:18,746 | INFO | app.pipeline.runner | Simulation completed simulation_id=3IZUzWfJK55AaAX1ceJhp44U alpha_id=78QY7gqZ sharpe=-0.9800 fitness=-0.3200 returns=-0.1536 drawdown=0.8021
2026-03-20 05:30:18,746 | INFO | app.pipeline.runner | Running generation 3/3
2026-03-20 05:30:18,957 | INFO | app.pipeline.runner | Preparing simulation template=quality_value expression=zscore((ts_rank((returns / (1 + cashflow)), 5) - ts_rank(cashflow, 5)))
2026-03-20 05:30:18,958 | INFO | events | preparing template=quality_value expression=zscore((ts_rank((returns / (1 + cashflow)), 5) - ts_rank(cashflow, 5)))
2026-03-20 05:30:19,215 | INFO | app.api.clients | Simulation submitted simulation_id=3QbnaY3d44XGavjzqgkO67U expression=zscore((ts_rank((returns / (1 + cashflow)), 5) - ts_rank(cashflow, 5)))
2026-03-20 05:30:19,216 | INFO | app.pipeline.runner | Simulation accepted template=quality_value simulation_id=3QbnaY3d44XGavjzqgkO67U
2026-03-20 05:32:02,202 | INFO | events | completed alpha_id=534 status=complete sharpe=-0.4500 fitness=-0.0400
2026-03-20 05:32:02,203 | INFO | app.pipeline.runner | Simulation completed simulation_id=3QbnaY3d44XGavjzqgkO67U alpha_id=wp1oK10p sharpe=-0.4500 fitness=-0.0400 returns=-0.0124 drawdown=0.0765
2026-03-20 05:32:02,259 | INFO | app.pipeline.runner | Cycle 34 complete: submitted=15.0 complete=3.0 best=0.0 avg_reward=-2.3744
2026-03-20 05:32:07,261 | INFO | app.pipeline.runner | Starting mining cycle 35/999999
2026-03-20 05:32:07,267 | INFO | app.pipeline.runner | Running generation 1/3
2026-03-20 05:32:07,547 | INFO | app.pipeline.runner | Running generation 2/3
2026-03-20 05:32:07,716 | INFO | app.pipeline.runner | Preparing simulation template=mean_reversion expression=rank(group_neutralize((eps - ts_mean(eps, 5)), industry))
2026-03-20 05:32:07,717 | INFO | events | preparing template=mean_reversion expression=rank(group_neutralize((eps - ts_mean(eps, 5)), industry))
2026-03-20 05:32:07,993 | INFO | app.api.clients | Simulation submitted simulation_id=XqxLrago5hIbcKV6NBZBMP expression=rank(group_neutralize((eps - ts_mean(eps, 5)), industry))
2026-03-20 05:32:07,994 | INFO | app.pipeline.runner | Simulation accepted template=mean_reversion simulation_id=XqxLrago5hIbcKV6NBZBMP
2026-03-20 05:33:39,383 | INFO | events | completed alpha_id=544 status=complete sharpe=-0.2100 fitness=-0.0300
2026-03-20 05:33:39,383 | INFO | app.pipeline.runner | Simulation completed simulation_id=XqxLrago5hIbcKV6NBZBMP alpha_id=Gr6m1n9G sharpe=-0.2100 fitness=-0.0300 returns=-0.0146 drawdown=0.1494
2026-03-20 05:33:39,429 | INFO | app.pipeline.runner | Running generation 3/3
2026-03-20 05:33:39,666 | INFO | app.pipeline.runner | Cycle 35 complete: submitted=15.0 complete=1.0 best=0.0 avg_reward=-2.8059
2026-03-20 05:33:44,668 | INFO | app.pipeline.runner | Starting mining cycle 36/999999
2026-03-20 05:33:44,675 | INFO | app.pipeline.runner | Running generation 1/3
2026-03-20 05:33:44,903 | INFO | app.pipeline.runner | Preparing simulation template=fundamental_cross expression=rank((ts_rank(eps, 20) - ts_rank(sales, 20)))
2026-03-20 05:33:44,904 | INFO | events | preparing template=fundamental_cross expression=rank((ts_rank(eps, 20) - ts_rank(sales, 20)))
2026-03-20 05:33:45,174 | INFO | app.api.clients | Simulation submitted simulation_id=3Is6273aR4TVa7KLTPXx1KC expression=rank((ts_rank(eps, 20) - ts_rank(sales, 20)))
2026-03-20 05:33:45,174 | INFO | app.pipeline.runner | Simulation accepted template=fundamental_cross simulation_id=3Is6273aR4TVa7KLTPXx1KC
2026-03-20 05:36:23,767 | INFO | events | completed alpha_id=555 status=complete sharpe=0.7100 fitness=0.3200
2026-03-20 05:36:23,767 | INFO | app.pipeline.runner | Simulation completed simulation_id=3Is6273aR4TVa7KLTPXx1KC alpha_id=pwEaYNG3 sharpe=0.7100 fitness=0.3200 returns=0.0414 drawdown=0.0679
2026-03-20 05:36:23,768 | INFO | app.pipeline.runner | Running generation 2/3
2026-03-20 05:36:23,939 | INFO | app.pipeline.runner | Preparing simulation template=volatility_reversion expression=rank(((eps - ts_mean(eps, 5)) / (1 + ts_std_dev(eps, 5))))
2026-03-20 05:36:23,939 | INFO | events | preparing template=volatility_reversion expression=rank(((eps - ts_mean(eps, 5)) / (1 + ts_std_dev(eps, 5))))
2026-03-20 05:36:24,176 | INFO | app.api.clients | Simulation submitted simulation_id=1oquNHbfX4AM9nngfXh0vHx expression=rank(((eps - ts_mean(eps, 5)) / (1 + ts_std_dev(eps, 5))))
2026-03-20 05:36:24,177 | INFO | app.pipeline.runner | Simulation accepted template=volatility_reversion simulation_id=1oquNHbfX4AM9nngfXh0vHx
2026-03-20 05:37:40,978 | INFO | events | completed alpha_id=559 status=complete sharpe=-0.1800 fitness=-0.0300
2026-03-20 05:37:40,978 | INFO | app.pipeline.runner | Simulation completed simulation_id=1oquNHbfX4AM9nngfXh0vHx alpha_id=xAQvO3lW sharpe=-0.1800 fitness=-0.0300 returns=-0.0133 drawdown=0.2006
2026-03-20 05:37:41,020 | INFO | app.pipeline.runner | Running generation 3/3
2026-03-20 05:37:41,234 | INFO | app.pipeline.runner | Preparing simulation template=mean_reversion expression=rank(group_neutralize((vwap - ts_mean(vwap, 5)), sector))
2026-03-20 05:37:41,234 | INFO | events | preparing template=mean_reversion expression=rank(group_neutralize((vwap - ts_mean(vwap, 5)), sector))
2026-03-20 05:37:41,484 | INFO | app.api.clients | Simulation submitted simulation_id=2uNDbJeIV4zi9V1efrkIVZH expression=rank(group_neutralize((vwap - ts_mean(vwap, 5)), sector))
2026-03-20 05:37:41,484 | INFO | app.pipeline.runner | Simulation accepted template=mean_reversion simulation_id=2uNDbJeIV4zi9V1efrkIVZH
2026-03-20 05:40:48,058 | INFO | events | completed alpha_id=565 status=complete sharpe=-1.7500 fitness=-0.8200
2026-03-20 05:40:48,059 | INFO | app.pipeline.runner | Simulation completed simulation_id=2uNDbJeIV4zi9V1efrkIVZH alpha_id=E5bQO8wK sharpe=-1.7500 fitness=-0.8200 returns=-0.1556 drawdown=0.7680
2026-03-20 05:40:48,059 | INFO | app.pipeline.runner | Cycle 36 complete: submitted=15.0 complete=3.0 best=0.0 avg_reward=-2.4501
2026-03-20 05:40:53,061 | INFO | app.pipeline.runner | Starting mining cycle 37/999999
2026-03-20 05:40:53,068 | INFO | app.pipeline.runner | Running generation 1/3
2026-03-20 05:40:53,307 | INFO | app.pipeline.runner | Preparing simulation template=quality_value expression=rank((ts_rank((operating_margin / (1 + cashflow)), 60) - ts_rank(cashflow, 60)))
2026-03-20 05:40:53,308 | INFO | events | preparing template=quality_value expression=rank((ts_rank((operating_margin / (1 + cashflow)), 60) - ts_rank(cashflow, 60)))
2026-03-20 05:40:53,574 | INFO | app.api.clients | Simulation submitted simulation_id=4gFjwabjH4nm8TcZicmNkja expression=rank((ts_rank((operating_margin / (1 + cashflow)), 60) - ts_rank(cashflow, 60)))
2026-03-20 05:40:53,574 | INFO | app.pipeline.runner | Simulation accepted template=quality_value simulation_id=4gFjwabjH4nm8TcZicmNkja
2026-03-20 05:40:54,568 | ERROR | app.pipeline.runner | Simulation failed for candidate rank((ts_rank((operating_margin / (1 + cashflow)), 60) - ts_rank(cashflow, 60)))
Traceback (most recent call last):
  File "D:\Code\worldquant\app\pipeline\runner.py", line 150, in _process_candidate
    terminal = self._wait_for_completion(handle.simulation_id)
               ^^^^^^^^^^^^^^^^^^^^^^^^^^^^^^^^^^^^^^^^^^^^^^^
  File "D:\Code\worldquant\app\pipeline\runner.py", line 190, in _wait_for_completion
    raise RuntimeError(f"Simulation failed with status: {status}")
RuntimeError: Simulation failed with status: error
2026-03-20 05:40:54,570 | INFO | app.pipeline.runner | Running generation 2/3
2026-03-20 05:40:54,820 | INFO | app.pipeline.runner | Running generation 3/3
2026-03-20 05:40:55,057 | INFO | app.pipeline.runner | Cycle 37 complete: submitted=15.0 complete=0.0 best=0.0 avg_reward=-2.9333
2026-03-20 05:41:00,059 | INFO | app.pipeline.runner | Starting mining cycle 38/999999
2026-03-20 05:41:00,063 | INFO | app.pipeline.runner | Running generation 1/3
2026-03-20 05:41:00,220 | INFO | app.pipeline.runner | Preparing simulation template=momentum expression=rank((ts_rank(vwap, 60) - ts_rank(vwap, 120)))
2026-03-20 05:41:00,220 | INFO | events | preparing template=momentum expression=rank((ts_rank(vwap, 60) - ts_rank(vwap, 120)))
2026-03-20 05:41:00,457 | INFO | app.api.clients | Simulation submitted simulation_id=3wzJcM3Uw561bBJ1c4ofVfq2 expression=rank((ts_rank(vwap, 60) - ts_rank(vwap, 120)))
2026-03-20 05:41:00,458 | INFO | app.pipeline.runner | Simulation accepted template=momentum simulation_id=3wzJcM3Uw561bBJ1c4ofVfq2
2026-03-20 05:42:26,197 | INFO | events | completed alpha_id=584 status=complete sharpe=-0.7300 fitness=-0.3600
2026-03-20 05:42:26,197 | INFO | app.pipeline.runner | Simulation completed simulation_id=3wzJcM3Uw561bBJ1c4ofVfq2 alpha_id=qMd79wZ2 sharpe=-0.7300 fitness=-0.3600 returns=-0.0628 drawdown=0.4002
2026-03-20 05:42:26,244 | INFO | app.pipeline.runner | Running generation 2/3
2026-03-20 05:42:26,461 | INFO | app.pipeline.runner | Preparing simulation template=price_volume_divergence expression=rank((ts_delta(returns, 5) - ts_decay_linear(ts_delta(volume, 5), 10)))
2026-03-20 05:42:26,462 | INFO | events | preparing template=price_volume_divergence expression=rank((ts_delta(returns, 5) - ts_decay_linear(ts_delta(volume, 5), 10)))
2026-03-20 05:42:26,710 | INFO | app.api.clients | Simulation submitted simulation_id=2bTYAJ10Y4RhaNO15Pxjhqcz expression=rank((ts_delta(returns, 5) - ts_decay_linear(ts_delta(volume, 5), 10)))
2026-03-20 05:42:26,711 | INFO | app.pipeline.runner | Simulation accepted template=price_volume_divergence simulation_id=2bTYAJ10Y4RhaNO15Pxjhqcz
2026-03-20 05:49:23,959 | INFO | app.api.clients | WorldQuant login succeeded using basic auth
2026-03-20 05:53:14,731 | ERROR | app.pipeline.runner | Simulation failed for candidate rank((ts_delta(returns, 5) - ts_decay_linear(ts_delta(volume, 5), 10)))
Traceback (most recent call last):
  File "D:\Code\worldquant\app\pipeline\runner.py", line 150, in _process_candidate
    terminal = self._wait_for_completion(handle.simulation_id)
               ^^^^^^^^^^^^^^^^^^^^^^^^^^^^^^^^^^^^^^^^^^^^^^^
  File "D:\Code\worldquant\app\pipeline\runner.py", line 192, in _wait_for_completion
    raise TimeoutError(f"Simulation {simulation_id} timed out")
TimeoutError: Simulation 2bTYAJ10Y4RhaNO15Pxjhqcz timed out
2026-03-20 05:53:14,732 | INFO | app.pipeline.runner | Running generation 3/3
2026-03-20 05:53:14,959 | INFO | app.pipeline.runner | Preparing simulation template=mean_reversion expression=rank(group_neutralize((vwap - ts_mean(vwap, 10)), sector))
2026-03-20 05:53:14,959 | INFO | events | preparing template=mean_reversion expression=rank(group_neutralize((vwap - ts_mean(vwap, 10)), sector))
2026-03-20 05:53:15,216 | INFO | app.api.clients | Simulation submitted simulation_id=2b7YZy9dv5ewaZbX0ulwaXk expression=rank(group_neutralize((vwap - ts_mean(vwap, 10)), sector))
2026-03-20 05:53:15,217 | INFO | app.pipeline.runner | Simulation accepted template=mean_reversion simulation_id=2b7YZy9dv5ewaZbX0ulwaXk
2026-03-20 05:55:06,423 | INFO | events | completed alpha_id=595 status=complete sharpe=-1.6000 fitness=-0.8900
2026-03-20 05:55:06,424 | INFO | app.pipeline.runner | Simulation completed simulation_id=2b7YZy9dv5ewaZbX0ulwaXk alpha_id=akla6nqO sharpe=-1.6000 fitness=-0.8900 returns=-0.1497 drawdown=0.7481
2026-03-20 05:55:06,424 | INFO | app.pipeline.runner | Cycle 38 complete: submitted=15.0 complete=2.0 best=0.0 avg_reward=-2.6375
2026-03-20 05:55:11,426 | INFO | app.pipeline.runner | Starting mining cycle 39/999999
2026-03-20 05:55:11,433 | INFO | app.pipeline.runner | Running generation 1/3
2026-03-20 05:55:11,620 | INFO | app.pipeline.runner | Preparing simulation template=price_volume_divergence expression=ts_decay_linear((ts_delta(close, 10) - ts_decay_linear(ts_delta(volume, 10), 10)), 10)
2026-03-20 05:55:11,621 | INFO | events | preparing template=price_volume_divergence expression=ts_decay_linear((ts_delta(close, 10) - ts_decay_linear(ts_delta(volume, 10), 10)), 10)
2026-03-20 05:55:11,878 | INFO | app.api.clients | Simulation submitted simulation_id=4g3skcbxB4iHauFvDB6SLSk expression=ts_decay_linear((ts_delta(close, 10) - ts_decay_linear(ts_delta(volume, 10), 10)), 10)
2026-03-20 05:55:11,879 | INFO | app.pipeline.runner | Simulation accepted template=price_volume_divergence simulation_id=4g3skcbxB4iHauFvDB6SLSk
2026-03-20 05:56:23,142 | ERROR | app.pipeline.runner | Simulation failed for candidate ts_decay_linear((ts_delta(close, 10) - ts_decay_linear(ts_delta(volume, 10), 10)), 10)
Traceback (most recent call last):
  File "C:\Users\USER\anaconda3\Lib\site-packages\urllib3\connectionpool.py", line 789, in urlopen
    response = self._make_request(
               ^^^^^^^^^^^^^^^^^^^
  File "C:\Users\USER\anaconda3\Lib\site-packages\urllib3\connectionpool.py", line 536, in _make_request
    response = conn.getresponse()
               ^^^^^^^^^^^^^^^^^^
  File "C:\Users\USER\anaconda3\Lib\site-packages\urllib3\connection.py", line 464, in getresponse
    httplib_response = super().getresponse()
                       ^^^^^^^^^^^^^^^^^^^^^
  File "C:\Users\USER\anaconda3\Lib\http\client.py", line 1428, in getresponse
    response.begin()
  File "C:\Users\USER\anaconda3\Lib\http\client.py", line 331, in begin
    version, status, reason = self._read_status()
                              ^^^^^^^^^^^^^^^^^^^
  File "C:\Users\USER\anaconda3\Lib\http\client.py", line 300, in _read_status
    raise RemoteDisconnected("Remote end closed connection without"
http.client.RemoteDisconnected: Remote end closed connection without response

During handling of the above exception, another exception occurred:

Traceback (most recent call last):
  File "C:\Users\USER\anaconda3\Lib\site-packages\requests\adapters.py", line 589, in send
    resp = conn.urlopen(
           ^^^^^^^^^^^^^
  File "C:\Users\USER\anaconda3\Lib\site-packages\urllib3\connectionpool.py", line 843, in urlopen
    retries = retries.increment(
              ^^^^^^^^^^^^^^^^^^
  File "C:\Users\USER\anaconda3\Lib\site-packages\urllib3\util\retry.py", line 474, in increment
    raise reraise(type(error), error, _stacktrace)
          ^^^^^^^^^^^^^^^^^^^^^^^^^^^^^^^^^^^^^^^^
  File "C:\Users\USER\anaconda3\Lib\site-packages\urllib3\util\util.py", line 38, in reraise
    raise value.with_traceback(tb)
  File "C:\Users\USER\anaconda3\Lib\site-packages\urllib3\connectionpool.py", line 789, in urlopen
    response = self._make_request(
               ^^^^^^^^^^^^^^^^^^^
  File "C:\Users\USER\anaconda3\Lib\site-packages\urllib3\connectionpool.py", line 536, in _make_request
    response = conn.getresponse()
               ^^^^^^^^^^^^^^^^^^
  File "C:\Users\USER\anaconda3\Lib\site-packages\urllib3\connection.py", line 464, in getresponse
    httplib_response = super().getresponse()
                       ^^^^^^^^^^^^^^^^^^^^^
  File "C:\Users\USER\anaconda3\Lib\http\client.py", line 1428, in getresponse
    response.begin()
  File "C:\Users\USER\anaconda3\Lib\http\client.py", line 331, in begin
    version, status, reason = self._read_status()
                              ^^^^^^^^^^^^^^^^^^^
  File "C:\Users\USER\anaconda3\Lib\http\client.py", line 300, in _read_status
    raise RemoteDisconnected("Remote end closed connection without"
urllib3.exceptions.ProtocolError: ('Connection aborted.', RemoteDisconnected('Remote end closed connection without response'))

During handling of the above exception, another exception occurred:

Traceback (most recent call last):
  File "D:\Code\worldquant\app\pipeline\runner.py", line 150, in _process_candidate
    terminal = self._wait_for_completion(handle.simulation_id)
               ^^^^^^^^^^^^^^^^^^^^^^^^^^^^^^^^^^^^^^^^^^^^^^^
  File "D:\Code\worldquant\app\pipeline\runner.py", line 185, in _wait_for_completion
    payload = self.client.poll(simulation_id)
              ^^^^^^^^^^^^^^^^^^^^^^^^^^^^^^^
  File "D:\Code\worldquant\app\api\clients.py", line 116, in poll
    response = self.session.get(self.settings.api_base_url + path, timeout=30)
               ^^^^^^^^^^^^^^^^^^^^^^^^^^^^^^^^^^^^^^^^^^^^^^^^^^^^^^^^^^^^^^^
  File "C:\Users\USER\anaconda3\Lib\site-packages\requests\sessions.py", line 602, in get
    return self.request("GET", url, **kwargs)
           ^^^^^^^^^^^^^^^^^^^^^^^^^^^^^^^^^^
  File "C:\Users\USER\anaconda3\Lib\site-packages\requests\sessions.py", line 589, in request
    resp = self.send(prep, **send_kwargs)
           ^^^^^^^^^^^^^^^^^^^^^^^^^^^^^^
  File "C:\Users\USER\anaconda3\Lib\site-packages\requests\sessions.py", line 703, in send
    r = adapter.send(request, **kwargs)
        ^^^^^^^^^^^^^^^^^^^^^^^^^^^^^^^
  File "C:\Users\USER\anaconda3\Lib\site-packages\requests\adapters.py", line 604, in send
    raise ConnectionError(err, request=request)
requests.exceptions.ConnectionError: ('Connection aborted.', RemoteDisconnected('Remote end closed connection without response'))
2026-03-20 05:56:23,223 | INFO | app.pipeline.runner | Preparing simulation template=volatility_reversion expression=zscore(((close - ts_mean(close, 10)) / (1 + ts_std_dev(close, 10))))
2026-03-20 05:56:23,224 | INFO | events | preparing template=volatility_reversion expression=zscore(((close - ts_mean(close, 10)) / (1 + ts_std_dev(close, 10))))
2026-03-20 05:56:31,186 | INFO | app.api.clients | Simulation submitted simulation_id=4hREYzcCP4ua96oY3Dz9URr expression=zscore(((close - ts_mean(close, 10)) / (1 + ts_std_dev(close, 10))))
2026-03-20 05:56:31,187 | INFO | app.pipeline.runner | Simulation accepted template=volatility_reversion simulation_id=4hREYzcCP4ua96oY3Dz9URr
2026-03-20 05:58:49,707 | INFO | events | completed alpha_id=600 status=complete sharpe=-1.6800 fitness=-0.9200
2026-03-20 05:58:49,708 | INFO | app.pipeline.runner | Simulation completed simulation_id=4hREYzcCP4ua96oY3Dz9URr alpha_id=zqjdZ3MR sharpe=-1.6800 fitness=-0.9200 returns=-0.1822 drawdown=0.9064
2026-03-20 05:58:49,709 | INFO | app.pipeline.runner | Running generation 2/3
2026-03-20 05:58:49,927 | INFO | app.pipeline.runner | Preparing simulation template=fundamental_cross expression=zscore((ts_rank(operating_margin, 60) - ts_rank(cashflow, 60)))
2026-03-20 05:58:49,928 | INFO | events | preparing template=fundamental_cross expression=zscore((ts_rank(operating_margin, 60) - ts_rank(cashflow, 60)))
2026-03-20 05:58:50,374 | INFO | app.api.clients | Simulation submitted simulation_id=49n26KQ853fbOuHEtdsP4v expression=zscore((ts_rank(operating_margin, 60) - ts_rank(cashflow, 60)))
2026-03-20 05:58:50,375 | INFO | app.pipeline.runner | Simulation accepted template=fundamental_cross simulation_id=49n26KQ853fbOuHEtdsP4v
2026-03-20 05:58:51,376 | ERROR | app.pipeline.runner | Simulation failed for candidate zscore((ts_rank(operating_margin, 60) - ts_rank(cashflow, 60)))
Traceback (most recent call last):
  File "D:\Code\worldquant\app\pipeline\runner.py", line 150, in _process_candidate
    terminal = self._wait_for_completion(handle.simulation_id)
               ^^^^^^^^^^^^^^^^^^^^^^^^^^^^^^^^^^^^^^^^^^^^^^^
  File "D:\Code\worldquant\app\pipeline\runner.py", line 190, in _wait_for_completion
    raise RuntimeError(f"Simulation failed with status: {status}")
RuntimeError: Simulation failed with status: error
2026-03-20 05:58:51,377 | INFO | app.pipeline.runner | Running generation 3/3
2026-03-20 05:58:51,664 | INFO | app.pipeline.runner | Cycle 39 complete: submitted=15.0 complete=1.0 best=0.0 avg_reward=-2.7429
2026-03-20 05:58:56,666 | INFO | app.pipeline.runner | Starting mining cycle 40/999999
2026-03-20 05:58:56,674 | INFO | app.pipeline.runner | Running generation 1/3
2026-03-20 05:58:56,819 | INFO | app.pipeline.runner | Preparing simulation template=quality_value expression=zscore((ts_rank((sales / (1 + eps)), 120) - ts_rank(eps, 120)))
2026-03-20 05:58:56,819 | INFO | events | preparing template=quality_value expression=zscore((ts_rank((sales / (1 + eps)), 120) - ts_rank(eps, 120)))
2026-03-20 05:58:57,083 | INFO | app.api.clients | Simulation submitted simulation_id=Sd8d8aGO4knbtRY5iqZper expression=zscore((ts_rank((sales / (1 + eps)), 120) - ts_rank(eps, 120)))
2026-03-20 05:58:57,084 | INFO | app.pipeline.runner | Simulation accepted template=quality_value simulation_id=Sd8d8aGO4knbtRY5iqZper
2026-03-20 06:09:46,058 | ERROR | app.pipeline.runner | Simulation failed for candidate zscore((ts_rank((sales / (1 + eps)), 120) - ts_rank(eps, 120)))
Traceback (most recent call last):
  File "D:\Code\worldquant\app\pipeline\runner.py", line 150, in _process_candidate
    terminal = self._wait_for_completion(handle.simulation_id)
               ^^^^^^^^^^^^^^^^^^^^^^^^^^^^^^^^^^^^^^^^^^^^^^^
  File "D:\Code\worldquant\app\pipeline\runner.py", line 192, in _wait_for_completion
    raise TimeoutError(f"Simulation {simulation_id} timed out")
TimeoutError: Simulation Sd8d8aGO4knbtRY5iqZper timed out
2026-03-20 06:09:46,160 | INFO | app.pipeline.runner | Preparing simulation template=breakout expression=ts_rank(((vwap - ts_min(vwap, 120)) / (1 + (ts_max(vwap, 120) - ts_min(vwap, 120)))), 120)
2026-03-20 06:09:46,161 | INFO | events | preparing template=breakout expression=ts_rank(((vwap - ts_min(vwap, 120)) / (1 + (ts_max(vwap, 120) - ts_min(vwap, 120)))), 120)
2026-03-20 06:09:50,439 | INFO | app.api.clients | Simulation submitted simulation_id=1fpnXNe4C4D79dh1gl3X04ep expression=ts_rank(((vwap - ts_min(vwap, 120)) / (1 + (ts_max(vwap, 120) - ts_min(vwap, 120)))), 120)
2026-03-20 06:09:50,439 | INFO | app.pipeline.runner | Simulation accepted template=breakout simulation_id=1fpnXNe4C4D79dh1gl3X04ep
2026-03-20 06:09:55,966 | ERROR | app.pipeline.runner | Simulation failed for candidate ts_rank(((vwap - ts_min(vwap, 120)) / (1 + (ts_max(vwap, 120) - ts_min(vwap, 120)))), 120)
Traceback (most recent call last):
  File "D:\Code\worldquant\app\pipeline\runner.py", line 150, in _process_candidate
    terminal = self._wait_for_completion(handle.simulation_id)
               ^^^^^^^^^^^^^^^^^^^^^^^^^^^^^^^^^^^^^^^^^^^^^^^
  File "D:\Code\worldquant\app\pipeline\runner.py", line 190, in _wait_for_completion
    raise RuntimeError(f"Simulation failed with status: {status}")
RuntimeError: Simulation failed with status: error
2026-03-20 06:09:55,967 | INFO | app.pipeline.runner | Running generation 2/3
2026-03-20 06:09:56,131 | INFO | app.pipeline.runner | Preparing simulation template=mean_reversion expression=zscore(group_neutralize((eps - ts_mean(eps, 20)), industry))
2026-03-20 06:09:56,132 | INFO | events | preparing template=mean_reversion expression=zscore(group_neutralize((eps - ts_mean(eps, 20)), industry))
2026-03-20 06:09:56,931 | INFO | app.api.clients | Simulation submitted simulation_id=3yoOi9aRC4Le9qCkpDsPWK6 expression=zscore(group_neutralize((eps - ts_mean(eps, 20)), industry))
2026-03-20 06:09:56,932 | INFO | app.pipeline.runner | Simulation accepted template=mean_reversion simulation_id=3yoOi9aRC4Le9qCkpDsPWK6
2026-03-20 06:11:21,906 | INFO | events | completed alpha_id=619 status=complete sharpe=0.0100 fitness=0.0000
2026-03-20 06:11:21,906 | INFO | app.pipeline.runner | Simulation completed simulation_id=3yoOi9aRC4Le9qCkpDsPWK6 alpha_id=qMd71eQ1 sharpe=0.0100 fitness=0.0000 returns=0.0007 drawdown=0.1544
2026-03-20 06:11:21,938 | INFO | app.pipeline.runner | Preparing simulation template=volatility_reversion expression=zscore(((returns - ts_mean(returns, 40)) / (1 + ts_std_dev(returns, 40))))
2026-03-20 06:11:21,938 | INFO | events | preparing template=volatility_reversion expression=zscore(((returns - ts_mean(returns, 40)) / (1 + ts_std_dev(returns, 40))))
2026-03-20 06:11:22,493 | INFO | app.api.clients | Simulation submitted simulation_id=jf8QX3cY5hWcHbyNERsAi expression=zscore(((returns - ts_mean(returns, 40)) / (1 + ts_std_dev(returns, 40))))
2026-03-20 06:11:22,494 | INFO | app.pipeline.runner | Simulation accepted template=volatility_reversion simulation_id=jf8QX3cY5hWcHbyNERsAi
2026-03-20 06:13:39,987 | INFO | events | completed alpha_id=620 status=complete sharpe=-1.0300 fitness=-0.3400
2026-03-20 06:13:39,987 | INFO | app.pipeline.runner | Simulation completed simulation_id=jf8QX3cY5hWcHbyNERsAi alpha_id=le2aqRbn sharpe=-1.0300 fitness=-0.3400 returns=-0.1540 drawdown=0.8018
2026-03-20 06:13:39,988 | INFO | app.pipeline.runner | Running generation 3/3
2026-03-20 06:13:40,184 | INFO | app.pipeline.runner | Preparing simulation template=breakout expression=zscore(((eps - ts_min(eps, 60)) / (1 + (ts_max(eps, 60) - ts_min(eps, 60)))))
2026-03-20 06:13:40,184 | INFO | events | preparing template=breakout expression=zscore(((eps - ts_min(eps, 60)) / (1 + (ts_max(eps, 60) - ts_min(eps, 60)))))
2026-03-20 06:13:40,623 | INFO | app.api.clients | Simulation submitted simulation_id=3hbU2d9eW4QMcADlsVvKlHO expression=zscore(((eps - ts_min(eps, 60)) / (1 + (ts_max(eps, 60) - ts_min(eps, 60)))))
2026-03-20 06:13:40,624 | INFO | app.pipeline.runner | Simulation accepted template=breakout simulation_id=3hbU2d9eW4QMcADlsVvKlHO
2026-03-20 06:13:46,920 | ERROR | app.pipeline.runner | Simulation failed for candidate zscore(((eps - ts_min(eps, 60)) / (1 + (ts_max(eps, 60) - ts_min(eps, 60)))))
Traceback (most recent call last):
  File "D:\Code\worldquant\app\pipeline\runner.py", line 150, in _process_candidate
    terminal = self._wait_for_completion(handle.simulation_id)
               ^^^^^^^^^^^^^^^^^^^^^^^^^^^^^^^^^^^^^^^^^^^^^^^
  File "D:\Code\worldquant\app\pipeline\runner.py", line 190, in _wait_for_completion
    raise RuntimeError(f"Simulation failed with status: {status}")
RuntimeError: Simulation failed with status: error
2026-03-20 06:13:46,944 | INFO | app.pipeline.runner | Preparing simulation template=volatility_reversion expression=zscore(((eps - ts_mean(eps, 20)) / (1 + ts_std_dev(eps, 20))))
2026-03-20 06:13:46,945 | INFO | events | preparing template=volatility_reversion expression=zscore(((eps - ts_mean(eps, 20)) / (1 + ts_std_dev(eps, 20))))
2026-03-20 06:13:47,856 | INFO | app.api.clients | Simulation submitted simulation_id=1DZRfe5iu4hvcyp1eS1nhYL5 expression=zscore(((eps - ts_mean(eps, 20)) / (1 + ts_std_dev(eps, 20))))
2026-03-20 06:13:47,856 | INFO | app.pipeline.runner | Simulation accepted template=volatility_reversion simulation_id=1DZRfe5iu4hvcyp1eS1nhYL5
2026-03-20 06:15:30,847 | INFO | events | completed alpha_id=625 status=complete sharpe=0.3900 fitness=0.1300
2026-03-20 06:15:30,848 | INFO | app.pipeline.runner | Simulation completed simulation_id=1DZRfe5iu4hvcyp1eS1nhYL5 alpha_id=88rNonPW sharpe=0.3900 fitness=0.1300 returns=0.0280 drawdown=0.1288
2026-03-20 06:15:30,849 | INFO | app.pipeline.runner | Cycle 40 complete: submitted=15.0 complete=3.0 best=0.0 avg_reward=-2.2245
2026-03-20 06:15:35,851 | INFO | app.pipeline.runner | Starting mining cycle 41/999999
2026-03-20 06:15:35,858 | INFO | app.pipeline.runner | Running generation 1/3
2026-03-20 06:15:36,147 | INFO | app.pipeline.runner | Running generation 2/3
2026-03-20 06:15:36,416 | INFO | app.pipeline.runner | Running generation 3/3
2026-03-20 06:15:36,654 | INFO | app.pipeline.runner | Cycle 41 complete: submitted=15.0 complete=0.0 best=0.0 avg_reward=-3.0000
2026-03-20 06:15:41,656 | INFO | app.pipeline.runner | Starting mining cycle 42/999999
2026-03-20 06:15:41,660 | INFO | app.pipeline.runner | Running generation 1/3
2026-03-20 06:15:41,844 | INFO | app.pipeline.runner | Preparing simulation template=mean_reversion expression=zscore(group_neutralize((vwap - ts_mean(vwap, 10)), subindustry))
2026-03-20 06:15:41,845 | INFO | events | preparing template=mean_reversion expression=zscore(group_neutralize((vwap - ts_mean(vwap, 10)), subindustry))
2026-03-20 06:15:46,275 | INFO | app.api.clients | Simulation submitted simulation_id=3Y6YTfchO5ds9P41gjSzyH8 expression=zscore(group_neutralize((vwap - ts_mean(vwap, 10)), subindustry))
2026-03-20 06:15:46,275 | INFO | app.pipeline.runner | Simulation accepted template=mean_reversion simulation_id=3Y6YTfchO5ds9P41gjSzyH8
2026-03-20 06:17:03,164 | INFO | events | completed alpha_id=643 status=complete sharpe=-1.2200 fitness=-0.5500
2026-03-20 06:17:03,164 | INFO | app.pipeline.runner | Simulation completed simulation_id=3Y6YTfchO5ds9P41gjSzyH8 alpha_id=6X1M89w5 sharpe=-1.2200 fitness=-0.5500 returns=-0.0993 drawdown=0.5200
2026-03-20 06:17:03,194 | INFO | app.pipeline.runner | Preparing simulation template=quality_value expression=rank((ts_rank((cashflow / (1 + sales)), 20) - ts_rank(sales, 20)))
2026-03-20 06:17:03,194 | INFO | events | preparing template=quality_value expression=rank((ts_rank((cashflow / (1 + sales)), 20) - ts_rank(sales, 20)))
2026-03-20 06:17:03,612 | INFO | app.api.clients | Simulation submitted simulation_id=2J5gHyc0S56GbWuc5gxbjmz expression=rank((ts_rank((cashflow / (1 + sales)), 20) - ts_rank(sales, 20)))
2026-03-20 06:17:03,613 | INFO | app.pipeline.runner | Simulation accepted template=quality_value simulation_id=2J5gHyc0S56GbWuc5gxbjmz
2026-03-20 06:18:28,795 | INFO | events | completed alpha_id=644 status=complete sharpe=0.4500 fitness=0.1400
2026-03-20 06:18:28,796 | INFO | app.pipeline.runner | Simulation completed simulation_id=2J5gHyc0S56GbWuc5gxbjmz alpha_id=1YLW9wok sharpe=0.4500 fitness=0.1400 returns=0.0214 drawdown=0.0757
2026-03-20 06:18:28,861 | INFO | app.pipeline.runner | Filtered low-quality candidate template=momentum reason=identity-subtraction expression=ts_rank((ts_rank(close, 120) - ts_rank(close, 120)), 120)
2026-03-20 06:18:28,861 | INFO | app.pipeline.runner | Running generation 2/3
2026-03-20 06:18:29,031 | INFO | app.pipeline.runner | Preparing simulation template=momentum expression=ts_rank((ts_rank(close, 40) - ts_rank(close, 120)), 40)
2026-03-20 06:18:29,032 | INFO | events | preparing template=momentum expression=ts_rank((ts_rank(close, 40) - ts_rank(close, 120)), 40)
2026-03-20 06:18:29,501 | INFO | app.api.clients | Simulation submitted simulation_id=43GN3v9k34Ru9NIWY4sh0sw expression=ts_rank((ts_rank(close, 40) - ts_rank(close, 120)), 40)
2026-03-20 06:18:29,502 | INFO | app.pipeline.runner | Simulation accepted template=momentum simulation_id=43GN3v9k34Ru9NIWY4sh0sw
2026-03-20 06:20:01,431 | INFO | events | completed alpha_id=649 status=complete sharpe=-0.6200 fitness=-0.2000
2026-03-20 06:20:01,431 | INFO | app.pipeline.runner | Simulation completed simulation_id=43GN3v9k34Ru9NIWY4sh0sw alpha_id=2rR50mqY sharpe=-0.6200 fitness=-0.2000 returns=-0.0439 drawdown=0.2546
2026-03-20 06:20:01,499 | INFO | app.pipeline.runner | Running generation 3/3
2026-03-20 06:20:01,709 | INFO | app.pipeline.runner | Preparing simulation template=quality_value expression=zscore((ts_rank((eps / (1 + cashflow)), 5) - ts_rank(cashflow, 5)))
2026-03-20 06:20:01,710 | INFO | events | preparing template=quality_value expression=zscore((ts_rank((eps / (1 + cashflow)), 5) - ts_rank(cashflow, 5)))
2026-03-20 06:20:02,056 | INFO | app.api.clients | Simulation submitted simulation_id=3CyV6rf144GQcn2gtJL9gM3 expression=zscore((ts_rank((eps / (1 + cashflow)), 5) - ts_rank(cashflow, 5)))
2026-03-20 06:20:02,056 | INFO | app.pipeline.runner | Simulation accepted template=quality_value simulation_id=3CyV6rf144GQcn2gtJL9gM3
2026-03-20 06:21:28,614 | INFO | events | completed alpha_id=654 status=complete sharpe=-0.2400 fitness=-0.0400
2026-03-20 06:21:28,614 | INFO | app.pipeline.runner | Simulation completed simulation_id=3CyV6rf144GQcn2gtJL9gM3 alpha_id=Jjm8w8EA sharpe=-0.2400 fitness=-0.0400 returns=-0.0221 drawdown=0.1933
2026-03-20 06:21:28,664 | INFO | app.pipeline.runner | Cycle 42 complete: submitted=15.0 complete=4.0 best=0.0 avg_reward=-2.1970
2026-03-20 06:21:33,665 | INFO | app.pipeline.runner | Starting mining cycle 43/999999
2026-03-20 06:21:33,672 | INFO | app.pipeline.runner | Running generation 1/3
2026-03-20 06:21:33,913 | INFO | app.pipeline.runner | Preparing simulation template=mean_reversion expression=zscore(group_neutralize((close - ts_mean(close, 40)), sector))
2026-03-20 06:21:33,914 | INFO | events | preparing template=mean_reversion expression=zscore(group_neutralize((close - ts_mean(close, 40)), sector))
2026-03-20 06:21:34,159 | INFO | app.api.clients | Simulation submitted simulation_id=3TsGVK1p85dDcJRKuOQgfHR expression=zscore(group_neutralize((close - ts_mean(close, 40)), sector))
2026-03-20 06:21:34,160 | INFO | app.pipeline.runner | Simulation accepted template=mean_reversion simulation_id=3TsGVK1p85dDcJRKuOQgfHR
2026-03-20 06:23:58,686 | INFO | events | completed alpha_id=660 status=complete sharpe=-1.0600 fitness=-0.7400
2026-03-20 06:23:58,686 | INFO | app.pipeline.runner | Simulation completed simulation_id=3TsGVK1p85dDcJRKuOQgfHR alpha_id=E5bQ7zM0 sharpe=-1.0600 fitness=-0.7400 returns=-0.1266 drawdown=0.6540
2026-03-20 06:23:58,687 | INFO | app.pipeline.runner | Running generation 2/3
2026-03-20 06:23:58,929 | INFO | app.pipeline.runner | Preparing simulation template=breakout expression=rank(((close - ts_min(close, 10)) / (1 + (ts_max(close, 10) - ts_min(close, 10)))))
2026-03-20 06:23:58,929 | INFO | events | preparing template=breakout expression=rank(((close - ts_min(close, 10)) / (1 + (ts_max(close, 10) - ts_min(close, 10)))))
2026-03-20 06:23:59,306 | INFO | app.api.clients | Simulation submitted simulation_id=48gVOM2005iTaS71dmtge2Fx expression=rank(((close - ts_min(close, 10)) / (1 + (ts_max(close, 10) - ts_min(close, 10)))))
2026-03-20 06:23:59,307 | INFO | app.pipeline.runner | Simulation accepted template=breakout simulation_id=48gVOM2005iTaS71dmtge2Fx
2026-03-20 06:24:00,321 | ERROR | app.pipeline.runner | Simulation failed for candidate rank(((close - ts_min(close, 10)) / (1 + (ts_max(close, 10) - ts_min(close, 10)))))
Traceback (most recent call last):
  File "D:\Code\worldquant\app\pipeline\runner.py", line 150, in _process_candidate
    terminal = self._wait_for_completion(handle.simulation_id)
               ^^^^^^^^^^^^^^^^^^^^^^^^^^^^^^^^^^^^^^^^^^^^^^^
  File "D:\Code\worldquant\app\pipeline\runner.py", line 190, in _wait_for_completion
    raise RuntimeError(f"Simulation failed with status: {status}")
RuntimeError: Simulation failed with status: error
2026-03-20 06:24:00,323 | INFO | app.pipeline.runner | Running generation 3/3
2026-03-20 06:24:00,569 | INFO | app.pipeline.runner | Cycle 43 complete: submitted=15.0 complete=1.0 best=0.0 avg_reward=-2.7886
2026-03-20 06:24:05,571 | INFO | app.pipeline.runner | Starting mining cycle 44/999999
2026-03-20 06:24:05,578 | INFO | app.pipeline.runner | Running generation 1/3
2026-03-20 06:24:05,765 | INFO | app.pipeline.runner | Preparing simulation template=momentum expression=ts_rank((ts_rank(returns, 10) - ts_rank(returns, 20)), 10)
2026-03-20 06:24:05,766 | INFO | events | preparing template=momentum expression=ts_rank((ts_rank(returns, 10) - ts_rank(returns, 20)), 10)
2026-03-20 06:24:06,007 | INFO | app.api.clients | Simulation submitted simulation_id=1fkXf21OW59ybJhSXkAmxWf expression=ts_rank((ts_rank(returns, 10) - ts_rank(returns, 20)), 10)
2026-03-20 06:24:06,007 | INFO | app.pipeline.runner | Simulation accepted template=momentum simulation_id=1fkXf21OW59ybJhSXkAmxWf
2026-03-20 06:25:52,228 | INFO | events | completed alpha_id=674 status=complete sharpe=0.6600 fitness=0.1000
2026-03-20 06:25:52,229 | INFO | app.pipeline.runner | Simulation completed simulation_id=1fkXf21OW59ybJhSXkAmxWf alpha_id=ZYxa59Mn sharpe=0.6600 fitness=0.1000 returns=0.0292 drawdown=0.0705
2026-03-20 06:25:52,294 | INFO | app.pipeline.runner | Running generation 2/3
2026-03-20 06:25:52,506 | INFO | app.pipeline.runner | Preparing simulation template=mean_reversion expression=zscore(group_neutralize((returns - ts_mean(returns, 10)), industry))
2026-03-20 06:25:52,507 | INFO | events | preparing template=mean_reversion expression=zscore(group_neutralize((returns - ts_mean(returns, 10)), industry))
2026-03-20 06:25:52,863 | INFO | app.api.clients | Simulation submitted simulation_id=1Fo89c7GD4XF8Hylz4aCxMn expression=zscore(group_neutralize((returns - ts_mean(returns, 10)), industry))
2026-03-20 06:25:52,864 | INFO | app.pipeline.runner | Simulation accepted template=mean_reversion simulation_id=1Fo89c7GD4XF8Hylz4aCxMn
2026-03-20 06:27:24,843 | INFO | events | completed alpha_id=680 status=complete sharpe=-0.8800 fitness=-0.2600
2026-03-20 06:27:24,843 | INFO | app.pipeline.runner | Simulation completed simulation_id=1Fo89c7GD4XF8Hylz4aCxMn alpha_id=rKL73qx3 sharpe=-0.8800 fitness=-0.2600 returns=-0.1295 drawdown=0.7205
2026-03-20 06:27:24,844 | INFO | app.pipeline.runner | Running generation 3/3
2026-03-20 06:27:25,111 | INFO | app.pipeline.runner | Cycle 44 complete: submitted=15.0 complete=2.0 best=0.0 avg_reward=-2.6135
2026-03-20 06:27:30,113 | INFO | app.pipeline.runner | Starting mining cycle 45/999999
2026-03-20 06:27:30,122 | INFO | app.pipeline.runner | Running generation 1/3
2026-03-20 06:27:30,404 | INFO | app.pipeline.runner | Running generation 2/3
2026-03-20 06:27:30,629 | INFO | app.pipeline.runner | Running generation 3/3
2026-03-20 06:27:30,870 | INFO | app.pipeline.runner | Cycle 45 complete: submitted=15.0 complete=0.0 best=0.0 avg_reward=-3.0000
2026-03-20 06:27:35,871 | INFO | app.pipeline.runner | Starting mining cycle 46/999999
2026-03-20 06:27:35,879 | INFO | app.pipeline.runner | Running generation 1/3
2026-03-20 06:27:36,001 | INFO | app.pipeline.runner | Filtered low-quality candidate template=momentum reason=identity-subtraction expression=rank((ts_rank(close, 120) - ts_rank(close, 120)))
2026-03-20 06:27:36,067 | INFO | app.pipeline.runner | Preparing simulation template=quality_value expression=rank((ts_rank((eps / (1 + operating_margin)), 60) - ts_rank(operating_margin, 60)))
2026-03-20 06:27:36,068 | INFO | events | preparing template=quality_value expression=rank((ts_rank((eps / (1 + operating_margin)), 60) - ts_rank(operating_margin, 60)))
2026-03-20 06:27:36,331 | INFO | app.api.clients | Simulation submitted simulation_id=4w6R5Q9vI5ikbBC16OPDJ9YO expression=rank((ts_rank((eps / (1 + operating_margin)), 60) - ts_rank(operating_margin, 60)))
2026-03-20 06:27:36,332 | INFO | app.pipeline.runner | Simulation accepted template=quality_value simulation_id=4w6R5Q9vI5ikbBC16OPDJ9YO
2026-03-20 06:27:47,855 | ERROR | app.pipeline.runner | Simulation failed for candidate rank((ts_rank((eps / (1 + operating_margin)), 60) - ts_rank(operating_margin, 60)))
Traceback (most recent call last):
  File "D:\Code\worldquant\app\pipeline\runner.py", line 150, in _process_candidate
    terminal = self._wait_for_completion(handle.simulation_id)
               ^^^^^^^^^^^^^^^^^^^^^^^^^^^^^^^^^^^^^^^^^^^^^^^
  File "D:\Code\worldquant\app\pipeline\runner.py", line 190, in _wait_for_completion
    raise RuntimeError(f"Simulation failed with status: {status}")
RuntimeError: Simulation failed with status: error
2026-03-20 06:27:47,856 | INFO | app.pipeline.runner | Running generation 2/3
2026-03-20 06:27:48,063 | INFO | app.pipeline.runner | Preparing simulation template=volatility_reversion expression=zscore(((close - ts_mean(close, 5)) / (1 + ts_std_dev(close, 5))))
2026-03-20 06:27:48,064 | INFO | events | preparing template=volatility_reversion expression=zscore(((close - ts_mean(close, 5)) / (1 + ts_std_dev(close, 5))))
2026-03-20 06:27:48,763 | INFO | app.api.clients | Simulation submitted simulation_id=2EeQvhgB94zSbA0dpS7big6 expression=zscore(((close - ts_mean(close, 5)) / (1 + ts_std_dev(close, 5))))
2026-03-20 06:27:48,764 | INFO | app.pipeline.runner | Simulation accepted template=volatility_reversion simulation_id=2EeQvhgB94zSbA0dpS7big6
2026-03-20 06:30:21,741 | INFO | events | completed alpha_id=710 status=complete sharpe=-1.8400 fitness=-0.8600
2026-03-20 06:30:21,741 | INFO | app.pipeline.runner | Simulation completed simulation_id=2EeQvhgB94zSbA0dpS7big6 alpha_id=9qKl1YdV sharpe=-1.8400 fitness=-0.8600 returns=-0.1835 drawdown=0.9162
2026-03-20 06:30:21,742 | INFO | app.pipeline.runner | Running generation 3/3
2026-03-20 06:30:21,968 | INFO | app.pipeline.runner | Preparing simulation template=volatility_reversion expression=rank(((sales - ts_mean(sales, 10)) / (1 + ts_std_dev(sales, 10))))
2026-03-20 06:30:21,968 | INFO | events | preparing template=volatility_reversion expression=rank(((sales - ts_mean(sales, 10)) / (1 + ts_std_dev(sales, 10))))
2026-03-20 06:30:22,381 | INFO | app.api.clients | Simulation submitted simulation_id=2Le2RT4gy4YWaoQ1SZriIPJ expression=rank(((sales - ts_mean(sales, 10)) / (1 + ts_std_dev(sales, 10))))
2026-03-20 06:30:22,383 | INFO | app.pipeline.runner | Simulation accepted template=volatility_reversion simulation_id=2Le2RT4gy4YWaoQ1SZriIPJ
2026-03-20 06:32:26,379 | INFO | events | completed alpha_id=715 status=complete sharpe=-0.7700 fitness=-0.2800
2026-03-20 06:32:26,380 | INFO | app.pipeline.runner | Simulation completed simulation_id=2Le2RT4gy4YWaoQ1SZriIPJ alpha_id=1YLWbERJ sharpe=-0.7700 fitness=-0.2800 returns=-0.0436 drawdown=0.2442
2026-03-20 06:32:26,380 | INFO | app.pipeline.runner | Cycle 46 complete: submitted=15.0 complete=2.0 best=0.0 avg_reward=-2.5718
2026-03-20 06:32:31,381 | INFO | app.pipeline.runner | Starting mining cycle 47/999999
2026-03-20 06:32:31,388 | INFO | app.pipeline.runner | Running generation 1/3
2026-03-20 06:32:31,634 | INFO | app.pipeline.runner | Preparing simulation template=price_volume_divergence expression=ts_decay_linear((ts_delta(vwap, 10) - ts_decay_linear(ts_delta(adv20, 10), 3)), 10)
2026-03-20 06:32:31,635 | INFO | events | preparing template=price_volume_divergence expression=ts_decay_linear((ts_delta(vwap, 10) - ts_decay_linear(ts_delta(adv20, 10), 3)), 10)
2026-03-20 06:32:31,902 | INFO | app.api.clients | Simulation submitted simulation_id=3G7C1Jbdu4Pz9Llh7aghvCd expression=ts_decay_linear((ts_delta(vwap, 10) - ts_decay_linear(ts_delta(adv20, 10), 3)), 10)
2026-03-20 06:32:31,902 | INFO | app.pipeline.runner | Simulation accepted template=price_volume_divergence simulation_id=3G7C1Jbdu4Pz9Llh7aghvCd
2026-03-20 06:43:08,269 | ERROR | app.pipeline.runner | Simulation failed for candidate ts_decay_linear((ts_delta(vwap, 10) - ts_decay_linear(ts_delta(adv20, 10), 3)), 10)
Traceback (most recent call last):
  File "D:\Code\worldquant\app\pipeline\runner.py", line 150, in _process_candidate
    terminal = self._wait_for_completion(handle.simulation_id)
               ^^^^^^^^^^^^^^^^^^^^^^^^^^^^^^^^^^^^^^^^^^^^^^^
  File "D:\Code\worldquant\app\pipeline\runner.py", line 192, in _wait_for_completion
    raise TimeoutError(f"Simulation {simulation_id} timed out")
TimeoutError: Simulation 3G7C1Jbdu4Pz9Llh7aghvCd timed out
2026-03-20 06:43:08,270 | INFO | app.pipeline.runner | Running generation 2/3
2026-03-20 06:43:08,508 | INFO | app.pipeline.runner | Running generation 3/3
2026-03-20 06:43:08,757 | INFO | app.pipeline.runner | Cycle 47 complete: submitted=15.0 complete=0.0 best=0.0 avg_reward=-2.9333
2026-03-20 06:43:13,758 | INFO | app.pipeline.runner | Starting mining cycle 48/999999
2026-03-20 06:43:13,762 | INFO | app.pipeline.runner | Running generation 1/3
2026-03-20 06:43:13,866 | INFO | app.pipeline.runner | Preparing simulation template=breakout expression=rank(((high - ts_min(high, 40)) / (1 + (ts_max(high, 40) - ts_min(high, 40)))))
2026-03-20 06:43:13,867 | INFO | events | preparing template=breakout expression=rank(((high - ts_min(high, 40)) / (1 + (ts_max(high, 40) - ts_min(high, 40)))))
2026-03-20 06:43:14,173 | INFO | app.api.clients | Simulation submitted simulation_id=1fEuhK9xC4SD8LyvTPi5jTk expression=rank(((high - ts_min(high, 40)) / (1 + (ts_max(high, 40) - ts_min(high, 40)))))
2026-03-20 06:43:14,174 | INFO | app.pipeline.runner | Simulation accepted template=breakout simulation_id=1fEuhK9xC4SD8LyvTPi5jTk
2026-03-20 06:43:15,143 | ERROR | app.pipeline.runner | Simulation failed for candidate rank(((high - ts_min(high, 40)) / (1 + (ts_max(high, 40) - ts_min(high, 40)))))
Traceback (most recent call last):
  File "D:\Code\worldquant\app\pipeline\runner.py", line 150, in _process_candidate
    terminal = self._wait_for_completion(handle.simulation_id)
               ^^^^^^^^^^^^^^^^^^^^^^^^^^^^^^^^^^^^^^^^^^^^^^^
  File "D:\Code\worldquant\app\pipeline\runner.py", line 190, in _wait_for_completion
    raise RuntimeError(f"Simulation failed with status: {status}")
RuntimeError: Simulation failed with status: error
2026-03-20 06:43:15,173 | INFO | app.pipeline.runner | Preparing simulation template=mean_reversion expression=rank(group_neutralize((close - ts_mean(close, 40)), industry))
2026-03-20 06:43:15,174 | INFO | events | preparing template=mean_reversion expression=rank(group_neutralize((close - ts_mean(close, 40)), industry))
2026-03-20 06:43:16,144 | INFO | app.api.clients | Simulation submitted simulation_id=4wOeP6bCm4vmabF13DplHq0Y expression=rank(group_neutralize((close - ts_mean(close, 40)), industry))
2026-03-20 06:43:16,145 | INFO | app.pipeline.runner | Simulation accepted template=mean_reversion simulation_id=4wOeP6bCm4vmabF13DplHq0Y
2026-03-20 06:45:33,387 | INFO | events | completed alpha_id=734 status=complete sharpe=-1.2300 fitness=-0.8600
2026-03-20 06:45:33,388 | INFO | app.pipeline.runner | Simulation completed simulation_id=4wOeP6bCm4vmabF13DplHq0Y alpha_id=j2XaRae5 sharpe=-1.2300 fitness=-0.8600 returns=-0.1160 drawdown=0.6184
2026-03-20 06:45:33,459 | INFO | app.pipeline.runner | Running generation 2/3
2026-03-20 06:45:33,709 | INFO | app.pipeline.runner | Running generation 3/3
2026-03-20 06:45:33,884 | INFO | app.pipeline.runner | Preparing simulation template=fundamental_cross expression=rank((ts_rank(eps, 20) - ts_rank(cashflow, 20)))
2026-03-20 06:45:33,884 | INFO | events | preparing template=fundamental_cross expression=rank((ts_rank(eps, 20) - ts_rank(cashflow, 20)))
2026-03-20 06:45:34,155 | INFO | app.api.clients | Simulation submitted simulation_id=GGaNc6cJ4Fja65Ekao6OH6 expression=rank((ts_rank(eps, 20) - ts_rank(cashflow, 20)))
2026-03-20 06:45:34,156 | INFO | app.pipeline.runner | Simulation accepted template=fundamental_cross simulation_id=GGaNc6cJ4Fja65Ekao6OH6
2026-03-20 06:47:39,243 | INFO | events | completed alpha_id=744 status=complete sharpe=0.3100 fitness=0.0700
2026-03-20 06:47:39,243 | INFO | app.pipeline.runner | Simulation completed simulation_id=GGaNc6cJ4Fja65Ekao6OH6 alpha_id=le2aOG32 sharpe=0.3100 fitness=0.0700 returns=0.0125 drawdown=0.0646
2026-03-20 06:47:39,290 | INFO | app.pipeline.runner | Cycle 48 complete: submitted=15.0 complete=2.0 best=0.0 avg_reward=-2.5879
2026-03-20 06:47:44,291 | INFO | app.pipeline.runner | Starting mining cycle 49/999999
2026-03-20 06:47:44,301 | INFO | app.pipeline.runner | Running generation 1/3
2026-03-20 06:47:44,467 | INFO | app.pipeline.runner | Preparing simulation template=fundamental_cross expression=rank((ts_rank(cashflow, 120) - ts_rank(operating_margin, 120)))
2026-03-20 06:47:44,467 | INFO | events | preparing template=fundamental_cross expression=rank((ts_rank(cashflow, 120) - ts_rank(operating_margin, 120)))
2026-03-20 06:47:44,764 | INFO | app.api.clients | Simulation submitted simulation_id=21VXAq9MO4uycwblI8z2UPN expression=rank((ts_rank(cashflow, 120) - ts_rank(operating_margin, 120)))
2026-03-20 06:47:44,765 | INFO | app.pipeline.runner | Simulation accepted template=fundamental_cross simulation_id=21VXAq9MO4uycwblI8z2UPN
2026-03-20 06:47:45,729 | ERROR | app.pipeline.runner | Simulation failed for candidate rank((ts_rank(cashflow, 120) - ts_rank(operating_margin, 120)))
Traceback (most recent call last):
  File "D:\Code\worldquant\app\pipeline\runner.py", line 150, in _process_candidate
    terminal = self._wait_for_completion(handle.simulation_id)
               ^^^^^^^^^^^^^^^^^^^^^^^^^^^^^^^^^^^^^^^^^^^^^^^
  File "D:\Code\worldquant\app\pipeline\runner.py", line 190, in _wait_for_completion
    raise RuntimeError(f"Simulation failed with status: {status}")
RuntimeError: Simulation failed with status: error
2026-03-20 06:47:45,758 | INFO | app.pipeline.runner | Preparing simulation template=price_volume_divergence expression=zscore((ts_delta(close, 5) - ts_decay_linear(ts_delta(volume, 5), 10)))
2026-03-20 06:47:45,759 | INFO | events | preparing template=price_volume_divergence expression=zscore((ts_delta(close, 5) - ts_decay_linear(ts_delta(volume, 5), 10)))
2026-03-20 06:47:46,706 | INFO | app.api.clients | Simulation submitted simulation_id=1R1l42om4iFb7t1bfwgE5bI expression=zscore((ts_delta(close, 5) - ts_decay_linear(ts_delta(volume, 5), 10)))
2026-03-20 06:47:46,708 | INFO | app.pipeline.runner | Simulation accepted template=price_volume_divergence simulation_id=1R1l42om4iFb7t1bfwgE5bI
2026-03-20 06:58:24,059 | ERROR | app.pipeline.runner | Simulation failed for candidate zscore((ts_delta(close, 5) - ts_decay_linear(ts_delta(volume, 5), 10)))
Traceback (most recent call last):
  File "D:\Code\worldquant\app\pipeline\runner.py", line 150, in _process_candidate
    terminal = self._wait_for_completion(handle.simulation_id)
               ^^^^^^^^^^^^^^^^^^^^^^^^^^^^^^^^^^^^^^^^^^^^^^^
  File "D:\Code\worldquant\app\pipeline\runner.py", line 192, in _wait_for_completion
    raise TimeoutError(f"Simulation {simulation_id} timed out")
TimeoutError: Simulation 1R1l42om4iFb7t1bfwgE5bI timed out
2026-03-20 06:58:24,061 | INFO | app.pipeline.runner | Running generation 2/3
2026-03-20 06:58:24,252 | INFO | app.pipeline.runner | Preparing simulation template=mean_reversion expression=rank(group_neutralize((eps - ts_mean(eps, 40)), industry))
2026-03-20 06:58:24,252 | INFO | events | preparing template=mean_reversion expression=rank(group_neutralize((eps - ts_mean(eps, 40)), industry))
2026-03-20 06:58:25,067 | INFO | app.api.clients | Simulation submitted simulation_id=1f8PwHbw256K9diOcVTv72 expression=rank(group_neutralize((eps - ts_mean(eps, 40)), industry))
2026-03-20 06:58:25,068 | INFO | app.pipeline.runner | Simulation accepted template=mean_reversion simulation_id=1f8PwHbw256K9diOcVTv72
2026-03-20 07:00:46,736 | INFO | events | completed alpha_id=754 status=complete sharpe=0.6300 fitness=0.2300
2026-03-20 07:00:46,737 | INFO | app.pipeline.runner | Simulation completed simulation_id=1f8PwHbw256K9diOcVTv72 alpha_id=589Jo39N sharpe=0.6300 fitness=0.2300 returns=0.0193 drawdown=0.0582
2026-03-20 07:00:46,785 | INFO | app.pipeline.runner | Running generation 3/3
2026-03-20 07:00:47,051 | INFO | app.pipeline.runner | Cycle 49 complete: submitted=15.0 complete=1.0 best=0.0 avg_reward=-2.6441
2026-03-20 07:00:52,052 | INFO | app.pipeline.runner | Starting mining cycle 50/999999
2026-03-20 07:00:52,060 | INFO | app.pipeline.runner | Running generation 1/3
2026-03-20 07:00:52,257 | INFO | app.pipeline.runner | Preparing simulation template=volatility_reversion expression=rank(((vwap - ts_mean(vwap, 40)) / (1 + ts_std_dev(vwap, 40))))
2026-03-20 07:00:52,257 | INFO | events | preparing template=volatility_reversion expression=rank(((vwap - ts_mean(vwap, 40)) / (1 + ts_std_dev(vwap, 40))))
2026-03-20 07:00:52,520 | INFO | app.api.clients | Simulation submitted simulation_id=e3fvV5Py4AMajPOQWzLUlD expression=rank(((vwap - ts_mean(vwap, 40)) / (1 + ts_std_dev(vwap, 40))))
2026-03-20 07:00:52,520 | INFO | app.pipeline.runner | Simulation accepted template=volatility_reversion simulation_id=e3fvV5Py4AMajPOQWzLUlD
2026-03-20 07:02:21,489 | INFO | events | completed alpha_id=764 status=complete sharpe=-1.0300 fitness=-0.7000
2026-03-20 07:02:21,489 | INFO | app.pipeline.runner | Simulation completed simulation_id=e3fvV5Py4AMajPOQWzLUlD alpha_id=E5bQXap1 sharpe=-1.0300 fitness=-0.7000 returns=-0.1149 drawdown=0.6331
2026-03-20 07:02:21,513 | INFO | app.pipeline.runner | Preparing simulation template=mean_reversion expression=rank(group_neutralize((vwap - ts_mean(vwap, 40)), subindustry))
2026-03-20 07:02:21,514 | INFO | events | preparing template=mean_reversion expression=rank(group_neutralize((vwap - ts_mean(vwap, 40)), subindustry))
2026-03-20 07:02:22,193 | INFO | app.api.clients | Simulation submitted simulation_id=4metPo5jo5iMb7F1g3hl36By expression=rank(group_neutralize((vwap - ts_mean(vwap, 40)), subindustry))
2026-03-20 07:02:22,193 | INFO | app.pipeline.runner | Simulation accepted template=mean_reversion simulation_id=4metPo5jo5iMb7F1g3hl36By
2026-03-20 07:03:47,076 | INFO | events | completed alpha_id=765 status=complete sharpe=-1.3100 fitness=-0.8500
2026-03-20 07:03:47,077 | INFO | app.pipeline.runner | Simulation completed simulation_id=4metPo5jo5iMb7F1g3hl36By alpha_id=3qx0ZELN sharpe=-1.3100 fitness=-0.8500 returns=-0.0879 drawdown=0.4603
2026-03-20 07:03:47,077 | INFO | app.pipeline.runner | Running generation 2/3
2026-03-20 07:03:47,309 | INFO | app.pipeline.runner | Running generation 3/3
2026-03-20 07:03:47,587 | INFO | app.pipeline.runner | Cycle 50 complete: submitted=15.0 complete=2.0 best=0.0 avg_reward=-2.7172
2026-03-20 07:03:52,589 | INFO | app.pipeline.runner | Starting mining cycle 51/999999
2026-03-20 07:03:52,596 | INFO | app.pipeline.runner | Running generation 1/3
2026-03-20 07:03:52,767 | INFO | app.pipeline.runner | Preparing simulation template=volatility_reversion expression=rank(((close - ts_mean(close, 20)) / (1 + ts_std_dev(close, 20))))
2026-03-20 07:03:52,767 | INFO | events | preparing template=volatility_reversion expression=rank(((close - ts_mean(close, 20)) / (1 + ts_std_dev(close, 20))))
2026-03-20 07:03:53,030 | INFO | app.api.clients | Simulation submitted simulation_id=4g7kg34qS4gPaqzVkD74Bzf expression=rank(((close - ts_mean(close, 20)) / (1 + ts_std_dev(close, 20))))
2026-03-20 07:03:53,030 | INFO | app.pipeline.runner | Simulation accepted template=volatility_reversion simulation_id=4g7kg34qS4gPaqzVkD74Bzf
2026-03-20 07:06:24,667 | INFO | events | completed alpha_id=779 status=complete sharpe=-1.3900 fitness=-0.8500
2026-03-20 07:06:24,668 | INFO | app.pipeline.runner | Simulation completed simulation_id=4g7kg34qS4gPaqzVkD74Bzf alpha_id=ZYxaenp0 sharpe=-1.3900 fitness=-0.8500 returns=-0.1450 drawdown=0.7567
2026-03-20 07:06:24,692 | INFO | app.pipeline.runner | Preparing simulation template=price_volume_divergence expression=rank((ts_delta(close, 20) - ts_decay_linear(ts_delta(adv20, 20), 3)))
2026-03-20 07:06:24,693 | INFO | events | preparing template=price_volume_divergence expression=rank((ts_delta(close, 20) - ts_decay_linear(ts_delta(adv20, 20), 3)))
2026-03-20 07:06:25,233 | INFO | app.api.clients | Simulation submitted simulation_id=3WlT3JdWA4N29pD1g9YbbZ6B expression=rank((ts_delta(close, 20) - ts_decay_linear(ts_delta(adv20, 20), 3)))
2026-03-20 07:06:25,234 | INFO | app.pipeline.runner | Simulation accepted template=price_volume_divergence simulation_id=3WlT3JdWA4N29pD1g9YbbZ6B
2026-03-20 07:17:17,767 | ERROR | app.pipeline.runner | Simulation failed for candidate rank((ts_delta(close, 20) - ts_decay_linear(ts_delta(adv20, 20), 3)))
Traceback (most recent call last):
  File "D:\Code\worldquant\app\pipeline\runner.py", line 150, in _process_candidate
    terminal = self._wait_for_completion(handle.simulation_id)
               ^^^^^^^^^^^^^^^^^^^^^^^^^^^^^^^^^^^^^^^^^^^^^^^
  File "D:\Code\worldquant\app\pipeline\runner.py", line 192, in _wait_for_completion
    raise TimeoutError(f"Simulation {simulation_id} timed out")
TimeoutError: Simulation 3WlT3JdWA4N29pD1g9YbbZ6B timed out
2026-03-20 07:17:17,769 | INFO | app.pipeline.runner | Running generation 2/3
2026-03-20 07:17:17,986 | INFO | app.pipeline.runner | Preparing simulation template=mean_reversion expression=zscore(group_neutralize((close - ts_mean(close, 10)), sector))
2026-03-20 07:17:17,987 | INFO | events | preparing template=mean_reversion expression=zscore(group_neutralize((close - ts_mean(close, 10)), sector))
2026-03-20 07:17:18,235 | INFO | app.api.clients | Simulation submitted simulation_id=r1vqO5t34gu8WkrxXE52mD expression=zscore(group_neutralize((close - ts_mean(close, 10)), sector))
2026-03-20 07:17:18,236 | INFO | app.pipeline.runner | Simulation accepted template=mean_reversion simulation_id=r1vqO5t34gu8WkrxXE52mD
2026-03-20 07:19:45,921 | INFO | events | completed alpha_id=785 status=complete sharpe=-1.3700 fitness=-0.7200
2026-03-20 07:19:45,922 | INFO | app.pipeline.runner | Simulation completed simulation_id=r1vqO5t34gu8WkrxXE52mD alpha_id=O0kWElNv sharpe=-1.3700 fitness=-0.7200 returns=-0.1496 drawdown=0.7387
2026-03-20 07:19:45,922 | INFO | app.pipeline.runner | Running generation 3/3
2026-03-20 07:19:46,204 | INFO | app.pipeline.runner | Cycle 51 complete: submitted=15.0 complete=2.0 best=0.0 avg_reward=-2.6611
2026-03-20 07:19:51,206 | INFO | app.pipeline.runner | Starting mining cycle 52/999999
2026-03-20 07:19:51,213 | INFO | app.pipeline.runner | Running generation 1/3
2026-03-20 07:19:51,437 | INFO | app.pipeline.runner | Preparing simulation template=fundamental_cross expression=zscore((ts_rank(book_value, 120) - ts_rank(eps, 120)))
2026-03-20 07:19:51,437 | INFO | events | preparing template=fundamental_cross expression=zscore((ts_rank(book_value, 120) - ts_rank(eps, 120)))
2026-03-20 07:19:51,679 | INFO | app.api.clients | Simulation submitted simulation_id=DuQQX3Fp4Gx9CP111GfWmER expression=zscore((ts_rank(book_value, 120) - ts_rank(eps, 120)))
2026-03-20 07:19:51,680 | INFO | app.pipeline.runner | Simulation accepted template=fundamental_cross simulation_id=DuQQX3Fp4Gx9CP111GfWmER
2026-03-20 07:19:58,008 | ERROR | app.pipeline.runner | Simulation failed for candidate zscore((ts_rank(book_value, 120) - ts_rank(eps, 120)))
Traceback (most recent call last):
  File "D:\Code\worldquant\app\pipeline\runner.py", line 150, in _process_candidate
    terminal = self._wait_for_completion(handle.simulation_id)
               ^^^^^^^^^^^^^^^^^^^^^^^^^^^^^^^^^^^^^^^^^^^^^^^
  File "D:\Code\worldquant\app\pipeline\runner.py", line 190, in _wait_for_completion
    raise RuntimeError(f"Simulation failed with status: {status}")
RuntimeError: Simulation failed with status: error
2026-03-20 07:19:58,009 | INFO | app.pipeline.runner | Running generation 2/3
2026-03-20 07:19:58,184 | INFO | app.pipeline.runner | Preparing simulation template=mean_reversion expression=rank(group_neutralize((close - ts_mean(close, 20)), sector))
2026-03-20 07:19:58,186 | INFO | events | preparing template=mean_reversion expression=rank(group_neutralize((close - ts_mean(close, 20)), sector))
2026-03-20 07:19:59,008 | INFO | app.api.clients | Simulation submitted simulation_id=2iDkr4d1R51S9UPmFUHMBvT expression=rank(group_neutralize((close - ts_mean(close, 20)), sector))
2026-03-20 07:19:59,009 | INFO | app.pipeline.runner | Simulation accepted template=mean_reversion simulation_id=2iDkr4d1R51S9UPmFUHMBvT
2026-03-20 07:22:06,464 | INFO | events | completed alpha_id=799 status=complete sharpe=-1.4300 fitness=-0.8700
2026-03-20 07:22:06,465 | INFO | app.pipeline.runner | Simulation completed simulation_id=2iDkr4d1R51S9UPmFUHMBvT alpha_id=9qKl0Ype sharpe=-1.4300 fitness=-0.8700 returns=-0.1392 drawdown=0.7274
2026-03-20 07:22:06,510 | INFO | app.pipeline.runner | Running generation 3/3
2026-03-20 07:22:06,701 | INFO | app.pipeline.runner | Preparing simulation template=quality_value expression=rank((ts_rank((book_value / (1 + cashflow)), 120) - ts_rank(cashflow, 120)))
2026-03-20 07:22:06,702 | INFO | events | preparing template=quality_value expression=rank((ts_rank((book_value / (1 + cashflow)), 120) - ts_rank(cashflow, 120)))
2026-03-20 07:22:07,145 | INFO | app.api.clients | Simulation submitted simulation_id=3JElaGewW4Nk9ItuFyUlbnI expression=rank((ts_rank((book_value / (1 + cashflow)), 120) - ts_rank(cashflow, 120)))
2026-03-20 07:22:07,146 | INFO | app.pipeline.runner | Simulation accepted template=quality_value simulation_id=3JElaGewW4Nk9ItuFyUlbnI
2026-03-20 07:22:08,097 | ERROR | app.pipeline.runner | Simulation failed for candidate rank((ts_rank((book_value / (1 + cashflow)), 120) - ts_rank(cashflow, 120)))
Traceback (most recent call last):
  File "D:\Code\worldquant\app\pipeline\runner.py", line 150, in _process_candidate
    terminal = self._wait_for_completion(handle.simulation_id)
               ^^^^^^^^^^^^^^^^^^^^^^^^^^^^^^^^^^^^^^^^^^^^^^^
  File "D:\Code\worldquant\app\pipeline\runner.py", line 190, in _wait_for_completion
    raise RuntimeError(f"Simulation failed with status: {status}")
RuntimeError: Simulation failed with status: error
2026-03-20 07:22:08,142 | INFO | app.pipeline.runner | Cycle 52 complete: submitted=15.0 complete=1.0 best=0.0 avg_reward=-2.7352
2026-03-20 07:22:13,144 | INFO | app.pipeline.runner | Starting mining cycle 53/999999
2026-03-20 07:22:13,154 | INFO | app.pipeline.runner | Running generation 1/3
2026-03-20 07:22:13,345 | INFO | app.pipeline.runner | Preparing simulation template=momentum expression=ts_rank((ts_rank(vwap, 20) - ts_rank(vwap, 60)), 20)
2026-03-20 07:22:13,346 | INFO | events | preparing template=momentum expression=ts_rank((ts_rank(vwap, 20) - ts_rank(vwap, 60)), 20)
2026-03-20 07:22:13,595 | INFO | app.api.clients | Simulation submitted simulation_id=2j3RUT2Wb51RbgzxitPsdN7 expression=ts_rank((ts_rank(vwap, 20) - ts_rank(vwap, 60)), 20)
2026-03-20 07:22:13,596 | INFO | app.pipeline.runner | Simulation accepted template=momentum simulation_id=2j3RUT2Wb51RbgzxitPsdN7
2026-03-20 07:23:39,729 | INFO | events | completed alpha_id=809 status=complete sharpe=-1.3100 fitness=-0.5000
2026-03-20 07:23:39,729 | INFO | app.pipeline.runner | Simulation completed simulation_id=2j3RUT2Wb51RbgzxitPsdN7 alpha_id=P0659aAp sharpe=-1.3100 fitness=-0.5000 returns=-0.0798 drawdown=0.4278
2026-03-20 07:23:39,762 | INFO | app.pipeline.runner | Preparing simulation template=mean_reversion expression=rank(group_neutralize((returns - ts_mean(returns, 40)), sector))
2026-03-20 07:23:39,763 | INFO | events | preparing template=mean_reversion expression=rank(group_neutralize((returns - ts_mean(returns, 40)), sector))
2026-03-20 07:23:40,393 | INFO | app.api.clients | Simulation submitted simulation_id=1IXjJubJH4ok9cJhrDMN5RK expression=rank(group_neutralize((returns - ts_mean(returns, 40)), sector))
2026-03-20 07:23:40,394 | INFO | app.pipeline.runner | Simulation accepted template=mean_reversion simulation_id=1IXjJubJH4ok9cJhrDMN5RK
2026-03-20 07:25:22,796 | INFO | events | completed alpha_id=810 status=complete sharpe=-1.2200 fitness=-0.3800
2026-03-20 07:25:22,797 | INFO | app.pipeline.runner | Simulation completed simulation_id=1IXjJubJH4ok9cJhrDMN5RK alpha_id=ZYxQm1rQ sharpe=-1.2200 fitness=-0.3800 returns=-0.1261 drawdown=0.6568
2026-03-20 07:25:22,797 | INFO | app.pipeline.runner | Running generation 2/3
2026-03-20 07:25:22,985 | INFO | app.pipeline.runner | Preparing simulation template=mean_reversion expression=zscore(group_neutralize((close - ts_mean(close, 5)), sector))
2026-03-20 07:25:22,986 | INFO | events | preparing template=mean_reversion expression=zscore(group_neutralize((close - ts_mean(close, 5)), sector))
2026-03-20 07:25:23,458 | INFO | app.api.clients | Simulation submitted simulation_id=4b6FlJdLT4UcctnOeLISo5R expression=zscore(group_neutralize((close - ts_mean(close, 5)), sector))
2026-03-20 07:25:23,458 | INFO | app.pipeline.runner | Simulation accepted template=mean_reversion simulation_id=4b6FlJdLT4UcctnOeLISo5R
2026-03-20 07:27:25,062 | INFO | events | completed alpha_id=814 status=complete sharpe=-1.1400 fitness=-0.4500
2026-03-20 07:27:25,062 | INFO | app.pipeline.runner | Simulation completed simulation_id=4b6FlJdLT4UcctnOeLISo5R alpha_id=1YLWEVjK sharpe=-1.1400 fitness=-0.4500 returns=-0.1247 drawdown=0.6263
2026-03-20 07:27:25,111 | INFO | app.pipeline.runner | Running generation 3/3
2026-03-20 07:27:25,385 | INFO | app.pipeline.runner | Cycle 53 complete: submitted=15.0 complete=3.0 best=0.0 avg_reward=-2.5362
2026-03-20 07:27:30,387 | INFO | app.pipeline.runner | Starting mining cycle 54/999999
2026-03-20 07:27:30,396 | INFO | app.pipeline.runner | Running generation 1/3
2026-03-20 07:27:30,585 | INFO | app.pipeline.runner | Preparing simulation template=fundamental_cross expression=rank((ts_rank(book_value, 60) - ts_rank(cashflow, 60)))
2026-03-20 07:27:30,586 | INFO | events | preparing template=fundamental_cross expression=rank((ts_rank(book_value, 60) - ts_rank(cashflow, 60)))
2026-03-20 07:27:30,878 | INFO | app.api.clients | Simulation submitted simulation_id=20AP6w4mE5cc9BIAHFTudfS expression=rank((ts_rank(book_value, 60) - ts_rank(cashflow, 60)))
2026-03-20 07:27:30,879 | INFO | app.pipeline.runner | Simulation accepted template=fundamental_cross simulation_id=20AP6w4mE5cc9BIAHFTudfS
2026-03-20 07:27:31,879 | ERROR | app.pipeline.runner | Simulation failed for candidate rank((ts_rank(book_value, 60) - ts_rank(cashflow, 60)))
Traceback (most recent call last):
  File "D:\Code\worldquant\app\pipeline\runner.py", line 150, in _process_candidate
    terminal = self._wait_for_completion(handle.simulation_id)
               ^^^^^^^^^^^^^^^^^^^^^^^^^^^^^^^^^^^^^^^^^^^^^^^
  File "D:\Code\worldquant\app\pipeline\runner.py", line 190, in _wait_for_completion
    raise RuntimeError(f"Simulation failed with status: {status}")
RuntimeError: Simulation failed with status: error
2026-03-20 07:27:31,908 | INFO | app.pipeline.runner | Preparing simulation template=momentum expression=rank((ts_rank(vwap, 20) - ts_rank(vwap, 120)))
2026-03-20 07:27:31,909 | INFO | events | preparing template=momentum expression=rank((ts_rank(vwap, 20) - ts_rank(vwap, 120)))
2026-03-20 07:27:32,850 | INFO | app.api.clients | Simulation submitted simulation_id=db9zi5Ev55Q9eauVfIS7vO expression=rank((ts_rank(vwap, 20) - ts_rank(vwap, 120)))
2026-03-20 07:27:32,850 | INFO | app.pipeline.runner | Simulation accepted template=momentum simulation_id=db9zi5Ev55Q9eauVfIS7vO
2026-03-20 07:29:36,618 | INFO | events | completed alpha_id=825 status=complete sharpe=-0.6800 fitness=-0.2800
2026-03-20 07:29:36,619 | INFO | app.pipeline.runner | Simulation completed simulation_id=db9zi5Ev55Q9eauVfIS7vO alpha_id=Wjdl8WKQ sharpe=-0.6800 fitness=-0.2800 returns=-0.0641 drawdown=0.3971
2026-03-20 07:29:36,619 | INFO | app.pipeline.runner | Running generation 2/3
2026-03-20 07:29:36,790 | INFO | app.pipeline.runner | Preparing simulation template=momentum expression=ts_rank((ts_rank(returns, 20) - ts_rank(returns, 60)), 20)
2026-03-20 07:29:36,791 | INFO | events | preparing template=momentum expression=ts_rank((ts_rank(returns, 20) - ts_rank(returns, 60)), 20)
2026-03-20 07:29:37,258 | INFO | app.api.clients | Simulation submitted simulation_id=4GoN8w7sx4AecgeOmQjhDsK expression=ts_rank((ts_rank(returns, 20) - ts_rank(returns, 60)), 20)
2026-03-20 07:29:37,259 | INFO | app.pipeline.runner | Simulation accepted template=momentum simulation_id=4GoN8w7sx4AecgeOmQjhDsK
2026-03-20 07:31:22,038 | INFO | events | completed alpha_id=829 status=complete sharpe=0.3200 fitness=0.0400
2026-03-20 07:31:22,039 | INFO | app.pipeline.runner | Simulation completed simulation_id=4GoN8w7sx4AecgeOmQjhDsK alpha_id=9qKl09kr sharpe=0.3200 fitness=0.0400 returns=0.0144 drawdown=0.0657
2026-03-20 07:31:22,084 | INFO | app.pipeline.runner | Running generation 3/3
2026-03-20 07:31:22,325 | INFO | app.pipeline.runner | Preparing simulation template=volatility_reversion expression=rank(((returns - ts_mean(returns, 40)) / (1 + ts_std_dev(returns, 40))))
2026-03-20 07:31:22,326 | INFO | events | preparing template=volatility_reversion expression=rank(((returns - ts_mean(returns, 40)) / (1 + ts_std_dev(returns, 40))))
2026-03-20 07:31:22,575 | INFO | app.api.clients | Simulation submitted simulation_id=481XBcfPH59L8xp1eCqHOetZ expression=rank(((returns - ts_mean(returns, 40)) / (1 + ts_std_dev(returns, 40))))
2026-03-20 07:31:22,575 | INFO | app.pipeline.runner | Simulation accepted template=volatility_reversion simulation_id=481XBcfPH59L8xp1eCqHOetZ
2026-03-20 07:32:42,323 | INFO | events | completed alpha_id=835 status=complete sharpe=-1.2200 fitness=-0.3800
2026-03-20 07:32:42,323 | INFO | app.pipeline.runner | Simulation completed simulation_id=481XBcfPH59L8xp1eCqHOetZ alpha_id=blM660MK sharpe=-1.2200 fitness=-0.3800 returns=-0.1255 drawdown=0.6548
2026-03-20 07:32:42,324 | INFO | app.pipeline.runner | Cycle 54 complete: submitted=15.0 complete=3.0 best=0.0 avg_reward=-2.3950
2026-03-20 07:32:47,324 | INFO | app.pipeline.runner | Starting mining cycle 55/999999
2026-03-20 07:32:47,333 | INFO | app.pipeline.runner | Running generation 1/3
2026-03-20 07:32:47,575 | INFO | app.pipeline.runner | Preparing simulation template=price_volume_divergence expression=zscore((ts_delta(close, 60) - ts_decay_linear(ts_delta(adv20, 60), 5)))
2026-03-20 07:32:47,576 | INFO | events | preparing template=price_volume_divergence expression=zscore((ts_delta(close, 60) - ts_decay_linear(ts_delta(adv20, 60), 5)))
2026-03-20 07:32:47,824 | INFO | app.api.clients | Simulation submitted simulation_id=1SH5rrauo555bcPNb0Czy6j expression=zscore((ts_delta(close, 60) - ts_decay_linear(ts_delta(adv20, 60), 5)))
2026-03-20 07:32:47,824 | INFO | app.pipeline.runner | Simulation accepted template=price_volume_divergence simulation_id=1SH5rrauo555bcPNb0Czy6j
2026-03-20 07:43:27,007 | ERROR | app.pipeline.runner | Simulation failed for candidate zscore((ts_delta(close, 60) - ts_decay_linear(ts_delta(adv20, 60), 5)))
Traceback (most recent call last):
  File "D:\Code\worldquant\app\pipeline\runner.py", line 150, in _process_candidate
    terminal = self._wait_for_completion(handle.simulation_id)
               ^^^^^^^^^^^^^^^^^^^^^^^^^^^^^^^^^^^^^^^^^^^^^^^
  File "D:\Code\worldquant\app\pipeline\runner.py", line 192, in _wait_for_completion
    raise TimeoutError(f"Simulation {simulation_id} timed out")
TimeoutError: Simulation 1SH5rrauo555bcPNb0Czy6j timed out
2026-03-20 07:43:27,009 | INFO | app.pipeline.runner | Running generation 2/3
2026-03-20 07:43:27,271 | INFO | app.pipeline.runner | Running generation 3/3
2026-03-20 07:43:27,531 | INFO | app.pipeline.runner | Cycle 55 complete: submitted=15.0 complete=0.0 best=0.0 avg_reward=-2.9333
2026-03-20 07:43:32,532 | INFO | app.pipeline.runner | Starting mining cycle 56/999999
2026-03-20 07:43:32,543 | INFO | app.pipeline.runner | Running generation 1/3
2026-03-20 07:43:32,669 | INFO | app.pipeline.runner | Preparing simulation template=momentum expression=ts_rank((ts_rank(vwap, 10) - ts_rank(vwap, 20)), 10)
2026-03-20 07:43:32,669 | INFO | events | preparing template=momentum expression=ts_rank((ts_rank(vwap, 10) - ts_rank(vwap, 20)), 10)
2026-03-20 07:43:32,929 | INFO | app.api.clients | Simulation submitted simulation_id=1JrxsO5915g69FDRsbZNnWs expression=ts_rank((ts_rank(vwap, 10) - ts_rank(vwap, 20)), 10)
2026-03-20 07:43:32,930 | INFO | app.pipeline.runner | Simulation accepted template=momentum simulation_id=1JrxsO5915g69FDRsbZNnWs
2026-03-20 07:44:45,948 | INFO | events | completed alpha_id=853 status=complete sharpe=-1.2400 fitness=-0.3700
2026-03-20 07:44:45,948 | INFO | app.pipeline.runner | Simulation completed simulation_id=1JrxsO5915g69FDRsbZNnWs alpha_id=RRYeWwJ0 sharpe=-1.2400 fitness=-0.3700 returns=-0.0658 drawdown=0.3514
2026-03-20 07:44:45,982 | INFO | app.pipeline.runner | Preparing simulation template=quality_value expression=rank((ts_rank((operating_margin / (1 + cashflow)), 20) - ts_rank(cashflow, 20)))
2026-03-20 07:44:45,983 | INFO | events | preparing template=quality_value expression=rank((ts_rank((operating_margin / (1 + cashflow)), 20) - ts_rank(cashflow, 20)))
2026-03-20 07:44:46,615 | INFO | app.api.clients | Simulation submitted simulation_id=27Grqmgt24TGbf010OWpOP5h expression=rank((ts_rank((operating_margin / (1 + cashflow)), 20) - ts_rank(cashflow, 20)))
2026-03-20 07:44:46,615 | INFO | app.pipeline.runner | Simulation accepted template=quality_value simulation_id=27Grqmgt24TGbf010OWpOP5h
2026-03-20 07:44:47,610 | ERROR | app.pipeline.runner | Simulation failed for candidate rank((ts_rank((operating_margin / (1 + cashflow)), 20) - ts_rank(cashflow, 20)))
Traceback (most recent call last):
  File "D:\Code\worldquant\app\pipeline\runner.py", line 150, in _process_candidate
    terminal = self._wait_for_completion(handle.simulation_id)
               ^^^^^^^^^^^^^^^^^^^^^^^^^^^^^^^^^^^^^^^^^^^^^^^
  File "D:\Code\worldquant\app\pipeline\runner.py", line 190, in _wait_for_completion
    raise RuntimeError(f"Simulation failed with status: {status}")
RuntimeError: Simulation failed with status: error
2026-03-20 07:44:47,657 | INFO | app.pipeline.runner | Running generation 2/3
2026-03-20 07:44:47,834 | INFO | app.pipeline.runner | Preparing simulation template=volatility_reversion expression=zscore(((returns - ts_mean(returns, 120)) / (1 + ts_std_dev(returns, 120))))
2026-03-20 07:44:47,835 | INFO | events | preparing template=volatility_reversion expression=zscore(((returns - ts_mean(returns, 120)) / (1 + ts_std_dev(returns, 120))))
2026-03-20 07:44:48,613 | INFO | app.api.clients | Simulation submitted simulation_id=wGnZc1OG4UAcE4TTXYOBuf expression=zscore(((returns - ts_mean(returns, 120)) / (1 + ts_std_dev(returns, 120))))
2026-03-20 07:44:48,614 | INFO | app.pipeline.runner | Simulation accepted template=volatility_reversion simulation_id=wGnZc1OG4UAcE4TTXYOBuf
2026-03-20 07:46:05,296 | INFO | events | completed alpha_id=859 status=complete sharpe=-1.1000 fitness=-0.3800
2026-03-20 07:46:05,297 | INFO | app.pipeline.runner | Simulation completed simulation_id=wGnZc1OG4UAcE4TTXYOBuf alpha_id=LL6KJvP2 sharpe=-1.1000 fitness=-0.3800 returns=-0.1693 drawdown=0.8804
2026-03-20 07:46:05,327 | INFO | app.pipeline.runner | Preparing simulation template=mean_reversion expression=zscore(group_neutralize((returns - ts_mean(returns, 40)), sector))
2026-03-20 07:46:05,328 | INFO | events | preparing template=mean_reversion expression=zscore(group_neutralize((returns - ts_mean(returns, 40)), sector))
2026-03-20 07:46:05,568 | INFO | app.api.clients | Simulation submitted simulation_id=4k3rnG5kc4pI8ETo8ez7Iy1 expression=zscore(group_neutralize((returns - ts_mean(returns, 40)), sector))
2026-03-20 07:46:05,569 | INFO | app.pipeline.runner | Simulation accepted template=mean_reversion simulation_id=4k3rnG5kc4pI8ETo8ez7Iy1
2026-03-20 07:47:23,999 | INFO | events | completed alpha_id=860 status=complete sharpe=-0.9800 fitness=-0.3200
2026-03-20 07:47:24,000 | INFO | app.pipeline.runner | Simulation completed simulation_id=4k3rnG5kc4pI8ETo8ez7Iy1 alpha_id=RRYeWGLa sharpe=-0.9800 fitness=-0.3200 returns=-0.1536 drawdown=0.8021
2026-03-20 07:47:24,001 | INFO | app.pipeline.runner | Running generation 3/3
2026-03-20 07:47:24,239 | INFO | app.pipeline.runner | Preparing simulation template=mean_reversion expression=rank(group_neutralize((returns - ts_mean(returns, 40)), industry))
2026-03-20 07:47:24,240 | INFO | events | preparing template=mean_reversion expression=rank(group_neutralize((returns - ts_mean(returns, 40)), industry))
2026-03-20 07:47:24,651 | INFO | app.api.clients | Simulation submitted simulation_id=DaLRdbjt4DsbpUTS0kBPND expression=rank(group_neutralize((returns - ts_mean(returns, 40)), industry))
2026-03-20 07:47:24,652 | INFO | app.pipeline.runner | Simulation accepted template=mean_reversion simulation_id=DaLRdbjt4DsbpUTS0kBPND
2026-03-20 07:48:50,979 | INFO | events | completed alpha_id=865 status=complete sharpe=-1.1900 fitness=-0.3600
2026-03-20 07:48:50,979 | INFO | app.pipeline.runner | Simulation completed simulation_id=DaLRdbjt4DsbpUTS0kBPND alpha_id=88rNq8n7 sharpe=-1.1900 fitness=-0.3600 returns=-0.1209 drawdown=0.6309
2026-03-20 07:48:50,980 | INFO | app.pipeline.runner | Cycle 56 complete: submitted=15.0 complete=4.0 best=0.0 avg_reward=-2.2935
2026-03-20 07:48:55,980 | INFO | app.pipeline.runner | Starting mining cycle 57/999999
2026-03-20 07:48:55,986 | INFO | app.pipeline.runner | Running generation 1/3
2026-03-20 07:48:56,266 | INFO | app.pipeline.runner | Running generation 2/3
2026-03-20 07:48:56,525 | INFO | app.pipeline.runner | Running generation 3/3
2026-03-20 07:48:56,751 | INFO | app.pipeline.runner | Cycle 57 complete: submitted=15.0 complete=0.0 best=0.0 avg_reward=-3.0000
2026-03-20 07:49:01,752 | INFO | app.pipeline.runner | Starting mining cycle 58/999999
2026-03-20 07:49:01,762 | INFO | app.pipeline.runner | Running generation 1/3
2026-03-20 07:49:01,931 | INFO | app.pipeline.runner | Preparing simulation template=price_volume_divergence expression=zscore((ts_delta(close, 10) - ts_decay_linear(ts_delta(adv20, 10), 5)))
2026-03-20 07:49:01,931 | INFO | events | preparing template=price_volume_divergence expression=zscore((ts_delta(close, 10) - ts_decay_linear(ts_delta(adv20, 10), 5)))
2026-03-20 07:49:02,182 | INFO | app.api.clients | Simulation submitted simulation_id=B0S4K6fn50UbqFLMS9vUEm expression=zscore((ts_delta(close, 10) - ts_decay_linear(ts_delta(adv20, 10), 5)))
2026-03-20 07:49:02,183 | INFO | app.pipeline.runner | Simulation accepted template=price_volume_divergence simulation_id=B0S4K6fn50UbqFLMS9vUEm
2026-03-20 07:59:37,401 | ERROR | app.pipeline.runner | Simulation failed for candidate zscore((ts_delta(close, 10) - ts_decay_linear(ts_delta(adv20, 10), 5)))
Traceback (most recent call last):
  File "D:\Code\worldquant\app\pipeline\runner.py", line 150, in _process_candidate
    terminal = self._wait_for_completion(handle.simulation_id)
               ^^^^^^^^^^^^^^^^^^^^^^^^^^^^^^^^^^^^^^^^^^^^^^^
  File "D:\Code\worldquant\app\pipeline\runner.py", line 192, in _wait_for_completion
    raise TimeoutError(f"Simulation {simulation_id} timed out")
TimeoutError: Simulation B0S4K6fn50UbqFLMS9vUEm timed out
2026-03-20 07:59:37,437 | INFO | app.pipeline.runner | Preparing simulation template=volatility_reversion expression=ts_rank(((vwap - ts_mean(vwap, 60)) / (1 + ts_std_dev(vwap, 60))), 60)
2026-03-20 07:59:37,437 | INFO | events | preparing template=volatility_reversion expression=ts_rank(((vwap - ts_mean(vwap, 60)) / (1 + ts_std_dev(vwap, 60))), 60)
2026-03-20 07:59:37,672 | INFO | app.api.clients | Simulation submitted simulation_id=2gKRBO6VW4Lxbjm2ISuNAjm expression=ts_rank(((vwap - ts_mean(vwap, 60)) / (1 + ts_std_dev(vwap, 60))), 60)
2026-03-20 07:59:37,673 | INFO | app.pipeline.runner | Simulation accepted template=volatility_reversion simulation_id=2gKRBO6VW4Lxbjm2ISuNAjm
2026-03-20 08:00:52,251 | INFO | events | completed alpha_id=885 status=complete sharpe=-0.8900 fitness=-0.4500
2026-03-20 08:00:52,251 | INFO | app.pipeline.runner | Simulation completed simulation_id=2gKRBO6VW4Lxbjm2ISuNAjm alpha_id=YPmadpKw sharpe=-0.8900 fitness=-0.4500 returns=-0.0794 drawdown=0.4551
2026-03-20 08:00:52,252 | INFO | app.pipeline.runner | Running generation 2/3
2026-03-20 08:00:52,434 | INFO | app.pipeline.runner | Preparing simulation template=quality_value expression=rank((ts_rank((eps / (1 + operating_margin)), 40) - ts_rank(operating_margin, 40)))
2026-03-20 08:00:52,435 | INFO | events | preparing template=quality_value expression=rank((ts_rank((eps / (1 + operating_margin)), 40) - ts_rank(operating_margin, 40)))
2026-03-20 08:00:52,929 | INFO | app.api.clients | Simulation submitted simulation_id=3TqUDl69s4CTbtOsOV88UrK expression=rank((ts_rank((eps / (1 + operating_margin)), 40) - ts_rank(operating_margin, 40)))
2026-03-20 08:00:52,930 | INFO | app.pipeline.runner | Simulation accepted template=quality_value simulation_id=3TqUDl69s4CTbtOsOV88UrK
2026-03-20 08:00:53,904 | ERROR | app.pipeline.runner | Simulation failed for candidate rank((ts_rank((eps / (1 + operating_margin)), 40) - ts_rank(operating_margin, 40)))
Traceback (most recent call last):
  File "D:\Code\worldquant\app\pipeline\runner.py", line 150, in _process_candidate
    terminal = self._wait_for_completion(handle.simulation_id)
               ^^^^^^^^^^^^^^^^^^^^^^^^^^^^^^^^^^^^^^^^^^^^^^^
  File "D:\Code\worldquant\app\pipeline\runner.py", line 190, in _wait_for_completion
    raise RuntimeError(f"Simulation failed with status: {status}")
RuntimeError: Simulation failed with status: error
2026-03-20 08:00:53,947 | INFO | app.pipeline.runner | Running generation 3/3
2026-03-20 08:00:54,204 | INFO | app.pipeline.runner | Cycle 58 complete: submitted=15.0 complete=1.0 best=0.0 avg_reward=-2.7053
2026-03-20 08:00:59,205 | INFO | app.pipeline.runner | Starting mining cycle 59/999999
2026-03-20 08:00:59,211 | INFO | app.pipeline.runner | Running generation 1/3
2026-03-20 08:00:59,497 | INFO | app.pipeline.runner | Preparing simulation template=breakout expression=ts_rank(((high - ts_min(high, 20)) / (1 + (ts_max(high, 20) - ts_min(high, 20)))), 20)
2026-03-20 08:00:59,498 | INFO | events | preparing template=breakout expression=ts_rank(((high - ts_min(high, 20)) / (1 + (ts_max(high, 20) - ts_min(high, 20)))), 20)
2026-03-20 08:00:59,773 | INFO | app.api.clients | Simulation submitted simulation_id=2Lj4AbfM24xV9r2SSernNkb expression=ts_rank(((high - ts_min(high, 20)) / (1 + (ts_max(high, 20) - ts_min(high, 20)))), 20)
2026-03-20 08:00:59,774 | INFO | app.pipeline.runner | Simulation accepted template=breakout simulation_id=2Lj4AbfM24xV9r2SSernNkb
2026-03-20 08:01:02,277 | ERROR | app.pipeline.runner | Simulation failed for candidate ts_rank(((high - ts_min(high, 20)) / (1 + (ts_max(high, 20) - ts_min(high, 20)))), 20)
Traceback (most recent call last):
  File "D:\Code\worldquant\app\pipeline\runner.py", line 150, in _process_candidate
    terminal = self._wait_for_completion(handle.simulation_id)
               ^^^^^^^^^^^^^^^^^^^^^^^^^^^^^^^^^^^^^^^^^^^^^^^
  File "D:\Code\worldquant\app\pipeline\runner.py", line 190, in _wait_for_completion
    raise RuntimeError(f"Simulation failed with status: {status}")
RuntimeError: Simulation failed with status: error
2026-03-20 08:01:02,317 | INFO | app.pipeline.runner | Running generation 2/3
2026-03-20 08:01:02,514 | INFO | app.pipeline.runner | Running generation 3/3
2026-03-20 08:01:02,754 | INFO | app.pipeline.runner | Cycle 59 complete: submitted=15.0 complete=0.0 best=0.0 avg_reward=-2.9333
2026-03-20 08:01:07,756 | INFO | app.pipeline.runner | Starting mining cycle 60/999999
2026-03-20 08:01:07,763 | INFO | app.pipeline.runner | Running generation 1/3
2026-03-20 08:01:07,930 | INFO | app.pipeline.runner | Preparing simulation template=breakout expression=ts_rank(((high - ts_min(high, 40)) / (1 + (ts_max(high, 40) - ts_min(high, 40)))), 40)
2026-03-20 08:01:07,930 | INFO | events | preparing template=breakout expression=ts_rank(((high - ts_min(high, 40)) / (1 + (ts_max(high, 40) - ts_min(high, 40)))), 40)
2026-03-20 08:01:08,923 | INFO | app.api.clients | Simulation submitted simulation_id=4tFAPP1w4FW9JQ1hVqGv0f8 expression=ts_rank(((high - ts_min(high, 40)) / (1 + (ts_max(high, 40) - ts_min(high, 40)))), 40)
2026-03-20 08:01:08,924 | INFO | app.pipeline.runner | Simulation accepted template=breakout simulation_id=4tFAPP1w4FW9JQ1hVqGv0f8
2026-03-20 08:01:14,420 | ERROR | app.pipeline.runner | Simulation failed for candidate ts_rank(((high - ts_min(high, 40)) / (1 + (ts_max(high, 40) - ts_min(high, 40)))), 40)
Traceback (most recent call last):
  File "D:\Code\worldquant\app\pipeline\runner.py", line 150, in _process_candidate
    terminal = self._wait_for_completion(handle.simulation_id)
               ^^^^^^^^^^^^^^^^^^^^^^^^^^^^^^^^^^^^^^^^^^^^^^^
  File "D:\Code\worldquant\app\pipeline\runner.py", line 190, in _wait_for_completion
    raise RuntimeError(f"Simulation failed with status: {status}")
RuntimeError: Simulation failed with status: error
2026-03-20 08:01:14,446 | INFO | app.pipeline.runner | Preparing simulation template=mean_reversion expression=rank(group_neutralize((close - ts_mean(close, 20)), industry))
2026-03-20 08:01:14,447 | INFO | events | preparing template=mean_reversion expression=rank(group_neutralize((close - ts_mean(close, 20)), industry))
2026-03-20 08:01:15,410 | INFO | app.api.clients | Simulation submitted simulation_id=3VsItjaHB54qccfUbqDPUXE expression=rank(group_neutralize((close - ts_mean(close, 20)), industry))
2026-03-20 08:01:15,411 | INFO | app.pipeline.runner | Simulation accepted template=mean_reversion simulation_id=3VsItjaHB54qccfUbqDPUXE
2026-03-20 08:02:51,167 | INFO | events | completed alpha_id=915 status=complete sharpe=-1.4600 fitness=-0.9200
2026-03-20 08:02:51,168 | INFO | app.pipeline.runner | Simulation completed simulation_id=3VsItjaHB54qccfUbqDPUXE alpha_id=YPm1MnEv sharpe=-1.4600 fitness=-0.9200 returns=-0.1326 drawdown=0.6827
2026-03-20 08:02:51,169 | INFO | app.pipeline.runner | Running generation 2/3
2026-03-20 08:02:51,408 | INFO | app.pipeline.runner | Running generation 3/3
2026-03-20 08:02:51,684 | INFO | app.pipeline.runner | Cycle 60 complete: submitted=15.0 complete=1.0 best=0.0 avg_reward=-2.8045
2026-03-20 08:02:56,686 | INFO | app.pipeline.runner | Starting mining cycle 61/999999
2026-03-20 08:02:56,696 | INFO | app.pipeline.runner | Running generation 1/3
2026-03-20 08:02:56,951 | INFO | app.pipeline.runner | Running generation 2/3
2026-03-20 08:02:57,169 | INFO | app.pipeline.runner | Running generation 3/3
2026-03-20 08:02:57,338 | INFO | app.pipeline.runner | Preparing simulation template=fundamental_cross expression=rank((ts_rank(close, 120) - ts_rank(eps, 120)))
2026-03-20 08:02:57,338 | INFO | events | preparing template=fundamental_cross expression=rank((ts_rank(close, 120) - ts_rank(eps, 120)))
2026-03-20 08:02:57,607 | INFO | app.api.clients | Simulation submitted simulation_id=J0c3xf7W4L5avc1QXB6Y8k expression=rank((ts_rank(close, 120) - ts_rank(eps, 120)))
2026-03-20 08:02:57,607 | INFO | app.pipeline.runner | Simulation accepted template=fundamental_cross simulation_id=J0c3xf7W4L5avc1QXB6Y8k
2026-03-20 08:04:25,635 | INFO | events | completed alpha_id=939 status=complete sharpe=-0.6800 fitness=-0.3800
2026-03-20 08:04:25,635 | INFO | app.pipeline.runner | Simulation completed simulation_id=J0c3xf7W4L5avc1QXB6Y8k alpha_id=e7KaJ9Lg sharpe=-0.6800 fitness=-0.3800 returns=-0.0508 drawdown=0.3079
2026-03-20 08:04:25,682 | INFO | app.pipeline.runner | Cycle 61 complete: submitted=15.0 complete=1.0 best=0.0 avg_reward=-2.8310
2026-03-20 08:04:30,683 | INFO | app.pipeline.runner | Starting mining cycle 62/999999
2026-03-20 08:04:30,692 | INFO | app.pipeline.runner | Running generation 1/3
2026-03-20 08:04:30,909 | INFO | app.pipeline.runner | Preparing simulation template=fundamental_cross expression=zscore((ts_rank(book_value, 20) - ts_rank(cashflow, 20)))
2026-03-20 08:04:30,909 | INFO | events | preparing template=fundamental_cross expression=zscore((ts_rank(book_value, 20) - ts_rank(cashflow, 20)))
2026-03-20 08:04:31,188 | INFO | app.api.clients | Simulation submitted simulation_id=41Jr9Xfr74Tk9wB6L8nupMR expression=zscore((ts_rank(book_value, 20) - ts_rank(cashflow, 20)))
2026-03-20 08:04:31,189 | INFO | app.pipeline.runner | Simulation accepted template=fundamental_cross simulation_id=41Jr9Xfr74Tk9wB6L8nupMR
2026-03-20 08:04:32,160 | ERROR | app.pipeline.runner | Simulation failed for candidate zscore((ts_rank(book_value, 20) - ts_rank(cashflow, 20)))
Traceback (most recent call last):
  File "D:\Code\worldquant\app\pipeline\runner.py", line 150, in _process_candidate
    terminal = self._wait_for_completion(handle.simulation_id)
               ^^^^^^^^^^^^^^^^^^^^^^^^^^^^^^^^^^^^^^^^^^^^^^^
  File "D:\Code\worldquant\app\pipeline\runner.py", line 190, in _wait_for_completion
    raise RuntimeError(f"Simulation failed with status: {status}")
RuntimeError: Simulation failed with status: error
2026-03-20 08:04:32,161 | INFO | app.pipeline.runner | Running generation 2/3
2026-03-20 08:04:32,398 | INFO | app.pipeline.runner | Running generation 3/3
2026-03-20 08:04:32,662 | INFO | app.pipeline.runner | Cycle 62 complete: submitted=15.0 complete=0.0 best=0.0 avg_reward=-2.9333
2026-03-20 08:04:37,663 | INFO | app.pipeline.runner | Starting mining cycle 63/999999
2026-03-20 08:04:37,669 | INFO | app.pipeline.runner | Running generation 1/3
2026-03-20 08:04:37,924 | INFO | app.pipeline.runner | Filtered low-quality candidate template=momentum reason=identity-subtraction expression=ts_rank((ts_rank(vwap, 120) - ts_rank(vwap, 120)), 120)
2026-03-20 08:04:37,924 | INFO | app.pipeline.runner | Running generation 2/3
2026-03-20 08:04:38,150 | INFO | app.pipeline.runner | Preparing simulation template=mean_reversion expression=zscore(group_neutralize((eps - ts_mean(eps, 10)), industry))
2026-03-20 08:04:38,151 | INFO | events | preparing template=mean_reversion expression=zscore(group_neutralize((eps - ts_mean(eps, 10)), industry))
2026-03-20 08:04:38,424 | INFO | app.api.clients | Simulation submitted simulation_id=1P4SIf1eA4lk9oJTl2loKuZ expression=zscore(group_neutralize((eps - ts_mean(eps, 10)), industry))
2026-03-20 08:04:38,425 | INFO | app.pipeline.runner | Simulation accepted template=mean_reversion simulation_id=1P4SIf1eA4lk9oJTl2loKuZ
2026-03-20 08:07:00,738 | INFO | events | completed alpha_id=965 status=complete sharpe=0.1600 fitness=0.0300
2026-03-20 08:07:00,738 | INFO | app.pipeline.runner | Simulation completed simulation_id=1P4SIf1eA4lk9oJTl2loKuZ alpha_id=j2XaQY8e sharpe=0.1600 fitness=0.0300 returns=0.0171 drawdown=0.1741
2026-03-20 08:07:00,739 | INFO | app.pipeline.runner | Running generation 3/3
2026-03-20 08:07:00,987 | INFO | app.pipeline.runner | Cycle 63 complete: submitted=15.0 complete=1.0 best=0.0 avg_reward=-2.7291
2026-03-20 08:07:05,989 | INFO | app.pipeline.runner | Starting mining cycle 64/999999
2026-03-20 08:07:05,997 | INFO | app.pipeline.runner | Running generation 1/3
2026-03-20 08:07:06,257 | INFO | app.pipeline.runner | Running generation 2/3
2026-03-20 08:07:06,470 | INFO | app.pipeline.runner | Preparing simulation template=volatility_reversion expression=zscore(((book_value - ts_mean(book_value, 60)) / (1 + ts_std_dev(book_value, 60))))
2026-03-20 08:07:06,471 | INFO | events | preparing template=volatility_reversion expression=zscore(((book_value - ts_mean(book_value, 60)) / (1 + ts_std_dev(book_value, 60))))
2026-03-20 08:07:06,715 | INFO | app.api.clients | Simulation submitted simulation_id=1x3Fo2c9A5h6czUwQwekSkV expression=zscore(((book_value - ts_mean(book_value, 60)) / (1 + ts_std_dev(book_value, 60))))
2026-03-20 08:07:06,716 | INFO | app.pipeline.runner | Simulation accepted template=volatility_reversion simulation_id=1x3Fo2c9A5h6czUwQwekSkV
2026-03-20 08:07:12,938 | ERROR | app.pipeline.runner | Simulation failed for candidate zscore(((book_value - ts_mean(book_value, 60)) / (1 + ts_std_dev(book_value, 60))))
Traceback (most recent call last):
  File "D:\Code\worldquant\app\pipeline\runner.py", line 150, in _process_candidate
    terminal = self._wait_for_completion(handle.simulation_id)
               ^^^^^^^^^^^^^^^^^^^^^^^^^^^^^^^^^^^^^^^^^^^^^^^
  File "D:\Code\worldquant\app\pipeline\runner.py", line 190, in _wait_for_completion
    raise RuntimeError(f"Simulation failed with status: {status}")
RuntimeError: Simulation failed with status: error
2026-03-20 08:07:12,939 | INFO | app.pipeline.runner | Running generation 3/3
2026-03-20 08:07:13,177 | INFO | app.pipeline.runner | Cycle 64 complete: submitted=15.0 complete=0.0 best=0.0 avg_reward=-2.9333
2026-03-20 08:07:18,178 | INFO | app.pipeline.runner | Starting mining cycle 65/999999
2026-03-20 08:07:18,188 | INFO | app.pipeline.runner | Running generation 1/3
2026-03-20 08:07:18,377 | INFO | app.pipeline.runner | Preparing simulation template=price_volume_divergence expression=zscore((ts_delta(vwap, 5) - ts_decay_linear(ts_delta(adv20, 5), 5)))
2026-03-20 08:07:18,377 | INFO | events | preparing template=price_volume_divergence expression=zscore((ts_delta(vwap, 5) - ts_decay_linear(ts_delta(adv20, 5), 5)))
2026-03-20 08:07:18,622 | INFO | app.api.clients | Simulation submitted simulation_id=2aRlJO4uI4mk96MIZ1eEcx7 expression=zscore((ts_delta(vwap, 5) - ts_decay_linear(ts_delta(adv20, 5), 5)))
2026-03-20 08:07:18,622 | INFO | app.pipeline.runner | Simulation accepted template=price_volume_divergence simulation_id=2aRlJO4uI4mk96MIZ1eEcx7
2026-03-20 08:18:04,085 | ERROR | app.pipeline.runner | Simulation failed for candidate zscore((ts_delta(vwap, 5) - ts_decay_linear(ts_delta(adv20, 5), 5)))
Traceback (most recent call last):
  File "D:\Code\worldquant\app\pipeline\runner.py", line 150, in _process_candidate
    terminal = self._wait_for_completion(handle.simulation_id)
               ^^^^^^^^^^^^^^^^^^^^^^^^^^^^^^^^^^^^^^^^^^^^^^^
  File "D:\Code\worldquant\app\pipeline\runner.py", line 192, in _wait_for_completion
    raise TimeoutError(f"Simulation {simulation_id} timed out")
TimeoutError: Simulation 2aRlJO4uI4mk96MIZ1eEcx7 timed out
2026-03-20 08:18:04,154 | INFO | app.pipeline.runner | Running generation 2/3
2026-03-20 08:18:04,321 | INFO | app.pipeline.runner | Preparing simulation template=breakout expression=ts_rank(((low - ts_min(low, 120)) / (1 + (ts_max(low, 120) - ts_min(low, 120)))), 120)
2026-03-20 08:18:04,322 | INFO | events | preparing template=breakout expression=ts_rank(((low - ts_min(low, 120)) / (1 + (ts_max(low, 120) - ts_min(low, 120)))), 120)
2026-03-20 08:18:04,566 | INFO | app.api.clients | Simulation submitted simulation_id=4jHi4P3g64y79dnH7bUdVuq expression=ts_rank(((low - ts_min(low, 120)) / (1 + (ts_max(low, 120) - ts_min(low, 120)))), 120)
2026-03-20 08:18:04,568 | INFO | app.pipeline.runner | Simulation accepted template=breakout simulation_id=4jHi4P3g64y79dnH7bUdVuq
2026-03-20 08:18:10,922 | ERROR | app.pipeline.runner | Simulation failed for candidate ts_rank(((low - ts_min(low, 120)) / (1 + (ts_max(low, 120) - ts_min(low, 120)))), 120)
Traceback (most recent call last):
  File "D:\Code\worldquant\app\pipeline\runner.py", line 150, in _process_candidate
    terminal = self._wait_for_completion(handle.simulation_id)
               ^^^^^^^^^^^^^^^^^^^^^^^^^^^^^^^^^^^^^^^^^^^^^^^
  File "D:\Code\worldquant\app\pipeline\runner.py", line 190, in _wait_for_completion
    raise RuntimeError(f"Simulation failed with status: {status}")
RuntimeError: Simulation failed with status: error
2026-03-20 08:18:10,968 | INFO | app.pipeline.runner | Running generation 3/3
2026-03-20 08:18:11,241 | INFO | app.pipeline.runner | Cycle 65 complete: submitted=15.0 complete=0.0 best=0.0 avg_reward=-2.8667
2026-03-20 08:18:16,242 | INFO | app.pipeline.runner | Starting mining cycle 66/999999
2026-03-20 08:18:16,251 | INFO | app.pipeline.runner | Running generation 1/3
2026-03-20 08:18:16,510 | INFO | app.pipeline.runner | Filtered low-quality candidate template=momentum reason=identity-subtraction expression=rank((ts_rank(close, 120) - ts_rank(close, 120)))
2026-03-20 08:18:16,582 | INFO | app.pipeline.runner | Running generation 2/3
2026-03-20 08:18:16,761 | INFO | app.pipeline.runner | Preparing simulation template=price_volume_divergence expression=zscore((ts_delta(eps, 60) - ts_decay_linear(ts_delta(adv20, 60), 5)))
2026-03-20 08:18:16,762 | INFO | events | preparing template=price_volume_divergence expression=zscore((ts_delta(eps, 60) - ts_decay_linear(ts_delta(adv20, 60), 5)))
2026-03-20 08:18:17,014 | INFO | app.api.clients | Simulation submitted simulation_id=3pHIhY4nM4gV8XgxuWG51MU expression=zscore((ts_delta(eps, 60) - ts_decay_linear(ts_delta(adv20, 60), 5)))
2026-03-20 08:18:17,015 | INFO | app.pipeline.runner | Simulation accepted template=price_volume_divergence simulation_id=3pHIhY4nM4gV8XgxuWG51MU
2026-03-20 08:29:09,972 | ERROR | app.pipeline.runner | Simulation failed for candidate zscore((ts_delta(eps, 60) - ts_decay_linear(ts_delta(adv20, 60), 5)))
Traceback (most recent call last):
  File "D:\Code\worldquant\app\pipeline\runner.py", line 150, in _process_candidate
    terminal = self._wait_for_completion(handle.simulation_id)
               ^^^^^^^^^^^^^^^^^^^^^^^^^^^^^^^^^^^^^^^^^^^^^^^
  File "D:\Code\worldquant\app\pipeline\runner.py", line 192, in _wait_for_completion
    raise TimeoutError(f"Simulation {simulation_id} timed out")
TimeoutError: Simulation 3pHIhY4nM4gV8XgxuWG51MU timed out
2026-03-20 08:29:10,014 | INFO | app.pipeline.runner | Running generation 3/3
2026-03-20 08:29:10,240 | INFO | app.pipeline.runner | Cycle 66 complete: submitted=15.0 complete=0.0 best=0.0 avg_reward=-2.8667
2026-03-20 08:29:15,242 | INFO | app.pipeline.runner | Starting mining cycle 67/999999
2026-03-20 08:29:15,250 | INFO | app.pipeline.runner | Running generation 1/3
2026-03-20 08:29:15,443 | INFO | app.pipeline.runner | Preparing simulation template=quality_value expression=zscore((ts_rank((eps / (1 + book_value)), 20) - ts_rank(book_value, 20)))
2026-03-20 08:29:15,444 | INFO | events | preparing template=quality_value expression=zscore((ts_rank((eps / (1 + book_value)), 20) - ts_rank(book_value, 20)))
2026-03-20 08:29:15,687 | INFO | app.api.clients | Simulation submitted simulation_id=2NVMMVg4E4S89CZ1fFQiIPBV expression=zscore((ts_rank((eps / (1 + book_value)), 20) - ts_rank(book_value, 20)))
2026-03-20 08:29:15,688 | INFO | app.pipeline.runner | Simulation accepted template=quality_value simulation_id=2NVMMVg4E4S89CZ1fFQiIPBV
2026-03-20 08:29:16,718 | ERROR | app.pipeline.runner | Simulation failed for candidate zscore((ts_rank((eps / (1 + book_value)), 20) - ts_rank(book_value, 20)))
Traceback (most recent call last):
  File "D:\Code\worldquant\app\pipeline\runner.py", line 150, in _process_candidate
    terminal = self._wait_for_completion(handle.simulation_id)
               ^^^^^^^^^^^^^^^^^^^^^^^^^^^^^^^^^^^^^^^^^^^^^^^
  File "D:\Code\worldquant\app\pipeline\runner.py", line 190, in _wait_for_completion
    raise RuntimeError(f"Simulation failed with status: {status}")
RuntimeError: Simulation failed with status: error
2026-03-20 08:29:16,761 | INFO | app.pipeline.runner | Preparing simulation template=breakout expression=ts_rank(((low - ts_min(low, 60)) / (1 + (ts_max(low, 60) - ts_min(low, 60)))), 60)
2026-03-20 08:29:16,763 | INFO | events | preparing template=breakout expression=ts_rank(((low - ts_min(low, 60)) / (1 + (ts_max(low, 60) - ts_min(low, 60)))), 60)
2026-03-20 08:29:17,700 | INFO | app.api.clients | Simulation submitted simulation_id=46OgzB2Pt5fibMZBFPUAB72 expression=ts_rank(((low - ts_min(low, 60)) / (1 + (ts_max(low, 60) - ts_min(low, 60)))), 60)
2026-03-20 08:29:17,700 | INFO | app.pipeline.runner | Simulation accepted template=breakout simulation_id=46OgzB2Pt5fibMZBFPUAB72
2026-03-20 08:29:18,710 | ERROR | app.pipeline.runner | Simulation failed for candidate ts_rank(((low - ts_min(low, 60)) / (1 + (ts_max(low, 60) - ts_min(low, 60)))), 60)
Traceback (most recent call last):
  File "D:\Code\worldquant\app\pipeline\runner.py", line 150, in _process_candidate
    terminal = self._wait_for_completion(handle.simulation_id)
               ^^^^^^^^^^^^^^^^^^^^^^^^^^^^^^^^^^^^^^^^^^^^^^^
  File "D:\Code\worldquant\app\pipeline\runner.py", line 190, in _wait_for_completion
    raise RuntimeError(f"Simulation failed with status: {status}")
RuntimeError: Simulation failed with status: error
2026-03-20 08:29:18,712 | INFO | app.pipeline.runner | Running generation 2/3
2026-03-20 08:29:18,945 | INFO | app.pipeline.runner | Running generation 3/3
2026-03-20 08:29:19,217 | INFO | app.pipeline.runner | Cycle 67 complete: submitted=15.0 complete=0.0 best=0.0 avg_reward=-2.8667
2026-03-20 08:29:24,218 | INFO | app.pipeline.runner | Starting mining cycle 68/999999
2026-03-20 08:29:24,225 | INFO | app.pipeline.runner | Running generation 1/3
2026-03-20 08:29:24,452 | INFO | app.pipeline.runner | Preparing simulation template=momentum expression=ts_rank((ts_rank(close, 10) - ts_rank(close, 60)), 10)
2026-03-20 08:29:24,453 | INFO | events | preparing template=momentum expression=ts_rank((ts_rank(close, 10) - ts_rank(close, 60)), 10)
2026-03-20 08:29:24,706 | INFO | app.api.clients | Simulation submitted simulation_id=81hYj6204Mr8O218qrtb5hb expression=ts_rank((ts_rank(close, 10) - ts_rank(close, 60)), 10)
2026-03-20 08:29:24,707 | INFO | app.pipeline.runner | Simulation accepted template=momentum simulation_id=81hYj6204Mr8O218qrtb5hb
2026-03-20 08:31:32,947 | INFO | events | completed alpha_id=1034 status=complete sharpe=-1.7100 fitness=-0.6200
2026-03-20 08:31:32,948 | INFO | app.pipeline.runner | Simulation completed simulation_id=81hYj6204Mr8O218qrtb5hb alpha_id=MPX6w1G9 sharpe=-1.7100 fitness=-0.6200 returns=-0.1031 drawdown=0.5403
2026-03-20 08:31:32,977 | INFO | app.pipeline.runner | Preparing simulation template=mean_reversion expression=rank(group_neutralize((close - ts_mean(close, 10)), industry))
2026-03-20 08:31:32,978 | INFO | events | preparing template=mean_reversion expression=rank(group_neutralize((close - ts_mean(close, 10)), industry))
2026-03-20 08:31:33,226 | INFO | app.api.clients | Simulation submitted simulation_id=48VA5GEl4IWaBJNuKLfrX expression=rank(group_neutralize((close - ts_mean(close, 10)), industry))
2026-03-20 08:31:33,227 | INFO | app.pipeline.runner | Simulation accepted template=mean_reversion simulation_id=48VA5GEl4IWaBJNuKLfrX
2026-03-20 08:33:08,918 | INFO | events | completed alpha_id=1035 status=complete sharpe=-1.7200 fitness=-0.9500
2026-03-20 08:33:08,919 | INFO | app.pipeline.runner | Simulation completed simulation_id=48VA5GEl4IWaBJNuKLfrX alpha_id=78QYOoXQ sharpe=-1.7200 fitness=-0.9500 returns=-0.1501 drawdown=0.7406
2026-03-20 08:33:08,920 | INFO | app.pipeline.runner | Running generation 2/3
2026-03-20 08:33:09,165 | INFO | app.pipeline.runner | Running generation 3/3
2026-03-20 08:33:09,388 | INFO | app.pipeline.runner | Preparing simulation template=quality_value expression=zscore((ts_rank((eps / (1 + sales)), 10) - ts_rank(sales, 10)))
2026-03-20 08:33:09,389 | INFO | events | preparing template=quality_value expression=zscore((ts_rank((eps / (1 + sales)), 10) - ts_rank(sales, 10)))
2026-03-20 08:33:09,757 | INFO | app.api.clients | Simulation submitted simulation_id=RMVWa6Wf4HIblJ1f7f6lA3J expression=zscore((ts_rank((eps / (1 + sales)), 10) - ts_rank(sales, 10)))
2026-03-20 08:33:09,758 | INFO | app.pipeline.runner | Simulation accepted template=quality_value simulation_id=RMVWa6Wf4HIblJ1f7f6lA3J
2026-03-20 08:35:11,233 | INFO | events | completed alpha_id=1044 status=complete sharpe=0.5100 fitness=0.1600
2026-03-20 08:35:11,234 | INFO | app.pipeline.runner | Simulation completed simulation_id=RMVWa6Wf4HIblJ1f7f6lA3J alpha_id=WjdlkYbj sharpe=0.5100 fitness=0.1600 returns=0.0379 drawdown=0.1237
2026-03-20 08:35:11,275 | INFO | app.pipeline.runner | Cycle 68 complete: submitted=15.0 complete=3.0 best=0.0 avg_reward=-2.5235
2026-03-20 08:35:16,276 | INFO | app.pipeline.runner | Starting mining cycle 69/999999
2026-03-20 08:35:16,281 | INFO | app.pipeline.runner | Running generation 1/3
2026-03-20 08:35:16,526 | INFO | app.pipeline.runner | Running generation 2/3
2026-03-20 08:35:16,789 | INFO | app.pipeline.runner | Running generation 3/3
2026-03-20 08:35:17,026 | INFO | app.pipeline.runner | Cycle 69 complete: submitted=15.0 complete=0.0 best=0.0 avg_reward=-3.0000
2026-03-20 08:35:22,027 | INFO | app.pipeline.runner | Starting mining cycle 70/999999
2026-03-20 08:35:22,036 | INFO | app.pipeline.runner | Running generation 1/3
2026-03-20 08:35:22,280 | INFO | app.pipeline.runner | Filtered low-quality candidate template=momentum reason=identity-subtraction expression=ts_rank((ts_rank(returns, 120) - ts_rank(returns, 120)), 120)
2026-03-20 08:35:22,313 | INFO | app.pipeline.runner | Preparing simulation template=quality_value expression=rank((ts_rank((book_value / (1 + cashflow)), 60) - ts_rank(cashflow, 60)))
2026-03-20 08:35:22,314 | INFO | events | preparing template=quality_value expression=rank((ts_rank((book_value / (1 + cashflow)), 60) - ts_rank(cashflow, 60)))
2026-03-20 08:35:22,569 | INFO | app.api.clients | Simulation submitted simulation_id=1pOdWOdO5cO9uvYol3Tml1 expression=rank((ts_rank((book_value / (1 + cashflow)), 60) - ts_rank(cashflow, 60)))
2026-03-20 08:35:22,570 | INFO | app.pipeline.runner | Simulation accepted template=quality_value simulation_id=1pOdWOdO5cO9uvYol3Tml1
2026-03-20 08:35:23,571 | ERROR | app.pipeline.runner | Simulation failed for candidate rank((ts_rank((book_value / (1 + cashflow)), 60) - ts_rank(cashflow, 60)))
Traceback (most recent call last):
  File "D:\Code\worldquant\app\pipeline\runner.py", line 150, in _process_candidate
    terminal = self._wait_for_completion(handle.simulation_id)
               ^^^^^^^^^^^^^^^^^^^^^^^^^^^^^^^^^^^^^^^^^^^^^^^
  File "D:\Code\worldquant\app\pipeline\runner.py", line 190, in _wait_for_completion
    raise RuntimeError(f"Simulation failed with status: {status}")
RuntimeError: Simulation failed with status: error
2026-03-20 08:35:23,573 | INFO | app.pipeline.runner | Running generation 2/3
2026-03-20 08:35:23,811 | INFO | app.pipeline.runner | Running generation 3/3
2026-03-20 08:35:24,045 | INFO | app.pipeline.runner | Preparing simulation template=mean_reversion expression=zscore(group_neutralize((eps - ts_mean(eps, 40)), sector))
2026-03-20 08:35:24,046 | INFO | events | preparing template=mean_reversion expression=zscore(group_neutralize((eps - ts_mean(eps, 40)), sector))
2026-03-20 08:35:24,562 | INFO | app.api.clients | Simulation submitted simulation_id=3oxxq84YS4zzbXL1082mu6Pb expression=zscore(group_neutralize((eps - ts_mean(eps, 40)), sector))
2026-03-20 08:35:24,562 | INFO | app.pipeline.runner | Simulation accepted template=mean_reversion simulation_id=3oxxq84YS4zzbXL1082mu6Pb
2026-03-20 08:37:05,692 | INFO | events | completed alpha_id=1075 status=complete sharpe=0.0800 fitness=0.0200
2026-03-20 08:37:05,693 | INFO | app.pipeline.runner | Simulation completed simulation_id=3oxxq84YS4zzbXL1082mu6Pb alpha_id=omva2GoE sharpe=0.0800 fitness=0.0200 returns=0.0056 drawdown=0.1089
2026-03-20 08:37:05,693 | INFO | app.pipeline.runner | Cycle 70 complete: submitted=15.0 complete=1.0 best=0.0 avg_reward=-2.6644
2026-03-20 08:37:10,694 | INFO | app.pipeline.runner | Starting mining cycle 71/999999
2026-03-20 08:37:10,698 | INFO | app.pipeline.runner | Running generation 1/3
2026-03-20 08:37:10,908 | INFO | app.pipeline.runner | Preparing simulation template=breakout expression=rank(((low - ts_min(low, 120)) / (1 + (ts_max(low, 120) - ts_min(low, 120)))))
2026-03-20 08:37:10,908 | INFO | events | preparing template=breakout expression=rank(((low - ts_min(low, 120)) / (1 + (ts_max(low, 120) - ts_min(low, 120)))))
2026-03-20 08:37:11,157 | INFO | app.api.clients | Simulation submitted simulation_id=4guOWmf8v5ax9TxmBLnQQLY expression=rank(((low - ts_min(low, 120)) / (1 + (ts_max(low, 120) - ts_min(low, 120)))))
2026-03-20 08:37:11,158 | INFO | app.pipeline.runner | Simulation accepted template=breakout simulation_id=4guOWmf8v5ax9TxmBLnQQLY
2026-03-20 08:37:12,171 | ERROR | app.pipeline.runner | Simulation failed for candidate rank(((low - ts_min(low, 120)) / (1 + (ts_max(low, 120) - ts_min(low, 120)))))
Traceback (most recent call last):
  File "D:\Code\worldquant\app\pipeline\runner.py", line 150, in _process_candidate
    terminal = self._wait_for_completion(handle.simulation_id)
               ^^^^^^^^^^^^^^^^^^^^^^^^^^^^^^^^^^^^^^^^^^^^^^^
  File "D:\Code\worldquant\app\pipeline\runner.py", line 190, in _wait_for_completion
    raise RuntimeError(f"Simulation failed with status: {status}")
RuntimeError: Simulation failed with status: error
2026-03-20 08:37:12,173 | INFO | app.pipeline.runner | Running generation 2/3
2026-03-20 08:37:12,427 | INFO | app.pipeline.runner | Running generation 3/3
2026-03-20 08:37:12,712 | INFO | app.pipeline.runner | Cycle 71 complete: submitted=15.0 complete=0.0 best=0.0 avg_reward=-2.9333
2026-03-20 08:37:17,714 | INFO | app.pipeline.runner | Starting mining cycle 72/999999
2026-03-20 08:37:17,721 | INFO | app.pipeline.runner | Running generation 1/3
2026-03-20 08:37:17,883 | INFO | app.pipeline.runner | Preparing simulation template=price_volume_divergence expression=rank((ts_delta(close, 10) - ts_decay_linear(ts_delta(volume, 10), 3)))
2026-03-20 08:37:17,884 | INFO | events | preparing template=price_volume_divergence expression=rank((ts_delta(close, 10) - ts_decay_linear(ts_delta(volume, 10), 3)))
2026-03-20 08:37:18,176 | INFO | app.api.clients | Simulation submitted simulation_id=1e0SCR9jo4iq9IgIFcVcVoi expression=rank((ts_delta(close, 10) - ts_decay_linear(ts_delta(volume, 10), 3)))
2026-03-20 08:37:18,177 | INFO | app.pipeline.runner | Simulation accepted template=price_volume_divergence simulation_id=1e0SCR9jo4iq9IgIFcVcVoi
2026-03-20 08:47:51,823 | ERROR | app.pipeline.runner | Simulation failed for candidate rank((ts_delta(close, 10) - ts_decay_linear(ts_delta(volume, 10), 3)))
Traceback (most recent call last):
  File "D:\Code\worldquant\app\pipeline\runner.py", line 150, in _process_candidate
    terminal = self._wait_for_completion(handle.simulation_id)
               ^^^^^^^^^^^^^^^^^^^^^^^^^^^^^^^^^^^^^^^^^^^^^^^
  File "D:\Code\worldquant\app\pipeline\runner.py", line 192, in _wait_for_completion
    raise TimeoutError(f"Simulation {simulation_id} timed out")
TimeoutError: Simulation 1e0SCR9jo4iq9IgIFcVcVoi timed out
2026-03-20 08:47:51,862 | INFO | app.pipeline.runner | Running generation 2/3
2026-03-20 08:47:52,087 | INFO | app.pipeline.runner | Running generation 3/3
2026-03-20 08:47:52,280 | INFO | app.pipeline.runner | Preparing simulation template=volatility_reversion expression=ts_rank(((vwap - ts_mean(vwap, 40)) / (1 + ts_std_dev(vwap, 40))), 40)
2026-03-20 08:47:52,280 | INFO | events | preparing template=volatility_reversion expression=ts_rank(((vwap - ts_mean(vwap, 40)) / (1 + ts_std_dev(vwap, 40))), 40)
2026-03-20 08:47:52,527 | INFO | app.api.clients | Simulation submitted simulation_id=1qIuRq9HG4w69D4Rkvie9of expression=ts_rank(((vwap - ts_mean(vwap, 40)) / (1 + ts_std_dev(vwap, 40))), 40)
2026-03-20 08:47:52,528 | INFO | app.pipeline.runner | Simulation accepted template=volatility_reversion simulation_id=1qIuRq9HG4w69D4Rkvie9of
2026-03-20 08:49:17,618 | INFO | events | completed alpha_id=1104 status=complete sharpe=-0.9600 fitness=-0.4600
2026-03-20 08:49:17,618 | INFO | app.pipeline.runner | Simulation completed simulation_id=1qIuRq9HG4w69D4Rkvie9of alpha_id=E5bQoXrR sharpe=-0.9600 fitness=-0.4600 returns=-0.0854 drawdown=0.4802
2026-03-20 08:49:17,648 | INFO | app.pipeline.runner | Preparing simulation template=volatility_reversion expression=ts_rank(((eps - ts_mean(eps, 40)) / (1 + ts_std_dev(eps, 40))), 40)
2026-03-20 08:49:17,649 | INFO | events | preparing template=volatility_reversion expression=ts_rank(((eps - ts_mean(eps, 40)) / (1 + ts_std_dev(eps, 40))), 40)
2026-03-20 08:49:17,904 | INFO | app.api.clients | Simulation submitted simulation_id=3C5qRv19J4q29IcMfARqGYS expression=ts_rank(((eps - ts_mean(eps, 40)) / (1 + ts_std_dev(eps, 40))), 40)
2026-03-20 08:49:17,904 | INFO | app.pipeline.runner | Simulation accepted template=volatility_reversion simulation_id=3C5qRv19J4q29IcMfARqGYS
2026-03-20 08:50:37,756 | INFO | events | completed alpha_id=1105 status=complete sharpe=-0.4200 fitness=-0.1200
2026-03-20 08:50:37,757 | INFO | app.pipeline.runner | Simulation completed simulation_id=3C5qRv19J4q29IcMfARqGYS alpha_id=WjdlKm3x sharpe=-0.4200 fitness=-0.1200 returns=-0.0098 drawdown=0.0717
2026-03-20 08:50:37,758 | INFO | app.pipeline.runner | Cycle 72 complete: submitted=15.0 complete=2.0 best=0.0 avg_reward=-2.5877
2026-03-20 08:50:42,758 | INFO | app.pipeline.runner | Starting mining cycle 73/999999
2026-03-20 08:50:42,767 | INFO | app.pipeline.runner | Running generation 1/3
2026-03-20 08:50:43,004 | INFO | app.pipeline.runner | Running generation 2/3
2026-03-20 08:50:43,221 | INFO | app.pipeline.runner | Preparing simulation template=volatility_reversion expression=rank(((vwap - ts_mean(vwap, 20)) / (1 + ts_std_dev(vwap, 20))))
2026-03-20 08:50:43,222 | INFO | events | preparing template=volatility_reversion expression=rank(((vwap - ts_mean(vwap, 20)) / (1 + ts_std_dev(vwap, 20))))
2026-03-20 08:50:43,481 | INFO | app.api.clients | Simulation submitted simulation_id=3krHMCh0J4Mn90OywbXVE9i expression=rank(((vwap - ts_mean(vwap, 20)) / (1 + ts_std_dev(vwap, 20))))
2026-03-20 08:50:43,483 | INFO | app.pipeline.runner | Simulation accepted template=volatility_reversion simulation_id=3krHMCh0J4Mn90OywbXVE9i
2026-03-20 08:52:29,310 | INFO | events | completed alpha_id=1114 status=complete sharpe=-1.2800 fitness=-0.7900
2026-03-20 08:52:29,311 | INFO | app.pipeline.runner | Simulation completed simulation_id=3krHMCh0J4Mn90OywbXVE9i alpha_id=RRYe0qW1 sharpe=-1.2800 fitness=-0.7900 returns=-0.1324 drawdown=0.7006
2026-03-20 08:52:29,357 | INFO | app.pipeline.runner | Running generation 3/3
2026-03-20 08:52:29,583 | INFO | app.pipeline.runner | Cycle 73 complete: submitted=15.0 complete=1.0 best=0.0 avg_reward=-2.8619
2026-03-20 08:52:34,585 | INFO | app.pipeline.runner | Starting mining cycle 74/999999
2026-03-20 08:52:34,594 | INFO | app.pipeline.runner | Running generation 1/3
2026-03-20 08:52:34,854 | INFO | app.pipeline.runner | Running generation 2/3
2026-03-20 08:52:35,088 | INFO | app.pipeline.runner | Running generation 3/3
2026-03-20 08:52:35,305 | INFO | app.pipeline.runner | Preparing simulation template=mean_reversion expression=rank(group_neutralize((returns - ts_mean(returns, 60)), industry))
2026-03-20 08:52:35,305 | INFO | events | preparing template=mean_reversion expression=rank(group_neutralize((returns - ts_mean(returns, 60)), industry))
2026-03-20 08:52:35,548 | INFO | app.api.clients | Simulation submitted simulation_id=3oaTj4d458ccMdNf3vMGkA expression=rank(group_neutralize((returns - ts_mean(returns, 60)), industry))
2026-03-20 08:52:35,550 | INFO | app.pipeline.runner | Simulation accepted template=mean_reversion simulation_id=3oaTj4d458ccMdNf3vMGkA
2026-03-20 08:54:01,879 | INFO | events | completed alpha_id=1135 status=complete sharpe=-1.1600 fitness=-0.3500
2026-03-20 08:54:01,880 | INFO | app.pipeline.runner | Simulation completed simulation_id=3oaTj4d458ccMdNf3vMGkA alpha_id=gJKa7PNv sharpe=-1.1600 fitness=-0.3500 returns=-0.1195 drawdown=0.6232
2026-03-20 08:54:01,881 | INFO | app.pipeline.runner | Cycle 74 complete: submitted=15.0 complete=1.0 best=0.0 avg_reward=-2.8403
2026-03-20 08:54:06,882 | INFO | app.pipeline.runner | Starting mining cycle 75/999999
2026-03-20 08:54:06,892 | INFO | app.pipeline.runner | Running generation 1/3
2026-03-20 08:54:07,127 | INFO | app.pipeline.runner | Running generation 2/3
2026-03-20 08:54:07,365 | INFO | app.pipeline.runner | Preparing simulation template=quality_value expression=rank((ts_rank((high / (1 + cashflow)), 10) - ts_rank(cashflow, 10)))
2026-03-20 08:54:07,366 | INFO | events | preparing template=quality_value expression=rank((ts_rank((high / (1 + cashflow)), 10) - ts_rank(cashflow, 10)))
2026-03-20 08:54:07,628 | INFO | app.api.clients | Simulation submitted simulation_id=2FeNlN5PV56tanpELCjfAoJ expression=rank((ts_rank((high / (1 + cashflow)), 10) - ts_rank(cashflow, 10)))
2026-03-20 08:54:07,629 | INFO | app.pipeline.runner | Simulation accepted template=quality_value simulation_id=2FeNlN5PV56tanpELCjfAoJ
2026-03-20 08:56:12,600 | INFO | events | completed alpha_id=1145 status=complete sharpe=-1.1100 fitness=-0.2900
2026-03-20 08:56:12,601 | INFO | app.pipeline.runner | Simulation completed simulation_id=2FeNlN5PV56tanpELCjfAoJ alpha_id=Gr6mEoaQ sharpe=-1.1100 fitness=-0.2900 returns=-0.0411 drawdown=0.2511
2026-03-20 08:56:12,601 | INFO | app.pipeline.runner | Running generation 3/3
2026-03-20 08:56:12,754 | INFO | app.pipeline.runner | Preparing simulation template=mean_reversion expression=zscore(group_neutralize((eps - ts_mean(eps, 10)), subindustry))
2026-03-20 08:56:12,754 | INFO | events | preparing template=mean_reversion expression=zscore(group_neutralize((eps - ts_mean(eps, 10)), subindustry))
2026-03-20 08:56:13,306 | INFO | app.api.clients | Simulation submitted simulation_id=1V9pU3dYg56s8Qk4cwv3zWg expression=zscore(group_neutralize((eps - ts_mean(eps, 10)), subindustry))
2026-03-20 08:56:13,307 | INFO | app.pipeline.runner | Simulation accepted template=mean_reversion simulation_id=1V9pU3dYg56s8Qk4cwv3zWg
2026-03-20 08:57:28,263 | INFO | events | completed alpha_id=1149 status=complete sharpe=0.0500 fitness=0.0100
2026-03-20 08:57:28,264 | INFO | app.pipeline.runner | Simulation completed simulation_id=1V9pU3dYg56s8Qk4cwv3zWg alpha_id=3qx0gRAP sharpe=0.0500 fitness=0.0100 returns=0.0046 drawdown=0.1533
2026-03-20 08:57:28,311 | INFO | app.pipeline.runner | Cycle 75 complete: submitted=15.0 complete=2.0 best=0.0 avg_reward=-2.6343
2026-03-20 08:57:33,312 | INFO | app.pipeline.runner | Starting mining cycle 76/999999
2026-03-20 08:57:33,319 | INFO | app.pipeline.runner | Running generation 1/3
2026-03-20 08:57:33,564 | INFO | app.pipeline.runner | Running generation 2/3
2026-03-20 08:57:33,836 | INFO | app.pipeline.runner | Running generation 3/3
2026-03-20 08:57:34,082 | INFO | app.pipeline.runner | Cycle 76 complete: submitted=15.0 complete=0.0 best=0.0 avg_reward=-3.0000
2026-03-20 08:57:39,083 | INFO | app.pipeline.runner | Starting mining cycle 77/999999
2026-03-20 08:57:39,090 | INFO | app.pipeline.runner | Running generation 1/3
2026-03-20 08:57:39,325 | INFO | app.pipeline.runner | Running generation 2/3
2026-03-20 08:57:39,525 | INFO | app.pipeline.runner | Preparing simulation template=mean_reversion expression=rank(group_neutralize((eps - ts_mean(eps, 20)), sector))
2026-03-20 08:57:39,525 | INFO | events | preparing template=mean_reversion expression=rank(group_neutralize((eps - ts_mean(eps, 20)), sector))
2026-03-20 08:57:42,226 | INFO | app.api.clients | Simulation submitted simulation_id=3ih8CtgjB4MN999Yv4djuDS expression=rank(group_neutralize((eps - ts_mean(eps, 20)), sector))
2026-03-20 08:57:42,227 | INFO | app.pipeline.runner | Simulation accepted template=mean_reversion simulation_id=3ih8CtgjB4MN999Yv4djuDS
2026-03-20 09:00:23,122 | INFO | events | completed alpha_id=1175 status=complete sharpe=0.2900 fitness=0.0600
2026-03-20 09:00:23,122 | INFO | app.pipeline.runner | Simulation completed simulation_id=3ih8CtgjB4MN999Yv4djuDS alpha_id=d5maebvJ sharpe=0.2900 fitness=0.0600 returns=0.0121 drawdown=0.0629
2026-03-20 09:00:23,123 | INFO | app.pipeline.runner | Running generation 3/3
2026-03-20 09:00:23,326 | INFO | app.pipeline.runner | Preparing simulation template=mean_reversion expression=zscore(group_neutralize((vwap - ts_mean(vwap, 10)), industry))
2026-03-20 09:00:23,327 | INFO | events | preparing template=mean_reversion expression=zscore(group_neutralize((vwap - ts_mean(vwap, 10)), industry))
2026-03-20 09:00:23,806 | INFO | app.api.clients | Simulation submitted simulation_id=diwoke8V5gCaPJWHtu8Sdn expression=zscore(group_neutralize((vwap - ts_mean(vwap, 10)), industry))
2026-03-20 09:00:23,808 | INFO | app.pipeline.runner | Simulation accepted template=mean_reversion simulation_id=diwoke8V5gCaPJWHtu8Sdn
2026-03-20 09:01:32,989 | INFO | events | completed alpha_id=1180 status=complete sharpe=-1.2700 fitness=-0.6800
2026-03-20 09:01:32,990 | INFO | app.pipeline.runner | Simulation completed simulation_id=diwoke8V5gCaPJWHtu8Sdn alpha_id=LL6KOMPn sharpe=-1.2700 fitness=-0.6800 returns=-0.1399 drawdown=0.6927
2026-03-20 09:01:32,991 | INFO | app.pipeline.runner | Cycle 77 complete: submitted=15.0 complete=2.0 best=0.0 avg_reward=-2.6487
2026-03-20 09:01:37,992 | INFO | app.pipeline.runner | Starting mining cycle 78/999999
2026-03-20 09:01:38,004 | INFO | app.pipeline.runner | Running generation 1/3
2026-03-20 09:01:38,238 | INFO | app.pipeline.runner | Running generation 2/3
2026-03-20 09:01:38,428 | INFO | app.pipeline.runner | Preparing simulation template=fundamental_cross expression=rank((ts_rank(returns, 5) - ts_rank(sales, 5)))
2026-03-20 09:01:38,429 | INFO | events | preparing template=fundamental_cross expression=rank((ts_rank(returns, 5) - ts_rank(sales, 5)))
2026-03-20 09:01:38,671 | INFO | app.api.clients | Simulation submitted simulation_id=5zO3WaIH4BTctrFdWbQxUZ expression=rank((ts_rank(returns, 5) - ts_rank(sales, 5)))
2026-03-20 09:01:38,671 | INFO | app.pipeline.runner | Simulation accepted template=fundamental_cross simulation_id=5zO3WaIH4BTctrFdWbQxUZ
2026-03-20 09:03:45,453 | INFO | events | completed alpha_id=1189 status=complete sharpe=-1.1300 fitness=-0.2600
2026-03-20 09:03:45,454 | INFO | app.pipeline.runner | Simulation completed simulation_id=5zO3WaIH4BTctrFdWbQxUZ alpha_id=9qKlgdLK sharpe=-1.1300 fitness=-0.2600 returns=-0.0708 drawdown=0.3896
2026-03-20 09:03:45,506 | INFO | app.pipeline.runner | Running generation 3/3
2026-03-20 09:03:45,726 | INFO | app.pipeline.runner | Preparing simulation template=volatility_reversion expression=zscore(((vwap - ts_mean(vwap, 5)) / (1 + ts_std_dev(vwap, 5))))
2026-03-20 09:03:45,726 | INFO | events | preparing template=volatility_reversion expression=zscore(((vwap - ts_mean(vwap, 5)) / (1 + ts_std_dev(vwap, 5))))
2026-03-20 09:03:46,109 | INFO | app.api.clients | Simulation submitted simulation_id=2SnOeRe9f4E5aZzhzNKiOjy expression=zscore(((vwap - ts_mean(vwap, 5)) / (1 + ts_std_dev(vwap, 5))))
2026-03-20 09:03:46,110 | INFO | app.pipeline.runner | Simulation accepted template=volatility_reversion simulation_id=2SnOeRe9f4E5aZzhzNKiOjy
2026-03-20 09:06:21,164 | INFO | events | completed alpha_id=1195 status=complete sharpe=-1.6800 fitness=-0.7800
2026-03-20 09:06:21,165 | INFO | app.pipeline.runner | Simulation completed simulation_id=2SnOeRe9f4E5aZzhzNKiOjy alpha_id=xAQvXEpm sharpe=-1.6800 fitness=-0.7800 returns=-0.1681 drawdown=0.8389
2026-03-20 09:06:21,165 | INFO | app.pipeline.runner | Cycle 78 complete: submitted=15.0 complete=2.0 best=0.0 avg_reward=-2.7050
2026-03-20 09:06:26,166 | INFO | app.pipeline.runner | Starting mining cycle 79/999999
2026-03-20 09:06:26,177 | INFO | app.pipeline.runner | Running generation 1/3
2026-03-20 09:06:26,453 | INFO | app.pipeline.runner | Running generation 2/3
2026-03-20 09:06:26,640 | INFO | app.pipeline.runner | Preparing simulation template=quality_value expression=rank((ts_rank((book_value / (1 + operating_margin)), 10) - ts_rank(operating_margin, 10)))
2026-03-20 09:06:26,641 | INFO | events | preparing template=quality_value expression=rank((ts_rank((book_value / (1 + operating_margin)), 10) - ts_rank(operating_margin, 10)))
2026-03-20 09:06:26,868 | INFO | app.api.clients | Simulation submitted simulation_id=2QScQX1YW4TT8TCdPpLcjzY expression=rank((ts_rank((book_value / (1 + operating_margin)), 10) - ts_rank(operating_margin, 10)))
2026-03-20 09:06:26,869 | INFO | app.pipeline.runner | Simulation accepted template=quality_value simulation_id=2QScQX1YW4TT8TCdPpLcjzY
2026-03-20 09:06:27,887 | ERROR | app.pipeline.runner | Simulation failed for candidate rank((ts_rank((book_value / (1 + operating_margin)), 10) - ts_rank(operating_margin, 10)))
Traceback (most recent call last):
  File "D:\Code\worldquant\app\pipeline\runner.py", line 150, in _process_candidate
    terminal = self._wait_for_completion(handle.simulation_id)
               ^^^^^^^^^^^^^^^^^^^^^^^^^^^^^^^^^^^^^^^^^^^^^^^
  File "D:\Code\worldquant\app\pipeline\runner.py", line 190, in _wait_for_completion
    raise RuntimeError(f"Simulation failed with status: {status}")
RuntimeError: Simulation failed with status: error
2026-03-20 09:06:27,916 | INFO | app.pipeline.runner | Preparing simulation template=volatility_reversion expression=ts_rank(((vwap - ts_mean(vwap, 5)) / (1 + ts_std_dev(vwap, 5))), 5)
2026-03-20 09:06:27,917 | INFO | events | preparing template=volatility_reversion expression=ts_rank(((vwap - ts_mean(vwap, 5)) / (1 + ts_std_dev(vwap, 5))), 5)
2026-03-20 09:06:28,874 | INFO | app.api.clients | Simulation submitted simulation_id=fshc9bZg4Rjb7lG30VEHV7 expression=ts_rank(((vwap - ts_mean(vwap, 5)) / (1 + ts_std_dev(vwap, 5))), 5)
2026-03-20 09:06:28,875 | INFO | app.pipeline.runner | Simulation accepted template=volatility_reversion simulation_id=fshc9bZg4Rjb7lG30VEHV7
2026-03-20 09:08:35,420 | INFO | events | completed alpha_id=1205 status=complete sharpe=-1.0300 fitness=-0.2800
2026-03-20 09:08:35,422 | INFO | app.pipeline.runner | Simulation completed simulation_id=fshc9bZg4Rjb7lG30VEHV7 alpha_id=O0kWK31v sharpe=-1.0300 fitness=-0.2800 returns=-0.0773 drawdown=0.4608
2026-03-20 09:08:35,423 | INFO | app.pipeline.runner | Running generation 3/3
2026-03-20 09:08:35,633 | INFO | app.pipeline.runner | Cycle 79 complete: submitted=15.0 complete=1.0 best=0.0 avg_reward=-2.7674
2026-03-20 09:08:40,634 | INFO | app.pipeline.runner | Starting mining cycle 80/999999
2026-03-20 09:08:40,647 | INFO | app.pipeline.runner | Running generation 1/3
2026-03-20 09:08:40,896 | INFO | app.pipeline.runner | Preparing simulation template=price_volume_divergence expression=ts_decay_linear((ts_delta(close, 10) - ts_decay_linear(ts_delta(adv20, 10), 3)), 10)
2026-03-20 09:08:40,898 | INFO | events | preparing template=price_volume_divergence expression=ts_decay_linear((ts_delta(close, 10) - ts_decay_linear(ts_delta(adv20, 10), 3)), 10)
2026-03-20 09:08:41,136 | INFO | app.api.clients | Simulation submitted simulation_id=1RpSTU2w04Mqbz47tT4tUq4 expression=ts_decay_linear((ts_delta(close, 10) - ts_decay_linear(ts_delta(adv20, 10), 3)), 10)
2026-03-20 09:08:41,138 | INFO | app.pipeline.runner | Simulation accepted template=price_volume_divergence simulation_id=1RpSTU2w04Mqbz47tT4tUq4
2026-03-20 09:19:25,786 | ERROR | app.pipeline.runner | Simulation failed for candidate ts_decay_linear((ts_delta(close, 10) - ts_decay_linear(ts_delta(adv20, 10), 3)), 10)
Traceback (most recent call last):
  File "D:\Code\worldquant\app\pipeline\runner.py", line 150, in _process_candidate
    terminal = self._wait_for_completion(handle.simulation_id)
               ^^^^^^^^^^^^^^^^^^^^^^^^^^^^^^^^^^^^^^^^^^^^^^^
  File "D:\Code\worldquant\app\pipeline\runner.py", line 192, in _wait_for_completion
    raise TimeoutError(f"Simulation {simulation_id} timed out")
TimeoutError: Simulation 1RpSTU2w04Mqbz47tT4tUq4 timed out
2026-03-20 09:19:25,788 | INFO | app.pipeline.runner | Running generation 2/3
2026-03-20 09:19:26,034 | INFO | app.pipeline.runner | Running generation 3/3
2026-03-20 09:19:26,235 | INFO | app.pipeline.runner | Preparing simulation template=quality_value expression=rank((ts_rank((eps / (1 + sales)), 10) - ts_rank(sales, 10)))
2026-03-20 09:19:26,235 | INFO | events | preparing template=quality_value expression=rank((ts_rank((eps / (1 + sales)), 10) - ts_rank(sales, 10)))
2026-03-20 09:19:26,482 | INFO | app.api.clients | Simulation submitted simulation_id=1BVkiR2nW4iUauMsCXoInuj expression=rank((ts_rank((eps / (1 + sales)), 10) - ts_rank(sales, 10)))
2026-03-20 09:19:26,483 | INFO | app.pipeline.runner | Simulation accepted template=quality_value simulation_id=1BVkiR2nW4iUauMsCXoInuj
2026-03-20 09:21:38,929 | INFO | events | completed alpha_id=1224 status=complete sharpe=0.6700 fitness=0.2500
2026-03-20 09:21:38,930 | INFO | app.pipeline.runner | Simulation completed simulation_id=1BVkiR2nW4iUauMsCXoInuj alpha_id=2rR5qNw5 sharpe=0.6700 fitness=0.2500 returns=0.0471 drawdown=0.0643
2026-03-20 09:21:38,963 | INFO | app.pipeline.runner | Preparing simulation template=quality_value expression=rank((ts_rank((returns / (1 + book_value)), 60) - ts_rank(book_value, 60)))
2026-03-20 09:21:38,964 | INFO | events | preparing template=quality_value expression=rank((ts_rank((returns / (1 + book_value)), 60) - ts_rank(book_value, 60)))
2026-03-20 09:21:39,432 | INFO | app.api.clients | Simulation submitted simulation_id=2Uc3T2Ss4x5b0P4gop0IHg expression=rank((ts_rank((returns / (1 + book_value)), 60) - ts_rank(book_value, 60)))
2026-03-20 09:21:39,433 | INFO | app.pipeline.runner | Simulation accepted template=quality_value simulation_id=2Uc3T2Ss4x5b0P4gop0IHg
2026-03-20 09:21:45,460 | ERROR | app.pipeline.runner | Simulation failed for candidate rank((ts_rank((returns / (1 + book_value)), 60) - ts_rank(book_value, 60)))
Traceback (most recent call last):
  File "D:\Code\worldquant\app\pipeline\runner.py", line 150, in _process_candidate
    terminal = self._wait_for_completion(handle.simulation_id)
               ^^^^^^^^^^^^^^^^^^^^^^^^^^^^^^^^^^^^^^^^^^^^^^^
  File "D:\Code\worldquant\app\pipeline\runner.py", line 190, in _wait_for_completion
    raise RuntimeError(f"Simulation failed with status: {status}")
RuntimeError: Simulation failed with status: error
2026-03-20 09:21:45,461 | INFO | app.pipeline.runner | Cycle 80 complete: submitted=15.0 complete=1.0 best=0.0 avg_reward=-2.6423
2026-03-20 09:21:50,462 | INFO | app.pipeline.runner | Starting mining cycle 81/999999
2026-03-20 09:21:50,474 | INFO | app.pipeline.runner | Running generation 1/3
2026-03-20 09:21:50,695 | INFO | app.pipeline.runner | Preparing simulation template=quality_value expression=zscore((ts_rank((cashflow / (1 + sales)), 120) - ts_rank(sales, 120)))
2026-03-20 09:21:50,696 | INFO | events | preparing template=quality_value expression=zscore((ts_rank((cashflow / (1 + sales)), 120) - ts_rank(sales, 120)))
2026-03-20 09:21:50,943 | INFO | app.api.clients | Simulation submitted simulation_id=2hWcTNcKr4qU95onB9OT4Cg expression=zscore((ts_rank((cashflow / (1 + sales)), 120) - ts_rank(sales, 120)))
2026-03-20 09:21:50,944 | INFO | app.pipeline.runner | Simulation accepted template=quality_value simulation_id=2hWcTNcKr4qU95onB9OT4Cg
2026-03-20 09:24:15,283 | INFO | events | completed alpha_id=1230 status=complete sharpe=0.1700 fitness=0.0400
2026-03-20 09:24:15,284 | INFO | app.pipeline.runner | Simulation completed simulation_id=2hWcTNcKr4qU95onB9OT4Cg alpha_id=2rR5qmAJ sharpe=0.1700 fitness=0.0400 returns=0.0064 drawdown=0.0989
2026-03-20 09:24:15,285 | INFO | app.pipeline.runner | Running generation 2/3
2026-03-20 09:24:15,511 | INFO | app.pipeline.runner | Preparing simulation template=fundamental_cross expression=rank((ts_rank(operating_margin, 40) - ts_rank(eps, 40)))
2026-03-20 09:24:15,511 | INFO | events | preparing template=fundamental_cross expression=rank((ts_rank(operating_margin, 40) - ts_rank(eps, 40)))
2026-03-20 09:24:15,762 | INFO | app.api.clients | Simulation submitted simulation_id=31f7ZLgaQ4XA9kn1dxo0p7bF expression=rank((ts_rank(operating_margin, 40) - ts_rank(eps, 40)))
2026-03-20 09:24:15,762 | INFO | app.pipeline.runner | Simulation accepted template=fundamental_cross simulation_id=31f7ZLgaQ4XA9kn1dxo0p7bF
2026-03-20 09:24:32,397 | ERROR | app.pipeline.runner | Simulation failed for candidate rank((ts_rank(operating_margin, 40) - ts_rank(eps, 40)))
Traceback (most recent call last):
  File "D:\Code\worldquant\app\pipeline\runner.py", line 150, in _process_candidate
    terminal = self._wait_for_completion(handle.simulation_id)
               ^^^^^^^^^^^^^^^^^^^^^^^^^^^^^^^^^^^^^^^^^^^^^^^
  File "D:\Code\worldquant\app\pipeline\runner.py", line 190, in _wait_for_completion
    raise RuntimeError(f"Simulation failed with status: {status}")
RuntimeError: Simulation failed with status: error
2026-03-20 09:24:32,430 | INFO | app.pipeline.runner | Preparing simulation template=fundamental_cross expression=zscore((ts_rank(eps, 5) - ts_rank(cashflow, 5)))
2026-03-20 09:24:32,430 | INFO | events | preparing template=fundamental_cross expression=zscore((ts_rank(eps, 5) - ts_rank(cashflow, 5)))
2026-03-20 09:24:33,384 | INFO | app.api.clients | Simulation submitted simulation_id=1MbFXPevt4IEcv8IkXKV7Wm expression=zscore((ts_rank(eps, 5) - ts_rank(cashflow, 5)))
2026-03-20 09:24:33,385 | INFO | app.pipeline.runner | Simulation accepted template=fundamental_cross simulation_id=1MbFXPevt4IEcv8IkXKV7Wm
2026-03-20 09:27:06,643 | INFO | events | completed alpha_id=1235 status=complete sharpe=0.2400 fitness=0.0400
2026-03-20 09:27:06,643 | INFO | app.pipeline.runner | Simulation completed simulation_id=1MbFXPevt4IEcv8IkXKV7Wm alpha_id=gJKaqgvO sharpe=0.2400 fitness=0.0400 returns=0.0227 drawdown=0.1756
2026-03-20 09:27:06,644 | INFO | app.pipeline.runner | Running generation 3/3
2026-03-20 09:27:06,895 | INFO | app.pipeline.runner | Preparing simulation template=mean_reversion expression=rank(group_neutralize((vwap - ts_mean(vwap, 20)), sector))
2026-03-20 09:27:06,895 | INFO | events | preparing template=mean_reversion expression=rank(group_neutralize((vwap - ts_mean(vwap, 20)), sector))
2026-03-20 09:27:07,138 | INFO | app.api.clients | Simulation submitted simulation_id=294Ngj1IA4wubFjifwydbVj expression=rank(group_neutralize((vwap - ts_mean(vwap, 20)), sector))
2026-03-20 09:27:07,139 | INFO | app.pipeline.runner | Simulation accepted template=mean_reversion simulation_id=294Ngj1IA4wubFjifwydbVj
2026-03-20 09:29:01,132 | INFO | events | completed alpha_id=1240 status=complete sharpe=-1.2900 fitness=-0.7800
2026-03-20 09:29:01,133 | INFO | app.pipeline.runner | Simulation completed simulation_id=294Ngj1IA4wubFjifwydbVj alpha_id=Jjm802VO sharpe=-1.2900 fitness=-0.7800 returns=-0.1254 drawdown=0.6623
2026-03-20 09:29:01,133 | INFO | app.pipeline.runner | Cycle 81 complete: submitted=15.0 complete=3.0 best=0.0 avg_reward=-2.3837
2026-03-20 09:29:06,134 | INFO | app.pipeline.runner | Starting mining cycle 82/999999
2026-03-20 09:29:06,139 | INFO | app.pipeline.runner | Running generation 1/3
2026-03-20 09:29:06,404 | INFO | app.pipeline.runner | Running generation 2/3
2026-03-20 09:29:06,605 | INFO | app.pipeline.runner | Preparing simulation template=momentum expression=ts_rank((ts_rank(eps, 10) - ts_rank(eps, 20)), 10)
2026-03-20 09:29:06,606 | INFO | events | preparing template=momentum expression=ts_rank((ts_rank(eps, 10) - ts_rank(eps, 20)), 10)
2026-03-20 09:29:06,948 | INFO | app.api.clients | Simulation submitted simulation_id=9iuMZ4pS4YBauJ19o9Uz9w8 expression=ts_rank((ts_rank(eps, 10) - ts_rank(eps, 20)), 10)
2026-03-20 09:29:06,950 | INFO | app.pipeline.runner | Simulation accepted template=momentum simulation_id=9iuMZ4pS4YBauJ19o9Uz9w8
2026-03-20 09:30:42,860 | INFO | events | completed alpha_id=1249 status=complete sharpe=0.8700 fitness=0.2900
2026-03-20 09:30:42,861 | INFO | app.pipeline.runner | Simulation completed simulation_id=9iuMZ4pS4YBauJ19o9Uz9w8 alpha_id=Wjdlwrkd sharpe=0.8700 fitness=0.2900 returns=0.0276 drawdown=0.0612
2026-03-20 09:30:42,909 | INFO | app.pipeline.runner | Running generation 3/3
2026-03-20 09:30:43,145 | INFO | app.pipeline.runner | Cycle 82 complete: submitted=15.0 complete=1.0 best=0.0 avg_reward=-2.7700
2026-03-20 09:30:48,146 | INFO | app.pipeline.runner | Starting mining cycle 83/999999
2026-03-20 09:30:48,153 | INFO | app.pipeline.runner | Running generation 1/3
2026-03-20 09:30:48,399 | INFO | app.pipeline.runner | Running generation 2/3
2026-03-20 09:30:48,545 | INFO | app.pipeline.runner | Preparing simulation template=mean_reversion expression=zscore(group_neutralize((vwap - ts_mean(vwap, 20)), industry))
2026-03-20 09:30:48,546 | INFO | events | preparing template=mean_reversion expression=zscore(group_neutralize((vwap - ts_mean(vwap, 20)), industry))
2026-03-20 09:30:48,777 | INFO | app.api.clients | Simulation submitted simulation_id=mnomb1Uf4HBcpVyZDJIxxR expression=zscore(group_neutralize((vwap - ts_mean(vwap, 20)), industry))
2026-03-20 09:30:48,777 | INFO | app.pipeline.runner | Simulation accepted template=mean_reversion simulation_id=mnomb1Uf4HBcpVyZDJIxxR
2026-03-20 09:32:09,008 | INFO | events | completed alpha_id=1264 status=complete sharpe=-1.1800 fitness=-0.7500
2026-03-20 09:32:09,009 | INFO | app.pipeline.runner | Simulation completed simulation_id=mnomb1Uf4HBcpVyZDJIxxR alpha_id=wp1owr3d sharpe=-1.1800 fitness=-0.7500 returns=-0.1329 drawdown=0.6702
2026-03-20 09:32:09,058 | INFO | app.pipeline.runner | Running generation 3/3
2026-03-20 09:32:09,321 | INFO | app.pipeline.runner | Cycle 83 complete: submitted=15.0 complete=1.0 best=0.0 avg_reward=-2.8581
2026-03-20 09:32:14,322 | INFO | app.pipeline.runner | Starting mining cycle 84/999999
2026-03-20 09:32:14,332 | INFO | app.pipeline.runner | Running generation 1/3
2026-03-20 09:32:14,595 | INFO | app.pipeline.runner | Running generation 2/3
2026-03-20 09:32:14,840 | INFO | app.pipeline.runner | Running generation 3/3
2026-03-20 09:32:15,060 | INFO | app.pipeline.runner | Cycle 84 complete: submitted=15.0 complete=0.0 best=0.0 avg_reward=-3.0000
2026-03-20 09:32:20,062 | INFO | app.pipeline.runner | Starting mining cycle 85/999999
2026-03-20 09:32:20,070 | INFO | app.pipeline.runner | Running generation 1/3
2026-03-20 09:32:20,373 | INFO | app.pipeline.runner | Preparing simulation template=volatility_reversion expression=ts_rank(((close - ts_mean(close, 40)) / (1 + ts_std_dev(close, 40))), 40)
2026-03-20 09:32:20,374 | INFO | events | preparing template=volatility_reversion expression=ts_rank(((close - ts_mean(close, 40)) / (1 + ts_std_dev(close, 40))), 40)
2026-03-20 09:32:20,694 | INFO | app.api.clients | Simulation submitted simulation_id=2aVTLkgF255M9mqA58r0AaZ expression=ts_rank(((close - ts_mean(close, 40)) / (1 + ts_std_dev(close, 40))), 40)
2026-03-20 09:32:20,695 | INFO | app.pipeline.runner | Simulation accepted template=volatility_reversion simulation_id=2aVTLkgF255M9mqA58r0AaZ
2026-03-20 09:33:56,470 | INFO | events | completed alpha_id=1290 status=complete sharpe=-1.0900 fitness=-0.5300
2026-03-20 09:33:56,471 | INFO | app.pipeline.runner | Simulation completed simulation_id=2aVTLkgF255M9mqA58r0AaZ alpha_id=1YLW1k6W sharpe=-1.0900 fitness=-0.5300 returns=-0.0969 drawdown=0.5333
2026-03-20 09:33:56,472 | INFO | app.pipeline.runner | Running generation 2/3
2026-03-20 09:33:56,703 | INFO | app.pipeline.runner | Running generation 3/3
2026-03-20 09:33:56,890 | INFO | app.pipeline.runner | Preparing simulation template=volatility_reversion expression=rank(((close - ts_mean(close, 40)) / (1 + ts_std_dev(close, 40))))
2026-03-20 09:33:56,892 | INFO | events | preparing template=volatility_reversion expression=rank(((close - ts_mean(close, 40)) / (1 + ts_std_dev(close, 40))))
2026-03-20 09:33:57,173 | INFO | app.api.clients | Simulation submitted simulation_id=3BrXsO8KG4rLbOBJYSD3QEc expression=rank(((close - ts_mean(close, 40)) / (1 + ts_std_dev(close, 40))))
2026-03-20 09:33:57,174 | INFO | app.pipeline.runner | Simulation accepted template=volatility_reversion simulation_id=3BrXsO8KG4rLbOBJYSD3QEc
2026-03-20 09:36:25,746 | INFO | events | completed alpha_id=1299 status=complete sharpe=-1.1200 fitness=-0.7600
2026-03-20 09:36:25,747 | INFO | app.pipeline.runner | Simulation completed simulation_id=3BrXsO8KG4rLbOBJYSD3QEc alpha_id=d5magLVx sharpe=-1.1200 fitness=-0.7600 returns=-0.1251 drawdown=0.6791
2026-03-20 09:36:25,798 | INFO | app.pipeline.runner | Cycle 85 complete: submitted=15.0 complete=2.0 best=0.0 avg_reward=-2.7037
2026-03-20 09:36:30,800 | INFO | app.pipeline.runner | Starting mining cycle 86/999999
2026-03-20 09:36:30,805 | INFO | app.pipeline.runner | Running generation 1/3
2026-03-20 09:36:30,993 | INFO | app.pipeline.runner | Preparing simulation template=volatility_reversion expression=zscore(((vwap - ts_mean(vwap, 60)) / (1 + ts_std_dev(vwap, 60))))
2026-03-20 09:36:30,993 | INFO | events | preparing template=volatility_reversion expression=zscore(((vwap - ts_mean(vwap, 60)) / (1 + ts_std_dev(vwap, 60))))
2026-03-20 09:36:31,257 | INFO | app.api.clients | Simulation submitted simulation_id=1kEveK7x45aBaeLmwXxws2L expression=zscore(((vwap - ts_mean(vwap, 60)) / (1 + ts_std_dev(vwap, 60))))
2026-03-20 09:36:31,258 | INFO | app.pipeline.runner | Simulation accepted template=volatility_reversion simulation_id=1kEveK7x45aBaeLmwXxws2L
2026-03-20 09:39:04,716 | INFO | events | completed alpha_id=1305 status=complete sharpe=-0.9700 fitness=-0.7300
2026-03-20 09:39:04,716 | INFO | app.pipeline.runner | Simulation completed simulation_id=1kEveK7x45aBaeLmwXxws2L alpha_id=ZYxaqqm1 sharpe=-0.9700 fitness=-0.7300 returns=-0.1268 drawdown=0.7026
2026-03-20 09:39:04,717 | INFO | app.pipeline.runner | Running generation 2/3
2026-03-20 09:39:04,976 | INFO | app.pipeline.runner | Running generation 3/3
2026-03-20 09:39:05,180 | INFO | app.pipeline.runner | Preparing simulation template=volatility_reversion expression=zscore(((vwap - ts_mean(vwap, 20)) / (1 + ts_std_dev(vwap, 20))))
2026-03-20 09:39:05,181 | INFO | events | preparing template=volatility_reversion expression=zscore(((vwap - ts_mean(vwap, 20)) / (1 + ts_std_dev(vwap, 20))))
2026-03-20 09:39:05,441 | INFO | app.api.clients | Simulation submitted simulation_id=4lIkUP5HH55Rbys1eNqYXJYO expression=zscore(((vwap - ts_mean(vwap, 20)) / (1 + ts_std_dev(vwap, 20))))
2026-03-20 09:39:05,442 | INFO | app.pipeline.runner | Simulation accepted template=volatility_reversion simulation_id=4lIkUP5HH55Rbys1eNqYXJYO
2026-03-20 09:40:36,207 | INFO | events | completed alpha_id=1314 status=complete sharpe=-1.2300 fitness=-0.7400
2026-03-20 09:40:36,208 | INFO | app.pipeline.runner | Simulation completed simulation_id=4lIkUP5HH55Rbys1eNqYXJYO alpha_id=aklaMWR1 sharpe=-1.2300 fitness=-0.7400 returns=-0.1405 drawdown=0.7338
2026-03-20 09:40:36,275 | INFO | app.pipeline.runner | Cycle 86 complete: submitted=15.0 complete=2.0 best=0.0 avg_reward=-2.7120
2026-03-20 09:40:41,277 | INFO | app.pipeline.runner | Starting mining cycle 87/999999
2026-03-20 09:40:41,288 | INFO | app.pipeline.runner | Running generation 1/3
2026-03-20 09:40:41,568 | INFO | app.pipeline.runner | Running generation 2/3
2026-03-20 09:40:41,770 | INFO | app.pipeline.runner | Preparing simulation template=mean_reversion expression=rank(group_neutralize((high - ts_mean(high, 5)), industry))
2026-03-20 09:40:41,771 | INFO | events | preparing template=mean_reversion expression=rank(group_neutralize((high - ts_mean(high, 5)), industry))
2026-03-20 09:40:42,131 | INFO | app.api.clients | Simulation submitted simulation_id=3fyv4sc0q4oFbgWMDLbxmvy expression=rank(group_neutralize((high - ts_mean(high, 5)), industry))
2026-03-20 09:40:42,132 | INFO | app.pipeline.runner | Simulation accepted template=mean_reversion simulation_id=3fyv4sc0q4oFbgWMDLbxmvy
2026-03-20 09:43:36,908 | INFO | events | completed alpha_id=1324 status=complete sharpe=-1.7000 fitness=-0.7600
2026-03-20 09:43:36,909 | INFO | app.pipeline.runner | Simulation completed simulation_id=3fyv4sc0q4oFbgWMDLbxmvy alpha_id=npoaY27w sharpe=-1.7000 fitness=-0.7600 returns=-0.1360 drawdown=0.6725
2026-03-20 09:43:36,956 | INFO | app.pipeline.runner | Running generation 3/3
2026-03-20 09:43:37,135 | INFO | app.pipeline.runner | Preparing simulation template=breakout expression=rank(((close - ts_min(close, 5)) / (1 + (ts_max(close, 5) - ts_min(close, 5)))))
2026-03-20 09:43:37,136 | INFO | events | preparing template=breakout expression=rank(((close - ts_min(close, 5)) / (1 + (ts_max(close, 5) - ts_min(close, 5)))))
2026-03-20 09:43:37,803 | INFO | app.api.clients | Simulation submitted simulation_id=17Uw8f1XE4h5afM18DFJyWO6 expression=rank(((close - ts_min(close, 5)) / (1 + (ts_max(close, 5) - ts_min(close, 5)))))
2026-03-20 09:43:37,804 | INFO | app.pipeline.runner | Simulation accepted template=breakout simulation_id=17Uw8f1XE4h5afM18DFJyWO6
2026-03-20 09:43:43,597 | ERROR | app.pipeline.runner | Simulation failed for candidate rank(((close - ts_min(close, 5)) / (1 + (ts_max(close, 5) - ts_min(close, 5)))))
Traceback (most recent call last):
  File "D:\Code\worldquant\app\pipeline\runner.py", line 150, in _process_candidate
    terminal = self._wait_for_completion(handle.simulation_id)
               ^^^^^^^^^^^^^^^^^^^^^^^^^^^^^^^^^^^^^^^^^^^^^^^
  File "D:\Code\worldquant\app\pipeline\runner.py", line 190, in _wait_for_completion
    raise RuntimeError(f"Simulation failed with status: {status}")
RuntimeError: Simulation failed with status: error
2026-03-20 09:43:43,649 | INFO | app.pipeline.runner | Cycle 87 complete: submitted=15.0 complete=1.0 best=0.0 avg_reward=-2.8023
2026-03-20 09:43:48,650 | INFO | app.pipeline.runner | Starting mining cycle 88/999999
2026-03-20 09:43:48,661 | INFO | app.pipeline.runner | Running generation 1/3
2026-03-20 09:43:48,899 | INFO | app.pipeline.runner | Preparing simulation template=fundamental_cross expression=zscore((ts_rank(sales, 60) - ts_rank(book_value, 60)))
2026-03-20 09:43:48,900 | INFO | events | preparing template=fundamental_cross expression=zscore((ts_rank(sales, 60) - ts_rank(book_value, 60)))
2026-03-20 09:43:49,149 | INFO | app.api.clients | Simulation submitted simulation_id=2sqpRuaUe4yhbOM12F2PRnnH expression=zscore((ts_rank(sales, 60) - ts_rank(book_value, 60)))
2026-03-20 09:43:49,149 | INFO | app.pipeline.runner | Simulation accepted template=fundamental_cross simulation_id=2sqpRuaUe4yhbOM12F2PRnnH
2026-03-20 09:43:50,171 | ERROR | app.pipeline.runner | Simulation failed for candidate zscore((ts_rank(sales, 60) - ts_rank(book_value, 60)))
Traceback (most recent call last):
  File "D:\Code\worldquant\app\pipeline\runner.py", line 150, in _process_candidate
    terminal = self._wait_for_completion(handle.simulation_id)
               ^^^^^^^^^^^^^^^^^^^^^^^^^^^^^^^^^^^^^^^^^^^^^^^
  File "D:\Code\worldquant\app\pipeline\runner.py", line 190, in _wait_for_completion
    raise RuntimeError(f"Simulation failed with status: {status}")
RuntimeError: Simulation failed with status: error
2026-03-20 09:43:50,173 | INFO | app.pipeline.runner | Running generation 2/3
2026-03-20 09:43:50,438 | INFO | app.pipeline.runner | Running generation 3/3
2026-03-20 09:43:50,699 | INFO | app.pipeline.runner | Cycle 88 complete: submitted=15.0 complete=0.0 best=0.0 avg_reward=-2.9333
2026-03-20 09:43:55,701 | INFO | app.pipeline.runner | Starting mining cycle 89/999999
2026-03-20 09:43:55,709 | INFO | app.pipeline.runner | Running generation 1/3
2026-03-20 09:43:55,884 | INFO | app.pipeline.runner | Preparing simulation template=breakout expression=ts_rank(((high - ts_min(high, 120)) / (1 + (ts_max(high, 120) - ts_min(high, 120)))), 120)
2026-03-20 09:43:55,885 | INFO | events | preparing template=breakout expression=ts_rank(((high - ts_min(high, 120)) / (1 + (ts_max(high, 120) - ts_min(high, 120)))), 120)
2026-03-20 09:43:56,149 | INFO | app.api.clients | Simulation submitted simulation_id=45ASoSdwK4IuaAZuKRaPQwU expression=ts_rank(((high - ts_min(high, 120)) / (1 + (ts_max(high, 120) - ts_min(high, 120)))), 120)
2026-03-20 09:43:56,150 | INFO | app.pipeline.runner | Simulation accepted template=breakout simulation_id=45ASoSdwK4IuaAZuKRaPQwU
2026-03-20 09:43:57,143 | ERROR | app.pipeline.runner | Simulation failed for candidate ts_rank(((high - ts_min(high, 120)) / (1 + (ts_max(high, 120) - ts_min(high, 120)))), 120)
Traceback (most recent call last):
  File "D:\Code\worldquant\app\pipeline\runner.py", line 150, in _process_candidate
    terminal = self._wait_for_completion(handle.simulation_id)
               ^^^^^^^^^^^^^^^^^^^^^^^^^^^^^^^^^^^^^^^^^^^^^^^
  File "D:\Code\worldquant\app\pipeline\runner.py", line 190, in _wait_for_completion
    raise RuntimeError(f"Simulation failed with status: {status}")
RuntimeError: Simulation failed with status: error
2026-03-20 09:43:57,179 | INFO | app.pipeline.runner | Preparing simulation template=breakout expression=ts_rank(((low - ts_min(low, 20)) / (1 + (ts_max(low, 20) - ts_min(low, 20)))), 20)
2026-03-20 09:43:57,180 | INFO | events | preparing template=breakout expression=ts_rank(((low - ts_min(low, 20)) / (1 + (ts_max(low, 20) - ts_min(low, 20)))), 20)
2026-03-20 09:43:58,115 | INFO | app.api.clients | Simulation submitted simulation_id=13U0jMflz5e79TK1365inoZ2 expression=ts_rank(((low - ts_min(low, 20)) / (1 + (ts_max(low, 20) - ts_min(low, 20)))), 20)
2026-03-20 09:43:58,115 | INFO | app.pipeline.runner | Simulation accepted template=breakout simulation_id=13U0jMflz5e79TK1365inoZ2
2026-03-20 09:44:00,047 | ERROR | app.pipeline.runner | Simulation failed for candidate ts_rank(((low - ts_min(low, 20)) / (1 + (ts_max(low, 20) - ts_min(low, 20)))), 20)
Traceback (most recent call last):
  File "D:\Code\worldquant\app\pipeline\runner.py", line 150, in _process_candidate
    terminal = self._wait_for_completion(handle.simulation_id)
               ^^^^^^^^^^^^^^^^^^^^^^^^^^^^^^^^^^^^^^^^^^^^^^^
  File "D:\Code\worldquant\app\pipeline\runner.py", line 190, in _wait_for_completion
    raise RuntimeError(f"Simulation failed with status: {status}")
RuntimeError: Simulation failed with status: error
2026-03-20 09:44:00,049 | INFO | app.pipeline.runner | Running generation 2/3
2026-03-20 09:44:00,275 | INFO | app.pipeline.runner | Preparing simulation template=breakout expression=ts_rank(((eps - ts_min(eps, 5)) / (1 + (ts_max(eps, 5) - ts_min(eps, 5)))), 5)
2026-03-20 09:44:00,276 | INFO | events | preparing template=breakout expression=ts_rank(((eps - ts_min(eps, 5)) / (1 + (ts_max(eps, 5) - ts_min(eps, 5)))), 5)
2026-03-20 09:44:00,521 | INFO | app.api.clients | Simulation submitted simulation_id=3CV1N52S257V9R41fdMqmNVp expression=ts_rank(((eps - ts_min(eps, 5)) / (1 + (ts_max(eps, 5) - ts_min(eps, 5)))), 5)
2026-03-20 09:44:00,521 | INFO | app.pipeline.runner | Simulation accepted template=breakout simulation_id=3CV1N52S257V9R41fdMqmNVp
2026-03-20 09:44:01,528 | ERROR | app.pipeline.runner | Simulation failed for candidate ts_rank(((eps - ts_min(eps, 5)) / (1 + (ts_max(eps, 5) - ts_min(eps, 5)))), 5)
Traceback (most recent call last):
  File "D:\Code\worldquant\app\pipeline\runner.py", line 150, in _process_candidate
    terminal = self._wait_for_completion(handle.simulation_id)
               ^^^^^^^^^^^^^^^^^^^^^^^^^^^^^^^^^^^^^^^^^^^^^^^
  File "D:\Code\worldquant\app\pipeline\runner.py", line 190, in _wait_for_completion
    raise RuntimeError(f"Simulation failed with status: {status}")
RuntimeError: Simulation failed with status: error
2026-03-20 09:44:01,529 | INFO | app.pipeline.runner | Running generation 3/3
2026-03-20 09:44:01,800 | INFO | app.pipeline.runner | Cycle 89 complete: submitted=15.0 complete=0.0 best=0.0 avg_reward=-2.8000
2026-03-20 09:44:06,801 | INFO | app.pipeline.runner | Starting mining cycle 90/999999
2026-03-20 09:44:06,813 | INFO | app.pipeline.runner | Running generation 1/3
2026-03-20 09:44:07,073 | INFO | app.pipeline.runner | Preparing simulation template=breakout expression=rank(((high - ts_min(high, 60)) / (1 + (ts_max(high, 60) - ts_min(high, 60)))))
2026-03-20 09:44:07,073 | INFO | events | preparing template=breakout expression=rank(((high - ts_min(high, 60)) / (1 + (ts_max(high, 60) - ts_min(high, 60)))))
2026-03-20 09:44:07,314 | INFO | app.api.clients | Simulation submitted simulation_id=1fjxU413K4MoanJJ5HczNtd expression=rank(((high - ts_min(high, 60)) / (1 + (ts_max(high, 60) - ts_min(high, 60)))))
2026-03-20 09:44:07,315 | INFO | app.pipeline.runner | Simulation accepted template=breakout simulation_id=1fjxU413K4MoanJJ5HczNtd
2026-03-20 09:44:13,562 | ERROR | app.pipeline.runner | Simulation failed for candidate rank(((high - ts_min(high, 60)) / (1 + (ts_max(high, 60) - ts_min(high, 60)))))
Traceback (most recent call last):
  File "D:\Code\worldquant\app\pipeline\runner.py", line 150, in _process_candidate
    terminal = self._wait_for_completion(handle.simulation_id)
               ^^^^^^^^^^^^^^^^^^^^^^^^^^^^^^^^^^^^^^^^^^^^^^^
  File "D:\Code\worldquant\app\pipeline\runner.py", line 190, in _wait_for_completion
    raise RuntimeError(f"Simulation failed with status: {status}")
RuntimeError: Simulation failed with status: error
2026-03-20 09:44:13,633 | INFO | app.pipeline.runner | Running generation 2/3
2026-03-20 09:44:13,877 | INFO | app.pipeline.runner | Running generation 3/3
2026-03-20 09:44:14,127 | INFO | app.pipeline.runner | Cycle 90 complete: submitted=15.0 complete=0.0 best=0.0 avg_reward=-2.9333
2026-03-20 09:44:19,129 | INFO | app.pipeline.runner | Starting mining cycle 91/999999
2026-03-20 09:44:19,138 | INFO | app.pipeline.runner | Running generation 1/3
2026-03-20 09:44:19,357 | INFO | app.pipeline.runner | Preparing simulation template=price_volume_divergence expression=zscore((ts_delta(vwap, 5) - ts_decay_linear(ts_delta(volume, 5), 5)))
2026-03-20 09:44:19,358 | INFO | events | preparing template=price_volume_divergence expression=zscore((ts_delta(vwap, 5) - ts_decay_linear(ts_delta(volume, 5), 5)))
2026-03-20 09:44:19,598 | INFO | app.api.clients | Simulation submitted simulation_id=2XAsxh8HP4rDa2g6y7x6rtg expression=zscore((ts_delta(vwap, 5) - ts_decay_linear(ts_delta(volume, 5), 5)))
2026-03-20 09:44:19,598 | INFO | app.pipeline.runner | Simulation accepted template=price_volume_divergence simulation_id=2XAsxh8HP4rDa2g6y7x6rtg
2026-03-20 09:49:25,332 | INFO | app.api.clients | WorldQuant login succeeded using basic auth
2026-03-20 09:54:51,660 | ERROR | app.pipeline.runner | Simulation failed for candidate zscore((ts_delta(vwap, 5) - ts_decay_linear(ts_delta(volume, 5), 5)))
Traceback (most recent call last):
  File "D:\Code\worldquant\app\pipeline\runner.py", line 150, in _process_candidate
    terminal = self._wait_for_completion(handle.simulation_id)
               ^^^^^^^^^^^^^^^^^^^^^^^^^^^^^^^^^^^^^^^^^^^^^^^
  File "D:\Code\worldquant\app\pipeline\runner.py", line 192, in _wait_for_completion
    raise TimeoutError(f"Simulation {simulation_id} timed out")
TimeoutError: Simulation 2XAsxh8HP4rDa2g6y7x6rtg timed out
2026-03-20 09:54:51,662 | INFO | app.pipeline.runner | Running generation 2/3
2026-03-20 09:54:51,931 | INFO | app.pipeline.runner | Running generation 3/3
2026-03-20 09:54:52,204 | INFO | app.pipeline.runner | Cycle 91 complete: submitted=15.0 complete=0.0 best=0.0 avg_reward=-2.9333
2026-03-20 09:54:57,204 | INFO | app.pipeline.runner | Starting mining cycle 92/999999
2026-03-20 09:54:57,211 | INFO | app.pipeline.runner | Running generation 1/3
2026-03-20 09:54:57,450 | INFO | app.pipeline.runner | Running generation 2/3
2026-03-20 09:54:57,638 | INFO | app.pipeline.runner | Preparing simulation template=mean_reversion expression=rank(group_neutralize((close - ts_mean(close, 10)), sector))
2026-03-20 09:54:57,639 | INFO | events | preparing template=mean_reversion expression=rank(group_neutralize((close - ts_mean(close, 10)), sector))
2026-03-20 09:54:57,888 | INFO | app.api.clients | Simulation submitted simulation_id=48wrIo3184vCaz515r4DYron expression=rank(group_neutralize((close - ts_mean(close, 10)), sector))
2026-03-20 09:54:57,888 | INFO | app.pipeline.runner | Simulation accepted template=mean_reversion simulation_id=48wrIo3184vCaz515r4DYron
2026-03-20 09:56:11,562 | INFO | events | completed alpha_id=1399 status=complete sharpe=-1.6700 fitness=-0.9100
2026-03-20 09:56:11,564 | INFO | app.pipeline.runner | Simulation completed simulation_id=48wrIo3184vCaz515r4DYron alpha_id=78QYQ728 sharpe=-1.6700 fitness=-0.9100 returns=-0.1568 drawdown=0.7788
2026-03-20 09:56:11,613 | INFO | app.pipeline.runner | Running generation 3/3
2026-03-20 09:56:11,794 | INFO | app.pipeline.runner | Preparing simulation template=fundamental_cross expression=rank((ts_rank(eps, 40) - ts_rank(sales, 40)))
2026-03-20 09:56:11,794 | INFO | events | preparing template=fundamental_cross expression=rank((ts_rank(eps, 40) - ts_rank(sales, 40)))
2026-03-20 09:56:12,040 | INFO | app.api.clients | Simulation submitted simulation_id=1RgeCv54i4B0bOSWGQHEvhb expression=rank((ts_rank(eps, 40) - ts_rank(sales, 40)))
2026-03-20 09:56:12,042 | INFO | app.pipeline.runner | Simulation accepted template=fundamental_cross simulation_id=1RgeCv54i4B0bOSWGQHEvhb
2026-03-20 09:57:33,233 | INFO | events | completed alpha_id=1404 status=complete sharpe=0.2600 fitness=0.0700
2026-03-20 09:57:33,234 | INFO | app.pipeline.runner | Simulation completed simulation_id=1RgeCv54i4B0bOSWGQHEvhb alpha_id=LL6K6awL sharpe=0.2600 fitness=0.0700 returns=0.0099 drawdown=0.0783
2026-03-20 09:57:33,282 | INFO | app.pipeline.runner | Cycle 92 complete: submitted=15.0 complete=2.0 best=0.0 avg_reward=-2.6671
2026-03-20 09:57:38,284 | INFO | app.pipeline.runner | Starting mining cycle 93/999999
2026-03-20 09:57:38,296 | INFO | app.pipeline.runner | Running generation 1/3
2026-03-20 09:57:38,548 | INFO | app.pipeline.runner | Running generation 2/3
2026-03-20 09:57:38,810 | INFO | app.pipeline.runner | Running generation 3/3
2026-03-20 09:57:38,987 | INFO | app.pipeline.runner | Preparing simulation template=price_volume_divergence expression=ts_decay_linear((ts_delta(eps, 10) - ts_decay_linear(ts_delta(adv20, 10), 3)), 10)
2026-03-20 09:57:38,988 | INFO | events | preparing template=price_volume_divergence expression=ts_decay_linear((ts_delta(eps, 10) - ts_decay_linear(ts_delta(adv20, 10), 3)), 10)
2026-03-20 09:57:39,236 | INFO | app.api.clients | Simulation submitted simulation_id=1MEXWXgPk4ZG8AUY7U80YGu expression=ts_decay_linear((ts_delta(eps, 10) - ts_decay_linear(ts_delta(adv20, 10), 3)), 10)
2026-03-20 09:57:39,236 | INFO | app.pipeline.runner | Simulation accepted template=price_volume_divergence simulation_id=1MEXWXgPk4ZG8AUY7U80YGu
2026-03-20 10:08:08,905 | ERROR | app.pipeline.runner | Simulation failed for candidate ts_decay_linear((ts_delta(eps, 10) - ts_decay_linear(ts_delta(adv20, 10), 3)), 10)
Traceback (most recent call last):
  File "D:\Code\worldquant\app\pipeline\runner.py", line 150, in _process_candidate
    terminal = self._wait_for_completion(handle.simulation_id)
               ^^^^^^^^^^^^^^^^^^^^^^^^^^^^^^^^^^^^^^^^^^^^^^^
  File "D:\Code\worldquant\app\pipeline\runner.py", line 192, in _wait_for_completion
    raise TimeoutError(f"Simulation {simulation_id} timed out")
TimeoutError: Simulation 1MEXWXgPk4ZG8AUY7U80YGu timed out
2026-03-20 10:08:08,978 | INFO | app.pipeline.runner | Cycle 93 complete: submitted=15.0 complete=0.0 best=0.0 avg_reward=-2.9333
2026-03-20 10:08:13,980 | INFO | app.pipeline.runner | Starting mining cycle 94/999999
2026-03-20 10:08:13,985 | INFO | app.pipeline.runner | Running generation 1/3
2026-03-20 10:08:14,190 | INFO | app.pipeline.runner | Preparing simulation template=momentum expression=ts_rank((ts_rank(close, 60) - ts_rank(close, 120)), 60)
2026-03-20 10:08:14,191 | INFO | events | preparing template=momentum expression=ts_rank((ts_rank(close, 60) - ts_rank(close, 120)), 60)
2026-03-20 10:08:14,436 | INFO | app.api.clients | Simulation submitted simulation_id=1K0tnye4j54Da9zs6ljolRD expression=ts_rank((ts_rank(close, 60) - ts_rank(close, 120)), 60)
2026-03-20 10:08:14,436 | INFO | app.pipeline.runner | Simulation accepted template=momentum simulation_id=1K0tnye4j54Da9zs6ljolRD
2026-03-20 10:09:29,580 | INFO | events | completed alpha_id=1425 status=complete sharpe=-0.6800 fitness=-0.2500
2026-03-20 10:09:29,580 | INFO | app.pipeline.runner | Simulation completed simulation_id=1K0tnye4j54Da9zs6ljolRD alpha_id=QPj0j0zp sharpe=-0.6800 fitness=-0.2500 returns=-0.0481 drawdown=0.2961
2026-03-20 10:09:29,580 | INFO | app.pipeline.runner | Running generation 2/3
2026-03-20 10:09:29,771 | INFO | app.pipeline.runner | Preparing simulation template=volatility_reversion expression=rank(((book_value - ts_mean(book_value, 120)) / (1 + ts_std_dev(book_value, 120))))
2026-03-20 10:09:29,772 | INFO | events | preparing template=volatility_reversion expression=rank(((book_value - ts_mean(book_value, 120)) / (1 + ts_std_dev(book_value, 120))))
2026-03-20 10:09:30,303 | INFO | app.api.clients | Simulation submitted simulation_id=3OnmPW1eC4zhaPcSsERzFjq expression=rank(((book_value - ts_mean(book_value, 120)) / (1 + ts_std_dev(book_value, 120))))
2026-03-20 10:09:30,304 | INFO | app.pipeline.runner | Simulation accepted template=volatility_reversion simulation_id=3OnmPW1eC4zhaPcSsERzFjq
2026-03-20 10:09:31,282 | ERROR | app.pipeline.runner | Simulation failed for candidate rank(((book_value - ts_mean(book_value, 120)) / (1 + ts_std_dev(book_value, 120))))
Traceback (most recent call last):
  File "D:\Code\worldquant\app\pipeline\runner.py", line 150, in _process_candidate
    terminal = self._wait_for_completion(handle.simulation_id)
               ^^^^^^^^^^^^^^^^^^^^^^^^^^^^^^^^^^^^^^^^^^^^^^^
  File "D:\Code\worldquant\app\pipeline\runner.py", line 190, in _wait_for_completion
    raise RuntimeError(f"Simulation failed with status: {status}")
RuntimeError: Simulation failed with status: error
2026-03-20 10:09:31,325 | INFO | app.pipeline.runner | Running generation 3/3
2026-03-20 10:09:31,564 | INFO | app.pipeline.runner | Cycle 94 complete: submitted=15.0 complete=1.0 best=0.0 avg_reward=-2.7586
2026-03-20 10:09:36,565 | INFO | app.pipeline.runner | Starting mining cycle 95/999999
2026-03-20 10:09:36,576 | INFO | app.pipeline.runner | Running generation 1/3
2026-03-20 10:09:36,832 | INFO | app.pipeline.runner | Preparing simulation template=breakout expression=ts_rank(((low - ts_min(low, 40)) / (1 + (ts_max(low, 40) - ts_min(low, 40)))), 40)
2026-03-20 10:09:36,833 | INFO | events | preparing template=breakout expression=ts_rank(((low - ts_min(low, 40)) / (1 + (ts_max(low, 40) - ts_min(low, 40)))), 40)
2026-03-20 10:09:37,185 | INFO | app.api.clients | Simulation submitted simulation_id=3rgdSG2MB4MR8YMdIu1VBBK expression=ts_rank(((low - ts_min(low, 40)) / (1 + (ts_max(low, 40) - ts_min(low, 40)))), 40)
2026-03-20 10:09:37,186 | INFO | app.pipeline.runner | Simulation accepted template=breakout simulation_id=3rgdSG2MB4MR8YMdIu1VBBK
2026-03-20 10:09:43,303 | ERROR | app.pipeline.runner | Simulation failed for candidate ts_rank(((low - ts_min(low, 40)) / (1 + (ts_max(low, 40) - ts_min(low, 40)))), 40)
Traceback (most recent call last):
  File "D:\Code\worldquant\app\pipeline\runner.py", line 150, in _process_candidate
    terminal = self._wait_for_completion(handle.simulation_id)
               ^^^^^^^^^^^^^^^^^^^^^^^^^^^^^^^^^^^^^^^^^^^^^^^
  File "D:\Code\worldquant\app\pipeline\runner.py", line 190, in _wait_for_completion
    raise RuntimeError(f"Simulation failed with status: {status}")
RuntimeError: Simulation failed with status: error
2026-03-20 10:09:43,333 | INFO | app.pipeline.runner | Preparing simulation template=fundamental_cross expression=zscore((ts_rank(sales, 120) - ts_rank(cashflow, 120)))
2026-03-20 10:09:43,334 | INFO | events | preparing template=fundamental_cross expression=zscore((ts_rank(sales, 120) - ts_rank(cashflow, 120)))
2026-03-20 10:09:44,283 | INFO | app.api.clients | Simulation submitted simulation_id=zaN0L7Mq4sJcoDqQWknyJG expression=zscore((ts_rank(sales, 120) - ts_rank(cashflow, 120)))
2026-03-20 10:09:44,284 | INFO | app.pipeline.runner | Simulation accepted template=fundamental_cross simulation_id=zaN0L7Mq4sJcoDqQWknyJG
2026-03-20 10:12:43,992 | INFO | events | completed alpha_id=1440 status=complete sharpe=-0.0200 fitness=-0.0000
2026-03-20 10:12:43,993 | INFO | app.pipeline.runner | Simulation completed simulation_id=zaN0L7Mq4sJcoDqQWknyJG alpha_id=9qKxxg72 sharpe=-0.0200 fitness=-0.0000 returns=-0.0011 drawdown=0.1218
2026-03-20 10:12:43,993 | INFO | app.pipeline.runner | Running generation 2/3
2026-03-20 10:12:44,222 | INFO | app.pipeline.runner | Running generation 3/3
2026-03-20 10:12:44,500 | INFO | app.pipeline.runner | Cycle 95 complete: submitted=15.0 complete=1.0 best=0.0 avg_reward=-2.7340
2026-03-20 10:12:49,502 | INFO | app.pipeline.runner | Starting mining cycle 96/999999
2026-03-20 10:12:49,513 | INFO | app.pipeline.runner | Running generation 1/3
2026-03-20 10:12:49,741 | INFO | app.pipeline.runner | Preparing simulation template=fundamental_cross expression=rank((ts_rank(sales, 20) - ts_rank(book_value, 20)))
2026-03-20 10:12:49,742 | INFO | events | preparing template=fundamental_cross expression=rank((ts_rank(sales, 20) - ts_rank(book_value, 20)))
2026-03-20 10:12:49,987 | INFO | app.api.clients | Simulation submitted simulation_id=1i79D93kC4pi9e5gVIOy2Sh expression=rank((ts_rank(sales, 20) - ts_rank(book_value, 20)))
2026-03-20 10:12:49,987 | INFO | app.pipeline.runner | Simulation accepted template=fundamental_cross simulation_id=1i79D93kC4pi9e5gVIOy2Sh
2026-03-20 10:12:51,011 | ERROR | app.pipeline.runner | Simulation failed for candidate rank((ts_rank(sales, 20) - ts_rank(book_value, 20)))
Traceback (most recent call last):
  File "D:\Code\worldquant\app\pipeline\runner.py", line 150, in _process_candidate
    terminal = self._wait_for_completion(handle.simulation_id)
               ^^^^^^^^^^^^^^^^^^^^^^^^^^^^^^^^^^^^^^^^^^^^^^^
  File "D:\Code\worldquant\app\pipeline\runner.py", line 190, in _wait_for_completion
    raise RuntimeError(f"Simulation failed with status: {status}")
RuntimeError: Simulation failed with status: error
2026-03-20 10:12:51,012 | INFO | app.pipeline.runner | Running generation 2/3
2026-03-20 10:12:51,246 | INFO | app.pipeline.runner | Running generation 3/3
2026-03-20 10:12:51,484 | INFO | app.pipeline.runner | Preparing simulation template=volatility_reversion expression=ts_rank(((sales - ts_mean(sales, 10)) / (1 + ts_std_dev(sales, 10))), 10)
2026-03-20 10:12:51,485 | INFO | events | preparing template=volatility_reversion expression=ts_rank(((sales - ts_mean(sales, 10)) / (1 + ts_std_dev(sales, 10))), 10)
2026-03-20 10:12:52,002 | INFO | app.api.clients | Simulation submitted simulation_id=1FmDaG6vD5dyaXGYjjIuOCC expression=ts_rank(((sales - ts_mean(sales, 10)) / (1 + ts_std_dev(sales, 10))), 10)
2026-03-20 10:12:52,002 | INFO | app.pipeline.runner | Simulation accepted template=volatility_reversion simulation_id=1FmDaG6vD5dyaXGYjjIuOCC
2026-03-20 10:14:06,561 | INFO | events | completed alpha_id=1465 status=complete sharpe=0.0900 fitness=0.0100
2026-03-20 10:14:06,561 | INFO | app.pipeline.runner | Simulation completed simulation_id=1FmDaG6vD5dyaXGYjjIuOCC alpha_id=2rR5RVN6 sharpe=0.0900 fitness=0.0100 returns=0.0037 drawdown=0.1722
2026-03-20 10:14:06,562 | INFO | app.pipeline.runner | Cycle 96 complete: submitted=15.0 complete=1.0 best=0.0 avg_reward=-2.7314
2026-03-20 10:14:11,570 | INFO | app.pipeline.runner | Starting mining cycle 97/999999
2026-03-20 10:14:11,583 | INFO | app.pipeline.runner | Running generation 1/3
2026-03-20 10:14:11,824 | INFO | app.pipeline.runner | Running generation 2/3
2026-03-20 10:14:12,088 | INFO | app.pipeline.runner | Running generation 3/3
2026-03-20 10:14:12,265 | INFO | app.pipeline.runner | Preparing simulation template=fundamental_cross expression=zscore((ts_rank(vwap, 5) - ts_rank(eps, 5)))
2026-03-20 10:14:12,266 | INFO | events | preparing template=fundamental_cross expression=zscore((ts_rank(vwap, 5) - ts_rank(eps, 5)))
2026-03-20 10:14:12,549 | INFO | app.api.clients | Simulation submitted simulation_id=AgzqpRm5ffbHXV1vZLSHO expression=zscore((ts_rank(vwap, 5) - ts_rank(eps, 5)))
2026-03-20 10:14:12,550 | INFO | app.pipeline.runner | Simulation accepted template=fundamental_cross simulation_id=AgzqpRm5ffbHXV1vZLSHO
2026-03-20 10:15:34,639 | INFO | events | completed alpha_id=1479 status=complete sharpe=-1.7000 fitness=-0.7000
2026-03-20 10:15:34,640 | INFO | app.pipeline.runner | Simulation completed simulation_id=AgzqpRm5ffbHXV1vZLSHO alpha_id=omvavx6v sharpe=-1.7000 fitness=-0.7000 returns=-0.1500 drawdown=0.7910
2026-03-20 10:15:34,674 | INFO | app.pipeline.runner | Preparing simulation template=fundamental_cross expression=rank((ts_rank(returns, 20) - ts_rank(eps, 20)))
2026-03-20 10:15:34,675 | INFO | events | preparing template=fundamental_cross expression=rank((ts_rank(returns, 20) - ts_rank(eps, 20)))
2026-03-20 10:15:35,317 | INFO | app.api.clients | Simulation submitted simulation_id=2H2zvveRC4l8an3zGmssAVL expression=rank((ts_rank(returns, 20) - ts_rank(eps, 20)))
2026-03-20 10:15:35,318 | INFO | app.pipeline.runner | Simulation accepted template=fundamental_cross simulation_id=2H2zvveRC4l8an3zGmssAVL
2026-03-20 10:16:49,772 | INFO | events | completed alpha_id=1480 status=complete sharpe=-1.3900 fitness=-0.3800
2026-03-20 10:16:49,772 | INFO | app.pipeline.runner | Simulation completed simulation_id=2H2zvveRC4l8an3zGmssAVL alpha_id=QPj0lZnr sharpe=-1.3900 fitness=-0.3800 returns=-0.0883 drawdown=0.4607
2026-03-20 10:16:49,772 | INFO | app.pipeline.runner | Cycle 97 complete: submitted=15.0 complete=2.0 best=0.0 avg_reward=-2.7124
2026-03-20 10:16:54,773 | INFO | app.pipeline.runner | Starting mining cycle 98/999999
2026-03-20 10:16:54,784 | INFO | app.pipeline.runner | Running generation 1/3
2026-03-20 10:16:55,031 | INFO | app.pipeline.runner | Running generation 2/3
2026-03-20 10:16:55,251 | INFO | app.pipeline.runner | Preparing simulation template=momentum expression=rank((ts_rank(book_value, 10) - ts_rank(book_value, 60)))
2026-03-20 10:16:55,252 | INFO | events | preparing template=momentum expression=rank((ts_rank(book_value, 10) - ts_rank(book_value, 60)))
2026-03-20 10:16:55,494 | INFO | app.api.clients | Simulation submitted simulation_id=2mYr4T5wa4WabNwaCCiLz8b expression=rank((ts_rank(book_value, 10) - ts_rank(book_value, 60)))
2026-03-20 10:16:55,495 | INFO | app.pipeline.runner | Simulation accepted template=momentum simulation_id=2mYr4T5wa4WabNwaCCiLz8b
2026-03-20 10:16:56,549 | ERROR | app.pipeline.runner | Simulation failed for candidate rank((ts_rank(book_value, 10) - ts_rank(book_value, 60)))
Traceback (most recent call last):
  File "D:\Code\worldquant\app\pipeline\runner.py", line 150, in _process_candidate
    terminal = self._wait_for_completion(handle.simulation_id)
               ^^^^^^^^^^^^^^^^^^^^^^^^^^^^^^^^^^^^^^^^^^^^^^^
  File "D:\Code\worldquant\app\pipeline\runner.py", line 190, in _wait_for_completion
    raise RuntimeError(f"Simulation failed with status: {status}")
RuntimeError: Simulation failed with status: error
2026-03-20 10:16:56,600 | INFO | app.pipeline.runner | Running generation 3/3
2026-03-20 10:16:56,769 | INFO | app.pipeline.runner | Preparing simulation template=mean_reversion expression=rank(group_neutralize((vwap - ts_mean(vwap, 10)), industry))
2026-03-20 10:16:56,771 | INFO | events | preparing template=mean_reversion expression=rank(group_neutralize((vwap - ts_mean(vwap, 10)), industry))
2026-03-20 10:16:57,516 | INFO | app.api.clients | Simulation submitted simulation_id=4f2Dwg2gx4qna7yQITVEUGG expression=rank(group_neutralize((vwap - ts_mean(vwap, 10)), industry))
2026-03-20 10:16:57,517 | INFO | app.pipeline.runner | Simulation accepted template=mean_reversion simulation_id=4f2Dwg2gx4qna7yQITVEUGG
2026-03-20 10:18:22,446 | INFO | events | completed alpha_id=1494 status=complete sharpe=-1.6300 fitness=-0.9200
2026-03-20 10:18:22,446 | INFO | app.pipeline.runner | Simulation completed simulation_id=4f2Dwg2gx4qna7yQITVEUGG alpha_id=vR9AzMYv sharpe=-1.6300 fitness=-0.9200 returns=-0.1422 drawdown=0.7050
2026-03-20 10:18:22,482 | INFO | app.pipeline.runner | Preparing simulation template=fundamental_cross expression=rank((ts_rank(eps, 60) - ts_rank(sales, 60)))
2026-03-20 10:18:22,483 | INFO | events | preparing template=fundamental_cross expression=rank((ts_rank(eps, 60) - ts_rank(sales, 60)))
2026-03-20 10:18:23,107 | INFO | app.api.clients | Simulation submitted simulation_id=4EoYAsgCm50kbu9UAcWSsoH expression=rank((ts_rank(eps, 60) - ts_rank(sales, 60)))
2026-03-20 10:18:23,108 | INFO | app.pipeline.runner | Simulation accepted template=fundamental_cross simulation_id=4EoYAsgCm50kbu9UAcWSsoH
2026-03-20 10:20:32,530 | INFO | events | completed alpha_id=1495 status=complete sharpe=0.1600 fitness=0.0300
2026-03-20 10:20:32,532 | INFO | app.pipeline.runner | Simulation completed simulation_id=4EoYAsgCm50kbu9UAcWSsoH alpha_id=aklaPXJ6 sharpe=0.1600 fitness=0.0300 returns=0.0055 drawdown=0.0772
2026-03-20 10:20:32,534 | INFO | app.pipeline.runner | Cycle 98 complete: submitted=15.0 complete=2.0 best=0.0 avg_reward=-2.6036
2026-03-20 10:20:37,535 | INFO | app.pipeline.runner | Starting mining cycle 99/999999
2026-03-20 10:20:37,544 | INFO | app.pipeline.runner | Running generation 1/3
2026-03-20 10:20:37,801 | INFO | app.pipeline.runner | Running generation 2/3
2026-03-20 10:20:38,014 | INFO | app.pipeline.runner | Preparing simulation template=mean_reversion expression=rank(group_neutralize((book_value - ts_mean(book_value, 60)), industry))
2026-03-20 10:20:38,014 | INFO | events | preparing template=mean_reversion expression=rank(group_neutralize((book_value - ts_mean(book_value, 60)), industry))
2026-03-20 10:20:38,256 | INFO | app.api.clients | Simulation submitted simulation_id=3Qb1eIakd4hocupntztbBNg expression=rank(group_neutralize((book_value - ts_mean(book_value, 60)), industry))
2026-03-20 10:20:38,257 | INFO | app.pipeline.runner | Simulation accepted template=mean_reversion simulation_id=3Qb1eIakd4hocupntztbBNg
2026-03-20 10:20:44,551 | ERROR | app.pipeline.runner | Simulation failed for candidate rank(group_neutralize((book_value - ts_mean(book_value, 60)), industry))
Traceback (most recent call last):
  File "D:\Code\worldquant\app\pipeline\runner.py", line 150, in _process_candidate
    terminal = self._wait_for_completion(handle.simulation_id)
               ^^^^^^^^^^^^^^^^^^^^^^^^^^^^^^^^^^^^^^^^^^^^^^^
  File "D:\Code\worldquant\app\pipeline\runner.py", line 190, in _wait_for_completion
    raise RuntimeError(f"Simulation failed with status: {status}")
RuntimeError: Simulation failed with status: error
2026-03-20 10:20:44,596 | INFO | app.pipeline.runner | Running generation 3/3
2026-03-20 10:20:44,778 | INFO | app.pipeline.runner | Preparing simulation template=fundamental_cross expression=zscore((ts_rank(book_value, 60) - ts_rank(operating_margin, 60)))
2026-03-20 10:20:44,778 | INFO | events | preparing template=fundamental_cross expression=zscore((ts_rank(book_value, 60) - ts_rank(operating_margin, 60)))
2026-03-20 10:20:45,477 | INFO | app.api.clients | Simulation submitted simulation_id=4AxMQJ1WO4rZaiOYs2v1KM4 expression=zscore((ts_rank(book_value, 60) - ts_rank(operating_margin, 60)))
2026-03-20 10:20:45,477 | INFO | app.pipeline.runner | Simulation accepted template=fundamental_cross simulation_id=4AxMQJ1WO4rZaiOYs2v1KM4
2026-03-20 10:21:02,268 | ERROR | app.pipeline.runner | Simulation failed for candidate zscore((ts_rank(book_value, 60) - ts_rank(operating_margin, 60)))
Traceback (most recent call last):
  File "D:\Code\worldquant\app\pipeline\runner.py", line 150, in _process_candidate
    terminal = self._wait_for_completion(handle.simulation_id)
               ^^^^^^^^^^^^^^^^^^^^^^^^^^^^^^^^^^^^^^^^^^^^^^^
  File "D:\Code\worldquant\app\pipeline\runner.py", line 190, in _wait_for_completion
    raise RuntimeError(f"Simulation failed with status: {status}")
RuntimeError: Simulation failed with status: error
2026-03-20 10:21:02,339 | INFO | app.pipeline.runner | Cycle 99 complete: submitted=15.0 complete=0.0 best=0.0 avg_reward=-2.8667
2026-03-20 10:21:07,341 | INFO | app.pipeline.runner | Starting mining cycle 100/999999
2026-03-20 10:21:07,350 | INFO | app.pipeline.runner | Running generation 1/3
2026-03-20 10:21:07,542 | INFO | app.pipeline.runner | Preparing simulation template=fundamental_cross expression=zscore((ts_rank(sales, 20) - ts_rank(book_value, 20)))
2026-03-20 10:21:07,543 | INFO | events | preparing template=fundamental_cross expression=zscore((ts_rank(sales, 20) - ts_rank(book_value, 20)))
2026-03-20 10:21:07,810 | INFO | app.api.clients | Simulation submitted simulation_id=1EIykb1904wN9E11gtbBcmEJ expression=zscore((ts_rank(sales, 20) - ts_rank(book_value, 20)))
2026-03-20 10:21:07,811 | INFO | app.pipeline.runner | Simulation accepted template=fundamental_cross simulation_id=1EIykb1904wN9E11gtbBcmEJ
2026-03-20 10:21:08,805 | ERROR | app.pipeline.runner | Simulation failed for candidate zscore((ts_rank(sales, 20) - ts_rank(book_value, 20)))
Traceback (most recent call last):
  File "D:\Code\worldquant\app\pipeline\runner.py", line 150, in _process_candidate
    terminal = self._wait_for_completion(handle.simulation_id)
               ^^^^^^^^^^^^^^^^^^^^^^^^^^^^^^^^^^^^^^^^^^^^^^^
  File "D:\Code\worldquant\app\pipeline\runner.py", line 190, in _wait_for_completion
    raise RuntimeError(f"Simulation failed with status: {status}")
RuntimeError: Simulation failed with status: error
2026-03-20 10:21:08,843 | INFO | app.pipeline.runner | Preparing simulation template=quality_value expression=zscore((ts_rank((operating_margin / (1 + eps)), 120) - ts_rank(eps, 120)))
2026-03-20 10:21:08,843 | INFO | events | preparing template=quality_value expression=zscore((ts_rank((operating_margin / (1 + eps)), 120) - ts_rank(eps, 120)))
2026-03-20 10:21:09,788 | INFO | app.api.clients | Simulation submitted simulation_id=4fR7GS5tk50Z9I6iACbv8S7 expression=zscore((ts_rank((operating_margin / (1 + eps)), 120) - ts_rank(eps, 120)))
2026-03-20 10:21:09,789 | INFO | app.pipeline.runner | Simulation accepted template=quality_value simulation_id=4fR7GS5tk50Z9I6iACbv8S7
2026-03-20 10:21:26,472 | ERROR | app.pipeline.runner | Simulation failed for candidate zscore((ts_rank((operating_margin / (1 + eps)), 120) - ts_rank(eps, 120)))
Traceback (most recent call last):
  File "D:\Code\worldquant\app\pipeline\runner.py", line 150, in _process_candidate
    terminal = self._wait_for_completion(handle.simulation_id)
               ^^^^^^^^^^^^^^^^^^^^^^^^^^^^^^^^^^^^^^^^^^^^^^^
  File "D:\Code\worldquant\app\pipeline\runner.py", line 190, in _wait_for_completion
    raise RuntimeError(f"Simulation failed with status: {status}")
RuntimeError: Simulation failed with status: error
2026-03-20 10:21:26,474 | INFO | app.pipeline.runner | Running generation 2/3
2026-03-20 10:21:26,734 | INFO | app.pipeline.runner | Running generation 3/3
2026-03-20 10:21:26,997 | INFO | app.pipeline.runner | Cycle 100 complete: submitted=15.0 complete=0.0 best=0.0 avg_reward=-2.8667
2026-03-20 10:21:31,998 | INFO | app.pipeline.runner | Starting mining cycle 101/999999
2026-03-20 10:21:32,010 | INFO | app.pipeline.runner | Running generation 1/3
2026-03-20 10:21:32,251 | INFO | app.pipeline.runner | Running generation 2/3
2026-03-20 10:21:32,493 | INFO | app.pipeline.runner | Running generation 3/3
2026-03-20 10:21:32,668 | INFO | app.pipeline.runner | Preparing simulation template=breakout expression=zscore(((low - ts_min(low, 10)) / (1 + (ts_max(low, 10) - ts_min(low, 10)))))
2026-03-20 10:21:32,669 | INFO | events | preparing template=breakout expression=zscore(((low - ts_min(low, 10)) / (1 + (ts_max(low, 10) - ts_min(low, 10)))))
2026-03-20 10:21:32,931 | INFO | app.api.clients | Simulation submitted simulation_id=43RHjW5Do4U29eJMeuiJQ66 expression=zscore(((low - ts_min(low, 10)) / (1 + (ts_max(low, 10) - ts_min(low, 10)))))
2026-03-20 10:21:32,932 | INFO | app.pipeline.runner | Simulation accepted template=breakout simulation_id=43RHjW5Do4U29eJMeuiJQ66
2026-03-20 10:21:33,988 | ERROR | app.pipeline.runner | Simulation failed for candidate zscore(((low - ts_min(low, 10)) / (1 + (ts_max(low, 10) - ts_min(low, 10)))))
Traceback (most recent call last):
  File "D:\Code\worldquant\app\pipeline\runner.py", line 150, in _process_candidate
    terminal = self._wait_for_completion(handle.simulation_id)
               ^^^^^^^^^^^^^^^^^^^^^^^^^^^^^^^^^^^^^^^^^^^^^^^
  File "D:\Code\worldquant\app\pipeline\runner.py", line 190, in _wait_for_completion
    raise RuntimeError(f"Simulation failed with status: {status}")
RuntimeError: Simulation failed with status: error
2026-03-20 10:21:34,025 | INFO | app.pipeline.runner | Preparing simulation template=volatility_reversion expression=ts_rank(((book_value - ts_mean(book_value, 60)) / (1 + ts_std_dev(book_value, 60))), 60)
2026-03-20 10:21:34,026 | INFO | events | preparing template=volatility_reversion expression=ts_rank(((book_value - ts_mean(book_value, 60)) / (1 + ts_std_dev(book_value, 60))), 60)
2026-03-20 10:21:34,905 | INFO | app.api.clients | Simulation submitted simulation_id=1ShKE9gMu55YapZo3vLhcAY expression=ts_rank(((book_value - ts_mean(book_value, 60)) / (1 + ts_std_dev(book_value, 60))), 60)
2026-03-20 10:21:34,906 | INFO | app.pipeline.runner | Simulation accepted template=volatility_reversion simulation_id=1ShKE9gMu55YapZo3vLhcAY
2026-03-20 10:21:35,941 | ERROR | app.pipeline.runner | Simulation failed for candidate ts_rank(((book_value - ts_mean(book_value, 60)) / (1 + ts_std_dev(book_value, 60))), 60)
Traceback (most recent call last):
  File "D:\Code\worldquant\app\pipeline\runner.py", line 150, in _process_candidate
    terminal = self._wait_for_completion(handle.simulation_id)
               ^^^^^^^^^^^^^^^^^^^^^^^^^^^^^^^^^^^^^^^^^^^^^^^
  File "D:\Code\worldquant\app\pipeline\runner.py", line 190, in _wait_for_completion
    raise RuntimeError(f"Simulation failed with status: {status}")
RuntimeError: Simulation failed with status: error
2026-03-20 10:21:35,942 | INFO | app.pipeline.runner | Cycle 101 complete: submitted=15.0 complete=0.0 best=0.0 avg_reward=-2.8667
2026-03-20 10:21:40,943 | INFO | app.pipeline.runner | Starting mining cycle 102/999999
2026-03-20 10:21:40,955 | INFO | app.pipeline.runner | Running generation 1/3
2026-03-20 10:21:41,130 | INFO | app.pipeline.runner | Preparing simulation template=price_volume_divergence expression=ts_decay_linear((ts_delta(vwap, 20) - ts_decay_linear(ts_delta(volume, 20), 3)), 20)
2026-03-20 10:21:41,131 | INFO | events | preparing template=price_volume_divergence expression=ts_decay_linear((ts_delta(vwap, 20) - ts_decay_linear(ts_delta(volume, 20), 3)), 20)
2026-03-20 10:21:41,436 | INFO | app.api.clients | Simulation submitted simulation_id=2wubXJ2ym5i7auM13kL4kSgH expression=ts_decay_linear((ts_delta(vwap, 20) - ts_decay_linear(ts_delta(volume, 20), 3)), 20)
2026-03-20 10:21:41,437 | INFO | app.pipeline.runner | Simulation accepted template=price_volume_divergence simulation_id=2wubXJ2ym5i7auM13kL4kSgH
2026-03-20 10:32:24,302 | ERROR | app.pipeline.runner | Simulation failed for candidate ts_decay_linear((ts_delta(vwap, 20) - ts_decay_linear(ts_delta(volume, 20), 3)), 20)
Traceback (most recent call last):
  File "D:\Code\worldquant\app\pipeline\runner.py", line 150, in _process_candidate
    terminal = self._wait_for_completion(handle.simulation_id)
               ^^^^^^^^^^^^^^^^^^^^^^^^^^^^^^^^^^^^^^^^^^^^^^^
  File "D:\Code\worldquant\app\pipeline\runner.py", line 192, in _wait_for_completion
    raise TimeoutError(f"Simulation {simulation_id} timed out")
TimeoutError: Simulation 2wubXJ2ym5i7auM13kL4kSgH timed out
2026-03-20 10:32:24,336 | INFO | app.pipeline.runner | Preparing simulation template=fundamental_cross expression=rank((ts_rank(cashflow, 20) - ts_rank(sales, 20)))
2026-03-20 10:32:24,337 | INFO | events | preparing template=fundamental_cross expression=rank((ts_rank(cashflow, 20) - ts_rank(sales, 20)))
2026-03-20 10:32:24,604 | INFO | app.api.clients | Simulation submitted simulation_id=3RDIQ8QK4E2c4Y10DlWemO1 expression=rank((ts_rank(cashflow, 20) - ts_rank(sales, 20)))
2026-03-20 10:32:24,605 | INFO | app.pipeline.runner | Simulation accepted template=fundamental_cross simulation_id=3RDIQ8QK4E2c4Y10DlWemO1
2026-03-20 10:33:51,336 | INFO | events | completed alpha_id=1545 status=complete sharpe=0.6400 fitness=0.2400
2026-03-20 10:33:51,336 | INFO | app.pipeline.runner | Simulation completed simulation_id=3RDIQ8QK4E2c4Y10DlWemO1 alpha_id=le2azN3O sharpe=0.6400 fitness=0.2400 returns=0.0291 drawdown=0.0750
2026-03-20 10:33:51,336 | INFO | app.pipeline.runner | Running generation 2/3
2026-03-20 10:33:51,619 | INFO | app.pipeline.runner | Running generation 3/3
2026-03-20 10:33:51,892 | INFO | app.pipeline.runner | Preparing simulation template=price_volume_divergence expression=rank((ts_delta(vwap, 10) - ts_decay_linear(ts_delta(volume, 10), 3)))
2026-03-20 10:33:51,893 | INFO | events | preparing template=price_volume_divergence expression=rank((ts_delta(vwap, 10) - ts_decay_linear(ts_delta(volume, 10), 3)))
2026-03-20 10:33:52,147 | INFO | app.api.clients | Simulation submitted simulation_id=4hOjA58SL50C9eysgVmxxvP expression=rank((ts_delta(vwap, 10) - ts_decay_linear(ts_delta(volume, 10), 3)))
2026-03-20 10:33:52,148 | INFO | app.pipeline.runner | Simulation accepted template=price_volume_divergence simulation_id=4hOjA58SL50C9eysgVmxxvP
2026-03-20 10:44:29,057 | ERROR | app.pipeline.runner | Simulation failed for candidate rank((ts_delta(vwap, 10) - ts_decay_linear(ts_delta(volume, 10), 3)))
Traceback (most recent call last):
  File "D:\Code\worldquant\app\pipeline\runner.py", line 150, in _process_candidate
    terminal = self._wait_for_completion(handle.simulation_id)
               ^^^^^^^^^^^^^^^^^^^^^^^^^^^^^^^^^^^^^^^^^^^^^^^
  File "D:\Code\worldquant\app\pipeline\runner.py", line 192, in _wait_for_completion
    raise TimeoutError(f"Simulation {simulation_id} timed out")
TimeoutError: Simulation 4hOjA58SL50C9eysgVmxxvP timed out
2026-03-20 10:44:29,058 | INFO | app.pipeline.runner | Cycle 102 complete: submitted=15.0 complete=1.0 best=0.0 avg_reward=-2.6435
2026-03-20 10:44:34,059 | INFO | app.pipeline.runner | Starting mining cycle 103/999999
2026-03-20 10:44:34,066 | INFO | app.pipeline.runner | Running generation 1/3
2026-03-20 10:44:34,291 | INFO | app.pipeline.runner | Running generation 2/3
2026-03-20 10:44:34,461 | INFO | app.pipeline.runner | Preparing simulation template=volatility_reversion expression=ts_rank(((vwap - ts_mean(vwap, 10)) / (1 + ts_std_dev(vwap, 10))), 10)
2026-03-20 10:44:34,461 | INFO | events | preparing template=volatility_reversion expression=ts_rank(((vwap - ts_mean(vwap, 10)) / (1 + ts_std_dev(vwap, 10))), 10)
2026-03-20 10:44:34,717 | INFO | app.api.clients | Simulation submitted simulation_id=38LkxC9pl4wN9KhWb0u9wvG expression=ts_rank(((vwap - ts_mean(vwap, 10)) / (1 + ts_std_dev(vwap, 10))), 10)
2026-03-20 10:44:34,718 | INFO | app.pipeline.runner | Simulation accepted template=volatility_reversion simulation_id=38LkxC9pl4wN9KhWb0u9wvG
2026-03-20 10:46:52,099 | INFO | events | completed alpha_id=1564 status=complete sharpe=-1.7900 fitness=-0.7800
2026-03-20 10:46:52,099 | INFO | app.pipeline.runner | Simulation completed simulation_id=38LkxC9pl4wN9KhWb0u9wvG alpha_id=589Jqwl1 sharpe=-1.7900 fitness=-0.7800 returns=-0.1383 drawdown=0.7303
2026-03-20 10:46:52,146 | INFO | app.pipeline.runner | Running generation 3/3
2026-03-20 10:46:52,322 | INFO | app.pipeline.runner | Preparing simulation template=fundamental_cross expression=rank((ts_rank(book_value, 10) - ts_rank(cashflow, 10)))
2026-03-20 10:46:52,323 | INFO | events | preparing template=fundamental_cross expression=rank((ts_rank(book_value, 10) - ts_rank(cashflow, 10)))
2026-03-20 10:46:52,754 | INFO | app.api.clients | Simulation submitted simulation_id=1IhVyJ8zU4oqawkWn6cqcyC expression=rank((ts_rank(book_value, 10) - ts_rank(cashflow, 10)))
2026-03-20 10:46:52,755 | INFO | app.pipeline.runner | Simulation accepted template=fundamental_cross simulation_id=1IhVyJ8zU4oqawkWn6cqcyC
2026-03-20 10:46:53,754 | ERROR | app.pipeline.runner | Simulation failed for candidate rank((ts_rank(book_value, 10) - ts_rank(cashflow, 10)))
Traceback (most recent call last):
  File "D:\Code\worldquant\app\pipeline\runner.py", line 150, in _process_candidate
    terminal = self._wait_for_completion(handle.simulation_id)
               ^^^^^^^^^^^^^^^^^^^^^^^^^^^^^^^^^^^^^^^^^^^^^^^
  File "D:\Code\worldquant\app\pipeline\runner.py", line 190, in _wait_for_completion
    raise RuntimeError(f"Simulation failed with status: {status}")
RuntimeError: Simulation failed with status: error
2026-03-20 10:46:53,792 | INFO | app.pipeline.runner | Preparing simulation template=fundamental_cross expression=zscore((ts_rank(eps, 120) - ts_rank(sales, 120)))
2026-03-20 10:46:53,792 | INFO | events | preparing template=fundamental_cross expression=zscore((ts_rank(eps, 120) - ts_rank(sales, 120)))
2026-03-20 10:46:54,765 | INFO | app.api.clients | Simulation submitted simulation_id=1LxY8e3Hy4Qzb7vX2bFuHk1 expression=zscore((ts_rank(eps, 120) - ts_rank(sales, 120)))
2026-03-20 10:46:54,766 | INFO | app.pipeline.runner | Simulation accepted template=fundamental_cross simulation_id=1LxY8e3Hy4Qzb7vX2bFuHk1
2026-03-20 10:49:26,646 | INFO | events | completed alpha_id=1570 status=complete sharpe=0.3900 fitness=0.1300
2026-03-20 10:49:26,646 | INFO | app.pipeline.runner | Simulation completed simulation_id=1LxY8e3Hy4Qzb7vX2bFuHk1 alpha_id=npoaOKj8 sharpe=0.3900 fitness=0.1300 returns=0.0146 drawdown=0.0865
2026-03-20 10:49:26,648 | INFO | app.pipeline.runner | Cycle 103 complete: submitted=15.0 complete=2.0 best=0.0 avg_reward=-2.5918
2026-03-20 10:49:31,654 | INFO | app.pipeline.runner | Starting mining cycle 104/999999
2026-03-20 10:49:31,666 | INFO | app.pipeline.runner | Running generation 1/3
2026-03-20 10:49:31,932 | INFO | app.pipeline.runner | Running generation 2/3
2026-03-20 10:49:32,205 | INFO | app.pipeline.runner | Running generation 3/3
2026-03-20 10:49:32,428 | INFO | app.pipeline.runner | Preparing simulation template=momentum expression=ts_rank((ts_rank(eps, 20) - ts_rank(eps, 60)), 20)
2026-03-20 10:49:32,429 | INFO | events | preparing template=momentum expression=ts_rank((ts_rank(eps, 20) - ts_rank(eps, 60)), 20)
2026-03-20 10:49:32,683 | INFO | app.api.clients | Simulation submitted simulation_id=2H5MMo5Ne4mY8TDptarSwB5 expression=ts_rank((ts_rank(eps, 20) - ts_rank(eps, 60)), 20)
2026-03-20 10:49:32,683 | INFO | app.pipeline.runner | Simulation accepted template=momentum simulation_id=2H5MMo5Ne4mY8TDptarSwB5
2026-03-20 10:50:52,563 | INFO | events | completed alpha_id=1585 status=complete sharpe=-0.2000 fitness=-0.0400
2026-03-20 10:50:52,564 | INFO | app.pipeline.runner | Simulation completed simulation_id=2H5MMo5Ne4mY8TDptarSwB5 alpha_id=aklaWK3w sharpe=-0.2000 fitness=-0.0400 returns=-0.0045 drawdown=0.0449
2026-03-20 10:50:52,564 | INFO | app.pipeline.runner | Cycle 104 complete: submitted=15.0 complete=1.0 best=0.0 avg_reward=-2.8058
2026-03-20 10:50:57,565 | INFO | app.pipeline.runner | Starting mining cycle 105/999999
2026-03-20 10:50:57,577 | INFO | app.pipeline.runner | Running generation 1/3
2026-03-20 10:50:57,806 | INFO | app.pipeline.runner | Filtered low-quality candidate template=momentum reason=identity-subtraction expression=rank((ts_rank(returns, 120) - ts_rank(returns, 120)))
2026-03-20 10:50:57,807 | INFO | app.pipeline.runner | Running generation 2/3
2026-03-20 10:50:58,080 | INFO | app.pipeline.runner | Running generation 3/3
2026-03-20 10:50:58,261 | INFO | app.pipeline.runner | Preparing simulation template=momentum expression=ts_rank((ts_rank(eps, 5) - ts_rank(eps, 20)), 5)
2026-03-20 10:50:58,262 | INFO | events | preparing template=momentum expression=ts_rank((ts_rank(eps, 5) - ts_rank(eps, 20)), 5)
2026-03-20 10:50:58,527 | INFO | app.api.clients | Simulation submitted simulation_id=UOtGrdVp58Naqs11rA5YcVE expression=ts_rank((ts_rank(eps, 5) - ts_rank(eps, 20)), 5)
2026-03-20 10:50:58,528 | INFO | app.pipeline.runner | Simulation accepted template=momentum simulation_id=UOtGrdVp58Naqs11rA5YcVE
2026-03-20 10:52:45,938 | INFO | events | completed alpha_id=1599 status=complete sharpe=0.7900 fitness=0.2400
2026-03-20 10:52:45,939 | INFO | app.pipeline.runner | Simulation completed simulation_id=UOtGrdVp58Naqs11rA5YcVE alpha_id=88rNKVxW sharpe=0.7900 fitness=0.2400 returns=0.0283 drawdown=0.0559
2026-03-20 10:52:45,983 | INFO | app.pipeline.runner | Cycle 105 complete: submitted=15.0 complete=1.0 best=0.0 avg_reward=-2.7071
2026-03-20 10:52:50,985 | INFO | app.pipeline.runner | Starting mining cycle 106/999999
2026-03-20 10:52:50,997 | INFO | app.pipeline.runner | Running generation 1/3
2026-03-20 10:52:51,225 | INFO | app.pipeline.runner | Preparing simulation template=quality_value expression=zscore((ts_rank((cashflow / (1 + eps)), 60) - ts_rank(eps, 60)))
2026-03-20 10:52:51,226 | INFO | events | preparing template=quality_value expression=zscore((ts_rank((cashflow / (1 + eps)), 60) - ts_rank(eps, 60)))
2026-03-20 10:52:51,471 | INFO | app.api.clients | Simulation submitted simulation_id=2NL1E5kv4x0bVBClzZbOV6 expression=zscore((ts_rank((cashflow / (1 + eps)), 60) - ts_rank(eps, 60)))
2026-03-20 10:52:51,473 | INFO | app.pipeline.runner | Simulation accepted template=quality_value simulation_id=2NL1E5kv4x0bVBClzZbOV6
2026-03-20 11:03:37,629 | ERROR | app.pipeline.runner | Simulation failed for candidate zscore((ts_rank((cashflow / (1 + eps)), 60) - ts_rank(eps, 60)))
Traceback (most recent call last):
  File "D:\Code\worldquant\app\pipeline\runner.py", line 150, in _process_candidate
    terminal = self._wait_for_completion(handle.simulation_id)
               ^^^^^^^^^^^^^^^^^^^^^^^^^^^^^^^^^^^^^^^^^^^^^^^
  File "D:\Code\worldquant\app\pipeline\runner.py", line 192, in _wait_for_completion
    raise TimeoutError(f"Simulation {simulation_id} timed out")
TimeoutError: Simulation 2NL1E5kv4x0bVBClzZbOV6 timed out
2026-03-20 11:03:37,631 | INFO | app.pipeline.runner | Running generation 2/3
2026-03-20 11:03:37,903 | INFO | app.pipeline.runner | Running generation 3/3
2026-03-20 11:03:38,147 | INFO | app.pipeline.runner | Preparing simulation template=mean_reversion expression=rank(group_neutralize((close - ts_mean(close, 5)), sector))
2026-03-20 11:03:38,148 | INFO | events | preparing template=mean_reversion expression=rank(group_neutralize((close - ts_mean(close, 5)), sector))
2026-03-20 11:03:38,445 | INFO | app.api.clients | Simulation submitted simulation_id=1DSKks9yy4kQ9sn1diG89Bhx expression=rank(group_neutralize((close - ts_mean(close, 5)), sector))
2026-03-20 11:03:38,446 | INFO | app.pipeline.runner | Simulation accepted template=mean_reversion simulation_id=1DSKks9yy4kQ9sn1diG89Bhx
2026-03-20 11:04:49,494 | INFO | events | completed alpha_id=1615 status=complete sharpe=-1.8600 fitness=-0.8600
2026-03-20 11:04:49,495 | INFO | app.pipeline.runner | Simulation completed simulation_id=1DSKks9yy4kQ9sn1diG89Bhx alpha_id=vR9AezLr sharpe=-1.8600 fitness=-0.8600 returns=-0.1646 drawdown=0.8162
2026-03-20 11:04:49,498 | INFO | app.pipeline.runner | Cycle 106 complete: submitted=15.0 complete=1.0 best=0.0 avg_reward=-2.8103
2026-03-20 11:04:54,500 | INFO | app.pipeline.runner | Starting mining cycle 107/999999
2026-03-20 11:04:54,512 | INFO | app.pipeline.runner | Running generation 1/3
2026-03-20 11:04:54,781 | INFO | app.pipeline.runner | Running generation 2/3
2026-03-20 11:04:55,020 | INFO | app.pipeline.runner | Running generation 3/3
2026-03-20 11:04:55,198 | INFO | app.pipeline.runner | Preparing simulation template=mean_reversion expression=rank(group_neutralize((vwap - ts_mean(vwap, 40)), industry))
2026-03-20 11:04:55,199 | INFO | events | preparing template=mean_reversion expression=rank(group_neutralize((vwap - ts_mean(vwap, 40)), industry))
2026-03-20 11:04:55,438 | INFO | app.api.clients | Simulation submitted simulation_id=46NX874kp4qz96b12hPxPD21 expression=rank(group_neutralize((vwap - ts_mean(vwap, 40)), industry))
2026-03-20 11:04:55,439 | INFO | app.pipeline.runner | Simulation accepted template=mean_reversion simulation_id=46NX874kp4qz96b12hPxPD21
2026-03-20 11:07:28,590 | INFO | events | completed alpha_id=1629 status=complete sharpe=-1.1400 fitness=-0.8100
2026-03-20 11:07:28,590 | INFO | app.pipeline.runner | Simulation completed simulation_id=46NX874kp4qz96b12hPxPD21 alpha_id=E5bQgw3P sharpe=-1.1400 fitness=-0.8100 returns=-0.1074 drawdown=0.5773
2026-03-20 11:07:28,695 | INFO | app.pipeline.runner | Cycle 107 complete: submitted=15.0 complete=1.0 best=0.0 avg_reward=-2.8596
2026-03-20 11:07:33,697 | INFO | app.pipeline.runner | Starting mining cycle 108/999999
2026-03-20 11:07:33,711 | INFO | app.pipeline.runner | Running generation 1/3
2026-03-20 11:07:34,332 | INFO | app.pipeline.runner | Preparing simulation template=quality_value expression=rank((ts_rank((eps / (1 + cashflow)), 60) - ts_rank(cashflow, 60)))
2026-03-20 11:07:34,333 | INFO | events | preparing template=quality_value expression=rank((ts_rank((eps / (1 + cashflow)), 60) - ts_rank(cashflow, 60)))
2026-03-20 11:07:34,579 | INFO | app.api.clients | Simulation submitted simulation_id=3bzzXQ80O4lhcdHmTFoNv69 expression=rank((ts_rank((eps / (1 + cashflow)), 60) - ts_rank(cashflow, 60)))
2026-03-20 11:07:34,580 | INFO | app.pipeline.runner | Simulation accepted template=quality_value simulation_id=3bzzXQ80O4lhcdHmTFoNv69
2026-03-20 11:08:48,965 | INFO | events | completed alpha_id=1635 status=complete sharpe=0.1300 fitness=0.0200
2026-03-20 11:08:48,966 | INFO | app.pipeline.runner | Simulation completed simulation_id=3bzzXQ80O4lhcdHmTFoNv69 alpha_id=N16Pgb9X sharpe=0.1300 fitness=0.0200 returns=0.0028 drawdown=0.0417
2026-03-20 11:08:48,966 | INFO | app.pipeline.runner | Running generation 2/3
2026-03-20 11:08:49,203 | INFO | app.pipeline.runner | Running generation 3/3
2026-03-20 11:08:49,458 | INFO | app.pipeline.runner | Cycle 108 complete: submitted=15.0 complete=1.0 best=0.0 avg_reward=-2.7966
2026-03-20 11:08:54,459 | INFO | app.pipeline.runner | Starting mining cycle 109/999999
2026-03-20 11:08:54,472 | INFO | app.pipeline.runner | Running generation 1/3
2026-03-20 11:08:54,728 | INFO | app.pipeline.runner | Running generation 2/3
2026-03-20 11:08:54,903 | INFO | app.pipeline.runner | Preparing simulation template=mean_reversion expression=zscore(group_neutralize((returns - ts_mean(returns, 20)), industry))
2026-03-20 11:08:54,904 | INFO | events | preparing template=mean_reversion expression=zscore(group_neutralize((returns - ts_mean(returns, 20)), industry))
2026-03-20 11:08:55,151 | INFO | app.api.clients | Simulation submitted simulation_id=1azRtU41Z4B0a9AEh17KjO9 expression=zscore(group_neutralize((returns - ts_mean(returns, 20)), industry))
2026-03-20 11:08:55,152 | INFO | app.pipeline.runner | Simulation accepted template=mean_reversion simulation_id=1azRtU41Z4B0a9AEh17KjO9
2026-03-20 11:12:14,788 | INFO | events | completed alpha_id=1654 status=complete sharpe=-0.9500 fitness=-0.3000
2026-03-20 11:12:14,789 | INFO | app.pipeline.runner | Simulation completed simulation_id=1azRtU41Z4B0a9AEh17KjO9 alpha_id=mLAarKV2 sharpe=-0.9500 fitness=-0.3000 returns=-0.1440 drawdown=0.7926
2026-03-20 11:12:14,843 | INFO | app.pipeline.runner | Running generation 3/3
2026-03-20 11:12:15,086 | INFO | app.pipeline.runner | Cycle 109 complete: submitted=15.0 complete=1.0 best=0.0 avg_reward=-2.8344
2026-03-20 11:12:20,088 | INFO | app.pipeline.runner | Starting mining cycle 110/999999
2026-03-20 11:12:20,100 | INFO | app.pipeline.runner | Running generation 1/3
2026-03-20 11:12:20,363 | INFO | app.pipeline.runner | Preparing simulation template=volatility_reversion expression=zscore(((vwap - ts_mean(vwap, 40)) / (1 + ts_std_dev(vwap, 40))))
2026-03-20 11:12:20,364 | INFO | events | preparing template=volatility_reversion expression=zscore(((vwap - ts_mean(vwap, 40)) / (1 + ts_std_dev(vwap, 40))))
2026-03-20 11:12:20,615 | INFO | app.api.clients | Simulation submitted simulation_id=3XN7K76I958rbm09QLKBorU expression=zscore(((vwap - ts_mean(vwap, 40)) / (1 + ts_std_dev(vwap, 40))))
2026-03-20 11:12:20,615 | INFO | app.pipeline.runner | Simulation accepted template=volatility_reversion simulation_id=3XN7K76I958rbm09QLKBorU
2026-03-20 11:14:32,890 | INFO | events | completed alpha_id=1665 status=complete sharpe=-1.0300 fitness=-0.7000
2026-03-20 11:14:32,890 | INFO | app.pipeline.runner | Simulation completed simulation_id=3XN7K76I958rbm09QLKBorU alpha_id=1YLWa27Q sharpe=-1.0300 fitness=-0.7000 returns=-0.1267 drawdown=0.6891
2026-03-20 11:14:32,891 | INFO | app.pipeline.runner | Running generation 2/3
2026-03-20 11:14:33,133 | INFO | app.pipeline.runner | Running generation 3/3
2026-03-20 11:14:33,349 | INFO | app.pipeline.runner | Filtered low-quality candidate template=momentum reason=identity-subtraction expression=ts_rank((ts_rank(close, 120) - ts_rank(close, 120)), 120)
2026-03-20 11:14:33,397 | INFO | app.pipeline.runner | Cycle 110 complete: submitted=15.0 complete=1.0 best=0.0 avg_reward=-2.7863
2026-03-20 11:14:38,398 | INFO | app.pipeline.runner | Starting mining cycle 111/999999
2026-03-20 11:14:38,412 | INFO | app.pipeline.runner | Running generation 1/3
2026-03-20 11:14:38,591 | INFO | app.pipeline.runner | Preparing simulation template=price_volume_divergence expression=ts_decay_linear((ts_delta(vwap, 10) - ts_decay_linear(ts_delta(volume, 10), 10)), 10)
2026-03-20 11:14:38,591 | INFO | events | preparing template=price_volume_divergence expression=ts_decay_linear((ts_delta(vwap, 10) - ts_decay_linear(ts_delta(volume, 10), 10)), 10)
2026-03-20 11:14:38,829 | INFO | app.api.clients | Simulation submitted simulation_id=HkNPp4sf4jyb6xhWfiVp6r expression=ts_decay_linear((ts_delta(vwap, 10) - ts_decay_linear(ts_delta(volume, 10), 10)), 10)
2026-03-20 11:14:38,830 | INFO | app.pipeline.runner | Simulation accepted template=price_volume_divergence simulation_id=HkNPp4sf4jyb6xhWfiVp6r
2026-03-20 11:25:29,077 | ERROR | app.pipeline.runner | Simulation failed for candidate ts_decay_linear((ts_delta(vwap, 10) - ts_decay_linear(ts_delta(volume, 10), 10)), 10)
Traceback (most recent call last):
  File "D:\Code\worldquant\app\pipeline\runner.py", line 150, in _process_candidate
    terminal = self._wait_for_completion(handle.simulation_id)
               ^^^^^^^^^^^^^^^^^^^^^^^^^^^^^^^^^^^^^^^^^^^^^^^
  File "D:\Code\worldquant\app\pipeline\runner.py", line 192, in _wait_for_completion
    raise TimeoutError(f"Simulation {simulation_id} timed out")
TimeoutError: Simulation HkNPp4sf4jyb6xhWfiVp6r timed out
2026-03-20 11:25:29,122 | INFO | app.pipeline.runner | Running generation 2/3
2026-03-20 11:25:29,298 | INFO | app.pipeline.runner | Preparing simulation template=breakout expression=rank(((close - ts_min(close, 40)) / (1 + (ts_max(close, 40) - ts_min(close, 40)))))
2026-03-20 11:25:29,299 | INFO | events | preparing template=breakout expression=rank(((close - ts_min(close, 40)) / (1 + (ts_max(close, 40) - ts_min(close, 40)))))
2026-03-20 11:25:29,532 | INFO | app.api.clients | Simulation submitted simulation_id=1DlMZ64P859BcvZmL3dT11C expression=rank(((close - ts_min(close, 40)) / (1 + (ts_max(close, 40) - ts_min(close, 40)))))
2026-03-20 11:25:29,532 | INFO | app.pipeline.runner | Simulation accepted template=breakout simulation_id=1DlMZ64P859BcvZmL3dT11C
2026-03-20 11:25:30,556 | ERROR | app.pipeline.runner | Simulation failed for candidate rank(((close - ts_min(close, 40)) / (1 + (ts_max(close, 40) - ts_min(close, 40)))))
Traceback (most recent call last):
  File "D:\Code\worldquant\app\pipeline\runner.py", line 150, in _process_candidate
    terminal = self._wait_for_completion(handle.simulation_id)
               ^^^^^^^^^^^^^^^^^^^^^^^^^^^^^^^^^^^^^^^^^^^^^^^
  File "D:\Code\worldquant\app\pipeline\runner.py", line 190, in _wait_for_completion
    raise RuntimeError(f"Simulation failed with status: {status}")
RuntimeError: Simulation failed with status: error
2026-03-20 11:25:30,602 | INFO | app.pipeline.runner | Running generation 3/3
2026-03-20 11:25:30,865 | INFO | app.pipeline.runner | Cycle 111 complete: submitted=15.0 complete=0.0 best=0.0 avg_reward=-2.8667
2026-03-20 11:25:35,867 | INFO | app.pipeline.runner | Starting mining cycle 112/999999
2026-03-20 11:25:35,881 | INFO | app.pipeline.runner | Running generation 1/3
2026-03-20 11:25:36,159 | INFO | app.pipeline.runner | Preparing simulation template=fundamental_cross expression=zscore((ts_rank(eps, 60) - ts_rank(book_value, 60)))
2026-03-20 11:25:36,159 | INFO | events | preparing template=fundamental_cross expression=zscore((ts_rank(eps, 60) - ts_rank(book_value, 60)))
2026-03-20 11:25:36,395 | INFO | app.api.clients | Simulation submitted simulation_id=1pURGA5p54xsbAe34cfgkdm expression=zscore((ts_rank(eps, 60) - ts_rank(book_value, 60)))
2026-03-20 11:25:36,396 | INFO | app.pipeline.runner | Simulation accepted template=fundamental_cross simulation_id=1pURGA5p54xsbAe34cfgkdm
2026-03-20 11:25:37,411 | ERROR | app.pipeline.runner | Simulation failed for candidate zscore((ts_rank(eps, 60) - ts_rank(book_value, 60)))
Traceback (most recent call last):
  File "D:\Code\worldquant\app\pipeline\runner.py", line 150, in _process_candidate
    terminal = self._wait_for_completion(handle.simulation_id)
               ^^^^^^^^^^^^^^^^^^^^^^^^^^^^^^^^^^^^^^^^^^^^^^^
  File "D:\Code\worldquant\app\pipeline\runner.py", line 190, in _wait_for_completion
    raise RuntimeError(f"Simulation failed with status: {status}")
RuntimeError: Simulation failed with status: error
2026-03-20 11:25:37,436 | INFO | app.pipeline.runner | Preparing simulation template=fundamental_cross expression=zscore((ts_rank(book_value, 120) - ts_rank(operating_margin, 120)))
2026-03-20 11:25:37,437 | INFO | events | preparing template=fundamental_cross expression=zscore((ts_rank(book_value, 120) - ts_rank(operating_margin, 120)))
2026-03-20 11:25:38,396 | INFO | app.api.clients | Simulation submitted simulation_id=3SA50X78k5d98C5ujOfuAcl expression=zscore((ts_rank(book_value, 120) - ts_rank(operating_margin, 120)))
2026-03-20 11:25:38,397 | INFO | app.pipeline.runner | Simulation accepted template=fundamental_cross simulation_id=3SA50X78k5d98C5ujOfuAcl
2026-03-20 11:25:44,638 | ERROR | app.pipeline.runner | Simulation failed for candidate zscore((ts_rank(book_value, 120) - ts_rank(operating_margin, 120)))
Traceback (most recent call last):
  File "D:\Code\worldquant\app\pipeline\runner.py", line 150, in _process_candidate
    terminal = self._wait_for_completion(handle.simulation_id)
               ^^^^^^^^^^^^^^^^^^^^^^^^^^^^^^^^^^^^^^^^^^^^^^^
  File "D:\Code\worldquant\app\pipeline\runner.py", line 190, in _wait_for_completion
    raise RuntimeError(f"Simulation failed with status: {status}")
RuntimeError: Simulation failed with status: error
2026-03-20 11:25:44,640 | INFO | app.pipeline.runner | Running generation 2/3
2026-03-20 11:25:44,885 | INFO | app.pipeline.runner | Running generation 3/3
2026-03-20 11:25:45,163 | INFO | app.pipeline.runner | Preparing simulation template=fundamental_cross expression=zscore((ts_rank(book_value, 5) - ts_rank(eps, 5)))
2026-03-20 11:25:45,164 | INFO | events | preparing template=fundamental_cross expression=zscore((ts_rank(book_value, 5) - ts_rank(eps, 5)))
2026-03-20 11:25:49,141 | INFO | app.api.clients | Simulation submitted simulation_id=3DnKa04V74Jm9yU1MvYI71g expression=zscore((ts_rank(book_value, 5) - ts_rank(eps, 5)))
2026-03-20 11:25:49,141 | INFO | app.pipeline.runner | Simulation accepted template=fundamental_cross simulation_id=3DnKa04V74Jm9yU1MvYI71g
2026-03-20 11:25:54,611 | ERROR | app.pipeline.runner | Simulation failed for candidate zscore((ts_rank(book_value, 5) - ts_rank(eps, 5)))
Traceback (most recent call last):
  File "D:\Code\worldquant\app\pipeline\runner.py", line 150, in _process_candidate
    terminal = self._wait_for_completion(handle.simulation_id)
               ^^^^^^^^^^^^^^^^^^^^^^^^^^^^^^^^^^^^^^^^^^^^^^^
  File "D:\Code\worldquant\app\pipeline\runner.py", line 190, in _wait_for_completion
    raise RuntimeError(f"Simulation failed with status: {status}")
RuntimeError: Simulation failed with status: error
2026-03-20 11:25:54,613 | INFO | app.pipeline.runner | Cycle 112 complete: submitted=15.0 complete=0.0 best=0.0 avg_reward=-2.8000
2026-03-20 11:25:59,614 | INFO | app.pipeline.runner | Starting mining cycle 113/999999
2026-03-20 11:25:59,628 | INFO | app.pipeline.runner | Running generation 1/3
2026-03-20 11:25:59,864 | INFO | app.pipeline.runner | Running generation 2/3
2026-03-20 11:26:00,117 | INFO | app.pipeline.runner | Preparing simulation template=fundamental_cross expression=zscore((ts_rank(sales, 10) - ts_rank(book_value, 10)))
2026-03-20 11:26:00,118 | INFO | events | preparing template=fundamental_cross expression=zscore((ts_rank(sales, 10) - ts_rank(book_value, 10)))
2026-03-20 11:26:00,362 | INFO | app.api.clients | Simulation submitted simulation_id=21H1CkcYQ56L9nO5E3Dm7gg expression=zscore((ts_rank(sales, 10) - ts_rank(book_value, 10)))
2026-03-20 11:26:00,363 | INFO | app.pipeline.runner | Simulation accepted template=fundamental_cross simulation_id=21H1CkcYQ56L9nO5E3Dm7gg
2026-03-20 11:26:01,394 | ERROR | app.pipeline.runner | Simulation failed for candidate zscore((ts_rank(sales, 10) - ts_rank(book_value, 10)))
Traceback (most recent call last):
  File "D:\Code\worldquant\app\pipeline\runner.py", line 150, in _process_candidate
    terminal = self._wait_for_completion(handle.simulation_id)
               ^^^^^^^^^^^^^^^^^^^^^^^^^^^^^^^^^^^^^^^^^^^^^^^
  File "D:\Code\worldquant\app\pipeline\runner.py", line 190, in _wait_for_completion
    raise RuntimeError(f"Simulation failed with status: {status}")
RuntimeError: Simulation failed with status: error
2026-03-20 11:26:01,396 | INFO | app.pipeline.runner | Running generation 3/3
2026-03-20 11:26:01,623 | INFO | app.pipeline.runner | Preparing simulation template=volatility_reversion expression=rank(((returns - ts_mean(returns, 120)) / (1 + ts_std_dev(returns, 120))))
2026-03-20 11:26:01,624 | INFO | events | preparing template=volatility_reversion expression=rank(((returns - ts_mean(returns, 120)) / (1 + ts_std_dev(returns, 120))))
2026-03-20 11:26:02,371 | INFO | app.api.clients | Simulation submitted simulation_id=11WkOT8064vy8zFs3Ge0pnq expression=rank(((returns - ts_mean(returns, 120)) / (1 + ts_std_dev(returns, 120))))
2026-03-20 11:26:02,371 | INFO | app.pipeline.runner | Simulation accepted template=volatility_reversion simulation_id=11WkOT8064vy8zFs3Ge0pnq
2026-03-20 11:27:19,018 | INFO | events | completed alpha_id=1720 status=complete sharpe=-1.2800 fitness=-0.4100
2026-03-20 11:27:19,019 | INFO | app.pipeline.runner | Simulation completed simulation_id=11WkOT8064vy8zFs3Ge0pnq alpha_id=j2Xanere sharpe=-1.2800 fitness=-0.4100 returns=-0.1350 drawdown=0.6984
2026-03-20 11:27:19,019 | INFO | app.pipeline.runner | Cycle 113 complete: submitted=15.0 complete=1.0 best=0.0 avg_reward=-2.7788
2026-03-20 11:27:24,021 | INFO | app.pipeline.runner | Starting mining cycle 114/999999
2026-03-20 11:27:24,034 | INFO | app.pipeline.runner | Running generation 1/3
2026-03-20 11:27:24,739 | INFO | app.pipeline.runner | Preparing simulation template=volatility_reversion expression=zscore(((close - ts_mean(close, 40)) / (1 + ts_std_dev(close, 40))))
2026-03-20 11:27:24,739 | INFO | events | preparing template=volatility_reversion expression=zscore(((close - ts_mean(close, 40)) / (1 + ts_std_dev(close, 40))))
2026-03-20 11:27:24,983 | INFO | app.api.clients | Simulation submitted simulation_id=1ocHd74jM51N9YqjM3MoDkB expression=zscore(((close - ts_mean(close, 40)) / (1 + ts_std_dev(close, 40))))
2026-03-20 11:27:24,984 | INFO | app.pipeline.runner | Simulation accepted template=volatility_reversion simulation_id=1ocHd74jM51N9YqjM3MoDkB
2026-03-20 11:29:37,772 | INFO | events | completed alpha_id=1725 status=complete sharpe=-1.1400 fitness=-0.7800
2026-03-20 11:29:37,773 | INFO | app.pipeline.runner | Simulation completed simulation_id=1ocHd74jM51N9YqjM3MoDkB alpha_id=88rNOYrq sharpe=-1.1400 fitness=-0.7800 returns=-0.1407 drawdown=0.7485
2026-03-20 11:29:37,774 | INFO | app.pipeline.runner | Running generation 2/3
2026-03-20 11:29:38,043 | INFO | app.pipeline.runner | Running generation 3/3
2026-03-20 11:29:38,279 | INFO | app.pipeline.runner | Preparing simulation template=mean_reversion expression=ts_rank(group_neutralize((vwap - ts_mean(vwap, 20)), sector), 20)
2026-03-20 11:29:38,279 | INFO | events | preparing template=mean_reversion expression=ts_rank(group_neutralize((vwap - ts_mean(vwap, 20)), sector), 20)
2026-03-20 11:29:38,561 | INFO | app.api.clients | Simulation submitted simulation_id=2HOVS9Gq4RHaKZJkgqRKIW expression=ts_rank(group_neutralize((vwap - ts_mean(vwap, 20)), sector), 20)
2026-03-20 11:29:38,562 | INFO | app.pipeline.runner | Simulation accepted template=mean_reversion simulation_id=2HOVS9Gq4RHaKZJkgqRKIW
2026-03-20 11:31:03,773 | INFO | events | completed alpha_id=1735 status=complete sharpe=-1.4600 fitness=-0.6800
2026-03-20 11:31:03,774 | INFO | app.pipeline.runner | Simulation completed simulation_id=2HOVS9Gq4RHaKZJkgqRKIW alpha_id=YPmaNo6W sharpe=-1.4600 fitness=-0.6800 returns=-0.1054 drawdown=0.5555
2026-03-20 11:31:03,775 | INFO | app.pipeline.runner | Cycle 114 complete: submitted=15.0 complete=2.0 best=0.0 avg_reward=-2.7192
2026-03-20 11:31:08,776 | INFO | app.pipeline.runner | Starting mining cycle 115/999999
2026-03-20 11:31:08,786 | INFO | app.pipeline.runner | Running generation 1/3
2026-03-20 11:31:09,009 | INFO | app.pipeline.runner | Preparing simulation template=quality_value expression=rank((ts_rank((sales / (1 + book_value)), 120) - ts_rank(book_value, 120)))
2026-03-20 11:31:09,010 | INFO | events | preparing template=quality_value expression=rank((ts_rank((sales / (1 + book_value)), 120) - ts_rank(book_value, 120)))
2026-03-20 11:31:09,264 | INFO | app.api.clients | Simulation submitted simulation_id=frKTF3Kd50d8SdLl2T2VIY expression=rank((ts_rank((sales / (1 + book_value)), 120) - ts_rank(book_value, 120)))
2026-03-20 11:31:09,264 | INFO | app.pipeline.runner | Simulation accepted template=quality_value simulation_id=frKTF3Kd50d8SdLl2T2VIY
2026-03-20 11:31:10,272 | ERROR | app.pipeline.runner | Simulation failed for candidate rank((ts_rank((sales / (1 + book_value)), 120) - ts_rank(book_value, 120)))
Traceback (most recent call last):
  File "D:\Code\worldquant\app\pipeline\runner.py", line 150, in _process_candidate
    terminal = self._wait_for_completion(handle.simulation_id)
               ^^^^^^^^^^^^^^^^^^^^^^^^^^^^^^^^^^^^^^^^^^^^^^^
  File "D:\Code\worldquant\app\pipeline\runner.py", line 190, in _wait_for_completion
    raise RuntimeError(f"Simulation failed with status: {status}")
RuntimeError: Simulation failed with status: error
2026-03-20 11:31:10,274 | INFO | app.pipeline.runner | Running generation 2/3
2026-03-20 11:31:10,476 | INFO | app.pipeline.runner | Preparing simulation template=volatility_reversion expression=ts_rank(((vwap - ts_mean(vwap, 20)) / (1 + ts_std_dev(vwap, 20))), 20)
2026-03-20 11:31:10,476 | INFO | events | preparing template=volatility_reversion expression=ts_rank(((vwap - ts_mean(vwap, 20)) / (1 + ts_std_dev(vwap, 20))), 20)
2026-03-20 11:31:11,249 | INFO | app.api.clients | Simulation submitted simulation_id=C1kyl4nY5clcwJS5KOh6jZ expression=ts_rank(((vwap - ts_mean(vwap, 20)) / (1 + ts_std_dev(vwap, 20))), 20)
2026-03-20 11:31:11,250 | INFO | app.pipeline.runner | Simulation accepted template=volatility_reversion simulation_id=C1kyl4nY5clcwJS5KOh6jZ
2026-03-20 11:32:56,183 | INFO | events | completed alpha_id=1744 status=complete sharpe=-1.3400 fitness=-0.6100
2026-03-20 11:32:56,183 | INFO | app.pipeline.runner | Simulation completed simulation_id=C1kyl4nY5clcwJS5KOh6jZ alpha_id=A1bxkRal sharpe=-1.3400 fitness=-0.6100 returns=-0.1083 drawdown=0.5803
2026-03-20 11:32:56,227 | INFO | app.pipeline.runner | Running generation 3/3
2026-03-20 11:32:56,414 | INFO | app.pipeline.runner | Preparing simulation template=fundamental_cross expression=ts_rank((ts_rank(eps, 10) - ts_rank(sales, 10)), 10)
2026-03-20 11:32:56,415 | INFO | events | preparing template=fundamental_cross expression=ts_rank((ts_rank(eps, 10) - ts_rank(sales, 10)), 10)
2026-03-20 11:32:56,816 | INFO | app.api.clients | Simulation submitted simulation_id=NV7zcgrg4zYaodEV5YrwCo expression=ts_rank((ts_rank(eps, 10) - ts_rank(sales, 10)), 10)
2026-03-20 11:32:56,816 | INFO | app.pipeline.runner | Simulation accepted template=fundamental_cross simulation_id=NV7zcgrg4zYaodEV5YrwCo
2026-03-20 11:35:08,963 | INFO | events | completed alpha_id=1749 status=complete sharpe=-0.6800 fitness=-0.2200
2026-03-20 11:35:08,964 | INFO | app.pipeline.runner | Simulation completed simulation_id=NV7zcgrg4zYaodEV5YrwCo alpha_id=aklaoqMw sharpe=-0.6800 fitness=-0.2200 returns=-0.0433 drawdown=0.3123
2026-03-20 11:35:09,009 | INFO | app.pipeline.runner | Cycle 115 complete: submitted=15.0 complete=2.0 best=0.0 avg_reward=-2.6123
2026-03-20 11:35:14,010 | INFO | app.pipeline.runner | Starting mining cycle 116/999999
2026-03-20 11:35:14,025 | INFO | app.pipeline.runner | Running generation 1/3
2026-03-20 11:35:14,285 | INFO | app.pipeline.runner | Running generation 2/3
2026-03-20 11:35:14,536 | INFO | app.pipeline.runner | Running generation 3/3
2026-03-20 11:35:14,759 | INFO | app.pipeline.runner | Cycle 116 complete: submitted=15.0 complete=0.0 best=0.0 avg_reward=-3.0000
2026-03-20 11:35:19,761 | INFO | app.pipeline.runner | Starting mining cycle 117/999999
2026-03-20 11:35:19,778 | INFO | app.pipeline.runner | Running generation 1/3
2026-03-20 11:35:20,089 | INFO | app.pipeline.runner | Running generation 2/3
2026-03-20 11:35:20,338 | INFO | app.pipeline.runner | Running generation 3/3
2026-03-20 11:35:20,578 | INFO | app.pipeline.runner | Cycle 117 complete: submitted=15.0 complete=0.0 best=0.0 avg_reward=-3.0000
2026-03-20 11:35:25,579 | INFO | app.pipeline.runner | Starting mining cycle 118/999999
2026-03-20 11:35:25,599 | INFO | app.pipeline.runner | Running generation 1/3
2026-03-20 11:35:25,888 | INFO | app.pipeline.runner | Preparing simulation template=mean_reversion expression=rank(group_neutralize((close - ts_mean(close, 10)), subindustry))
2026-03-20 11:35:25,889 | INFO | events | preparing template=mean_reversion expression=rank(group_neutralize((close - ts_mean(close, 10)), subindustry))
2026-03-20 11:35:26,122 | INFO | app.api.clients | Simulation submitted simulation_id=3THWvA1kd4lQ9eij8ckIwUV expression=rank(group_neutralize((close - ts_mean(close, 10)), subindustry))
2026-03-20 11:35:26,123 | INFO | app.pipeline.runner | Simulation accepted template=mean_reversion simulation_id=3THWvA1kd4lQ9eij8ckIwUV
2026-03-20 11:37:53,844 | INFO | events | completed alpha_id=1785 status=complete sharpe=-1.9100 fitness=-0.9500
2026-03-20 11:37:53,845 | INFO | app.pipeline.runner | Simulation completed simulation_id=3THWvA1kd4lQ9eij8ckIwUV alpha_id=9qKlJ6g1 sharpe=-1.9100 fitness=-0.9500 returns=-0.1179 drawdown=0.5842
2026-03-20 11:37:53,845 | INFO | app.pipeline.runner | Running generation 2/3
2026-03-20 11:37:54,030 | INFO | app.pipeline.runner | Preparing simulation template=mean_reversion expression=rank(group_neutralize((low - ts_mean(low, 40)), industry))
2026-03-20 11:37:54,031 | INFO | events | preparing template=mean_reversion expression=rank(group_neutralize((low - ts_mean(low, 40)), industry))
2026-03-20 11:37:54,525 | INFO | app.api.clients | Simulation submitted simulation_id=67Gzb1cf4JycFgRrICCc8X expression=rank(group_neutralize((low - ts_mean(low, 40)), industry))
2026-03-20 11:37:54,525 | INFO | app.pipeline.runner | Simulation accepted template=mean_reversion simulation_id=67Gzb1cf4JycFgRrICCc8X
2026-03-20 11:39:21,844 | INFO | events | completed alpha_id=1789 status=complete sharpe=-1.1100 fitness=-0.7700
2026-03-20 11:39:21,845 | INFO | app.pipeline.runner | Simulation completed simulation_id=67Gzb1cf4JycFgRrICCc8X alpha_id=pwEa8npx sharpe=-1.1100 fitness=-0.7700 returns=-0.1049 drawdown=0.5652
2026-03-20 11:39:21,896 | INFO | app.pipeline.runner | Running generation 3/3
2026-03-20 11:39:22,132 | INFO | app.pipeline.runner | Preparing simulation template=mean_reversion expression=zscore(group_neutralize((close - ts_mean(close, 5)), industry))
2026-03-20 11:39:22,133 | INFO | events | preparing template=mean_reversion expression=zscore(group_neutralize((close - ts_mean(close, 5)), industry))
2026-03-20 11:39:22,664 | INFO | app.api.clients | Simulation submitted simulation_id=1hY73id6V4FTbzOGXMkEAvG expression=zscore(group_neutralize((close - ts_mean(close, 5)), industry))
2026-03-20 11:39:22,665 | INFO | app.pipeline.runner | Simulation accepted template=mean_reversion simulation_id=1hY73id6V4FTbzOGXMkEAvG
2026-03-20 11:40:58,246 | INFO | events | completed alpha_id=1795 status=complete sharpe=-1.1400 fitness=-0.4500
2026-03-20 11:40:58,247 | INFO | app.pipeline.runner | Simulation completed simulation_id=1hY73id6V4FTbzOGXMkEAvG alpha_id=78QYJ13x sharpe=-1.1400 fitness=-0.4500 returns=-0.1247 drawdown=0.6263
2026-03-20 11:40:58,247 | INFO | app.pipeline.runner | Cycle 118 complete: submitted=15.0 complete=3.0 best=0.0 avg_reward=-2.5826
2026-03-20 11:41:03,248 | INFO | app.pipeline.runner | Starting mining cycle 119/999999
2026-03-20 11:41:03,261 | INFO | app.pipeline.runner | Running generation 1/3
2026-03-20 11:41:03,522 | INFO | app.pipeline.runner | Running generation 2/3
2026-03-20 11:41:03,770 | INFO | app.pipeline.runner | Preparing simulation template=volatility_reversion expression=ts_rank(((returns - ts_mean(returns, 60)) / (1 + ts_std_dev(returns, 60))), 60)
2026-03-20 11:41:03,770 | INFO | events | preparing template=volatility_reversion expression=ts_rank(((returns - ts_mean(returns, 60)) / (1 + ts_std_dev(returns, 60))), 60)
2026-03-20 11:41:04,008 | INFO | app.api.clients | Simulation submitted simulation_id=3XYis8a794kb9CdByWoBT93 expression=ts_rank(((returns - ts_mean(returns, 60)) / (1 + ts_std_dev(returns, 60))), 60)
2026-03-20 11:41:04,009 | INFO | app.pipeline.runner | Simulation accepted template=volatility_reversion simulation_id=3XYis8a794kb9CdByWoBT93
2026-03-20 11:43:05,287 | INFO | events | completed alpha_id=1805 status=complete sharpe=-1.4000 fitness=-0.4000
2026-03-20 11:43:05,288 | INFO | app.pipeline.runner | Simulation completed simulation_id=3XYis8a794kb9CdByWoBT93 alpha_id=O0kWo8Eq sharpe=-1.4000 fitness=-0.4000 returns=-0.1140 drawdown=0.5888
2026-03-20 11:43:05,288 | INFO | app.pipeline.runner | Running generation 3/3
2026-03-20 11:43:05,508 | INFO | app.pipeline.runner | Cycle 119 complete: submitted=15.0 complete=1.0 best=0.0 avg_reward=-2.8471
2026-03-20 11:43:10,509 | INFO | app.pipeline.runner | Starting mining cycle 120/999999
2026-03-20 11:43:10,523 | INFO | app.pipeline.runner | Running generation 1/3
2026-03-20 11:43:10,819 | INFO | app.pipeline.runner | Running generation 2/3
2026-03-20 11:43:11,071 | INFO | app.pipeline.runner | Running generation 3/3
2026-03-20 11:43:11,303 | INFO | app.pipeline.runner | Preparing simulation template=momentum expression=rank((ts_rank(sales, 10) - ts_rank(sales, 20)))
2026-03-20 11:43:11,304 | INFO | events | preparing template=momentum expression=rank((ts_rank(sales, 10) - ts_rank(sales, 20)))
2026-03-20 11:43:11,570 | INFO | app.api.clients | Simulation submitted simulation_id=27UERN3Kq4iO9VILaOBx7Rg expression=rank((ts_rank(sales, 10) - ts_rank(sales, 20)))
2026-03-20 11:43:11,571 | INFO | app.pipeline.runner | Simulation accepted template=momentum simulation_id=27UERN3Kq4iO9VILaOBx7Rg
2026-03-20 11:46:01,031 | INFO | events | completed alpha_id=1825 status=complete sharpe=0.5700 fitness=0.2000
2026-03-20 11:46:01,032 | INFO | app.pipeline.runner | Simulation completed simulation_id=27UERN3Kq4iO9VILaOBx7Rg alpha_id=QPj0EzxG sharpe=0.5700 fitness=0.2000 returns=0.0262 drawdown=0.0646
2026-03-20 11:46:01,032 | INFO | app.pipeline.runner | Cycle 120 complete: submitted=15.0 complete=1.0 best=0.0 avg_reward=-2.7799
2026-03-20 11:46:06,034 | INFO | app.pipeline.runner | Starting mining cycle 121/999999
2026-03-20 11:46:06,058 | INFO | app.pipeline.runner | Running generation 1/3
2026-03-20 11:46:06,162 | INFO | app.pipeline.runner | Preparing simulation template=mean_reversion expression=zscore(group_neutralize((close - ts_mean(close, 40)), industry))
2026-03-20 11:46:06,163 | INFO | events | preparing template=mean_reversion expression=zscore(group_neutralize((close - ts_mean(close, 40)), industry))
2026-03-20 11:46:06,493 | INFO | app.api.clients | Simulation submitted simulation_id=2ZWXcRahZ4vicxWfeR4sivU expression=zscore(group_neutralize((close - ts_mean(close, 40)), industry))
2026-03-20 11:46:06,494 | INFO | app.pipeline.runner | Simulation accepted template=mean_reversion simulation_id=2ZWXcRahZ4vicxWfeR4sivU
2026-03-20 11:47:26,059 | INFO | events | completed alpha_id=1830 status=complete sharpe=-1.0600 fitness=-0.7400
2026-03-20 11:47:26,059 | INFO | app.pipeline.runner | Simulation completed simulation_id=2ZWXcRahZ4vicxWfeR4sivU alpha_id=78QYJrNQ sharpe=-1.0600 fitness=-0.7400 returns=-0.1266 drawdown=0.6540
2026-03-20 11:47:26,060 | INFO | app.pipeline.runner | Running generation 2/3
2026-03-20 11:47:26,306 | INFO | app.pipeline.runner | Running generation 3/3
2026-03-20 11:47:26,546 | INFO | app.pipeline.runner | Cycle 121 complete: submitted=15.0 complete=1.0 best=0.0 avg_reward=-2.8552
2026-03-20 11:47:31,547 | INFO | app.pipeline.runner | Starting mining cycle 122/999999
2026-03-20 11:47:31,564 | INFO | app.pipeline.runner | Running generation 1/3
2026-03-20 11:47:31,786 | INFO | app.pipeline.runner | Running generation 2/3
2026-03-20 11:47:32,017 | INFO | app.pipeline.runner | Running generation 3/3
2026-03-20 11:47:32,230 | INFO | app.pipeline.runner | Cycle 122 complete: submitted=15.0 complete=0.0 best=0.0 avg_reward=-3.0000
2026-03-20 11:47:37,232 | INFO | app.pipeline.runner | Starting mining cycle 123/999999
2026-03-20 11:47:37,245 | INFO | app.pipeline.runner | Running generation 1/3
2026-03-20 11:47:37,417 | INFO | app.pipeline.runner | Filtered low-quality candidate template=momentum reason=identity-subtraction expression=rank((ts_rank(vwap, 120) - ts_rank(vwap, 120)))
2026-03-20 11:47:37,443 | INFO | app.pipeline.runner | Preparing simulation template=mean_reversion expression=zscore(group_neutralize((vwap - ts_mean(vwap, 40)), subindustry))
2026-03-20 11:47:37,443 | INFO | events | preparing template=mean_reversion expression=zscore(group_neutralize((vwap - ts_mean(vwap, 40)), subindustry))
2026-03-20 11:47:37,718 | INFO | app.api.clients | Simulation submitted simulation_id=1YjJ1Q1ck4vE9sKyiT13Lok expression=zscore(group_neutralize((vwap - ts_mean(vwap, 40)), subindustry))
2026-03-20 11:47:37,719 | INFO | app.pipeline.runner | Simulation accepted template=mean_reversion simulation_id=1YjJ1Q1ck4vE9sKyiT13Lok
2026-03-20 11:49:54,951 | INFO | events | completed alpha_id=1860 status=complete sharpe=-0.8300 fitness=-0.4600
2026-03-20 11:49:54,952 | INFO | app.pipeline.runner | Simulation completed simulation_id=1YjJ1Q1ck4vE9sKyiT13Lok alpha_id=ZYxaoYYd sharpe=-0.8300 fitness=-0.4600 returns=-0.0736 drawdown=0.3822
2026-03-20 11:49:54,953 | INFO | app.pipeline.runner | Running generation 2/3
2026-03-20 11:49:55,172 | INFO | app.pipeline.runner | Preparing simulation template=fundamental_cross expression=zscore((ts_rank(returns, 20) - ts_rank(sales, 20)))
2026-03-20 11:49:55,173 | INFO | events | preparing template=fundamental_cross expression=zscore((ts_rank(returns, 20) - ts_rank(sales, 20)))
2026-03-20 11:49:55,637 | INFO | app.api.clients | Simulation submitted simulation_id=ZnoXh2JY5aFc94YA72xYLK expression=zscore((ts_rank(returns, 20) - ts_rank(sales, 20)))
2026-03-20 11:49:55,638 | INFO | app.pipeline.runner | Simulation accepted template=fundamental_cross simulation_id=ZnoXh2JY5aFc94YA72xYLK
2026-03-20 11:51:41,319 | INFO | events | completed alpha_id=1865 status=complete sharpe=-1.4500 fitness=-0.4200
2026-03-20 11:51:41,320 | INFO | app.pipeline.runner | Simulation completed simulation_id=ZnoXh2JY5aFc94YA72xYLK alpha_id=88rNL99a sharpe=-1.4500 fitness=-0.4200 returns=-0.1011 drawdown=0.5235
2026-03-20 11:51:41,320 | INFO | app.pipeline.runner | Running generation 3/3
2026-03-20 11:51:41,552 | INFO | app.pipeline.runner | Preparing simulation template=mean_reversion expression=zscore(group_neutralize((vwap - ts_mean(vwap, 40)), industry))
2026-03-20 11:51:41,553 | INFO | events | preparing template=mean_reversion expression=zscore(group_neutralize((vwap - ts_mean(vwap, 40)), industry))
2026-03-20 11:51:41,974 | INFO | app.api.clients | Simulation submitted simulation_id=2yKNglcFO4RcbYa15jxGGRWs expression=zscore(group_neutralize((vwap - ts_mean(vwap, 40)), industry))
2026-03-20 11:51:41,974 | INFO | app.pipeline.runner | Simulation accepted template=mean_reversion simulation_id=2yKNglcFO4RcbYa15jxGGRWs
2026-03-20 11:54:29,013 | INFO | events | completed alpha_id=1870 status=complete sharpe=-0.9100 fitness=-0.6200
2026-03-20 11:54:29,014 | INFO | app.pipeline.runner | Simulation completed simulation_id=2yKNglcFO4RcbYa15jxGGRWs alpha_id=2rR5Kq3b sharpe=-0.9100 fitness=-0.6200 returns=-0.1070 drawdown=0.5699
2026-03-20 11:54:29,014 | INFO | app.pipeline.runner | Cycle 123 complete: submitted=15.0 complete=3.0 best=0.0 avg_reward=-2.4666
2026-03-20 11:54:34,015 | INFO | app.pipeline.runner | Starting mining cycle 124/999999
2026-03-20 11:54:34,028 | INFO | app.pipeline.runner | Running generation 1/3
2026-03-20 11:54:34,297 | INFO | app.pipeline.runner | Running generation 2/3
2026-03-20 11:54:34,562 | INFO | app.pipeline.runner | Running generation 3/3
2026-03-20 11:54:34,737 | INFO | app.pipeline.runner | Preparing simulation template=mean_reversion expression=ts_rank(group_neutralize((returns - ts_mean(returns, 10)), industry), 10)
2026-03-20 11:54:34,737 | INFO | events | preparing template=mean_reversion expression=ts_rank(group_neutralize((returns - ts_mean(returns, 10)), industry), 10)
2026-03-20 11:54:34,977 | INFO | app.api.clients | Simulation submitted simulation_id=1lglGV8wd4YvbjyIYU1i5fG expression=ts_rank(group_neutralize((returns - ts_mean(returns, 10)), industry), 10)
2026-03-20 11:54:34,978 | INFO | app.pipeline.runner | Simulation accepted template=mean_reversion simulation_id=1lglGV8wd4YvbjyIYU1i5fG
2026-03-20 11:55:53,492 | INFO | events | completed alpha_id=1884 status=complete sharpe=-0.6600 fitness=-0.1400
2026-03-20 11:55:53,492 | INFO | app.pipeline.runner | Simulation completed simulation_id=1lglGV8wd4YvbjyIYU1i5fG alpha_id=1YLWgnVW sharpe=-0.6600 fitness=-0.1400 returns=-0.0591 drawdown=0.3523
2026-03-20 11:55:53,534 | INFO | app.pipeline.runner | Cycle 124 complete: submitted=15.0 complete=1.0 best=0.0 avg_reward=-2.8203
2026-03-20 11:55:58,535 | INFO | app.pipeline.runner | Starting mining cycle 125/999999
2026-03-20 11:55:58,546 | INFO | app.pipeline.runner | Running generation 1/3
2026-03-20 11:55:58,767 | INFO | app.pipeline.runner | Running generation 2/3
2026-03-20 11:55:59,014 | INFO | app.pipeline.runner | Running generation 3/3
2026-03-20 11:55:59,255 | INFO | app.pipeline.runner | Cycle 125 complete: submitted=15.0 complete=0.0 best=0.0 avg_reward=-3.0000
2026-03-20 11:56:04,256 | INFO | app.pipeline.runner | Starting mining cycle 126/999999
2026-03-20 11:56:04,271 | INFO | app.pipeline.runner | Running generation 1/3
2026-03-20 11:56:04,515 | INFO | app.pipeline.runner | Running generation 2/3
2026-03-20 11:56:04,742 | INFO | app.pipeline.runner | Preparing simulation template=fundamental_cross expression=rank((ts_rank(cashflow, 40) - ts_rank(sales, 40)))
2026-03-20 11:56:04,742 | INFO | events | preparing template=fundamental_cross expression=rank((ts_rank(cashflow, 40) - ts_rank(sales, 40)))
2026-03-20 11:56:04,987 | INFO | app.api.clients | Simulation submitted simulation_id=4oJ6iXeTA5bb92U1eoHSlj6u expression=rank((ts_rank(cashflow, 40) - ts_rank(sales, 40)))
2026-03-20 11:56:04,989 | INFO | app.pipeline.runner | Simulation accepted template=fundamental_cross simulation_id=4oJ6iXeTA5bb92U1eoHSlj6u
2026-03-20 11:57:20,135 | INFO | events | completed alpha_id=1910 status=complete sharpe=-0.2700 fitness=-0.0800
2026-03-20 11:57:20,136 | INFO | app.pipeline.runner | Simulation completed simulation_id=4oJ6iXeTA5bb92U1eoHSlj6u alpha_id=gJKa3xgm sharpe=-0.2700 fitness=-0.0800 returns=-0.0098 drawdown=0.1119
2026-03-20 11:57:20,137 | INFO | app.pipeline.runner | Running generation 3/3
2026-03-20 11:57:20,730 | INFO | app.pipeline.runner | Cycle 126 complete: submitted=15.0 complete=1.0 best=0.0 avg_reward=-2.8091
2026-03-20 11:57:25,731 | INFO | app.pipeline.runner | Starting mining cycle 127/999999
2026-03-20 11:57:25,738 | INFO | app.pipeline.runner | Running generation 1/3
2026-03-20 11:57:26,404 | INFO | app.pipeline.runner | Running generation 2/3
2026-03-20 11:57:27,021 | INFO | app.pipeline.runner | Running generation 3/3
2026-03-20 11:57:27,619 | INFO | app.pipeline.runner | Preparing simulation template=momentum expression=ts_rank((ts_rank(close, 5) - ts_rank(close, 120)), 5)
2026-03-20 11:57:27,619 | INFO | events | preparing template=momentum expression=ts_rank((ts_rank(close, 5) - ts_rank(close, 120)), 5)
2026-03-20 11:57:27,879 | INFO | app.api.clients | Simulation submitted simulation_id=3yskL5fdr5fA9n58HsrrwA1 expression=ts_rank((ts_rank(close, 5) - ts_rank(close, 120)), 5)
2026-03-20 11:57:27,879 | INFO | app.pipeline.runner | Simulation accepted template=momentum simulation_id=3yskL5fdr5fA9n58HsrrwA1
2026-03-20 11:59:24,135 | INFO | events | completed alpha_id=1930 status=complete sharpe=-0.5100 fitness=-0.0900
2026-03-20 11:59:24,136 | INFO | app.pipeline.runner | Simulation completed simulation_id=3yskL5fdr5fA9n58HsrrwA1 alpha_id=qMd7XNaZ sharpe=-0.5100 fitness=-0.0900 returns=-0.0332 drawdown=0.2704
2026-03-20 11:59:24,136 | INFO | app.pipeline.runner | Cycle 127 complete: submitted=15.0 complete=1.0 best=0.0 avg_reward=-2.8148
2026-03-20 11:59:29,137 | INFO | app.pipeline.runner | Starting mining cycle 128/999999
2026-03-20 11:59:29,152 | INFO | app.pipeline.runner | Running generation 1/3
2026-03-20 11:59:29,370 | INFO | app.pipeline.runner | Running generation 2/3
2026-03-20 11:59:29,604 | INFO | app.pipeline.runner | Running generation 3/3
2026-03-20 11:59:29,761 | INFO | app.pipeline.runner | Preparing simulation template=volatility_reversion expression=rank(((cashflow - ts_mean(cashflow, 20)) / (1 + ts_std_dev(cashflow, 20))))
2026-03-20 11:59:29,762 | INFO | events | preparing template=volatility_reversion expression=rank(((cashflow - ts_mean(cashflow, 20)) / (1 + ts_std_dev(cashflow, 20))))
2026-03-20 11:59:30,001 | INFO | app.api.clients | Simulation submitted simulation_id=35oNzy5eD5jLbKhcPOcnLsu expression=rank(((cashflow - ts_mean(cashflow, 20)) / (1 + ts_std_dev(cashflow, 20))))
2026-03-20 11:59:30,002 | INFO | app.pipeline.runner | Simulation accepted template=volatility_reversion simulation_id=35oNzy5eD5jLbKhcPOcnLsu
2026-03-20 12:01:00,206 | INFO | events | completed alpha_id=1944 status=complete sharpe=-0.6500 fitness=-0.3200
2026-03-20 12:01:00,207 | INFO | app.pipeline.runner | Simulation completed simulation_id=35oNzy5eD5jLbKhcPOcnLsu alpha_id=zqjdWrw1 sharpe=-0.6500 fitness=-0.3200 returns=-0.0468 drawdown=0.4384
2026-03-20 12:01:00,249 | INFO | app.pipeline.runner | Cycle 128 complete: submitted=15.0 complete=1.0 best=0.0 avg_reward=-2.8280
2026-03-20 12:01:05,251 | INFO | app.pipeline.runner | Starting mining cycle 129/999999
2026-03-20 12:01:05,264 | INFO | app.pipeline.runner | Running generation 1/3
2026-03-20 12:01:05,534 | INFO | app.pipeline.runner | Running generation 2/3
2026-03-20 12:01:05,801 | INFO | app.pipeline.runner | Running generation 3/3
2026-03-20 12:01:06,046 | INFO | app.pipeline.runner | Cycle 129 complete: submitted=15.0 complete=0.0 best=0.0 avg_reward=-3.0000
2026-03-20 12:01:11,047 | INFO | app.pipeline.runner | Starting mining cycle 130/999999
2026-03-20 12:01:11,061 | INFO | app.pipeline.runner | Running generation 1/3
2026-03-20 12:01:11,246 | INFO | app.pipeline.runner | Preparing simulation template=quality_value expression=rank((ts_rank((cashflow / (1 + eps)), 120) - ts_rank(eps, 120)))
2026-03-20 12:01:11,247 | INFO | events | preparing template=quality_value expression=rank((ts_rank((cashflow / (1 + eps)), 120) - ts_rank(eps, 120)))
2026-03-20 12:01:11,498 | INFO | app.api.clients | Simulation submitted simulation_id=48YfPDb7Z4Zbb01Q8BLuz7q expression=rank((ts_rank((cashflow / (1 + eps)), 120) - ts_rank(eps, 120)))
2026-03-20 12:01:11,499 | INFO | app.pipeline.runner | Simulation accepted template=quality_value simulation_id=48YfPDb7Z4Zbb01Q8BLuz7q
2026-03-20 12:11:45,492 | ERROR | app.pipeline.runner | Simulation failed for candidate rank((ts_rank((cashflow / (1 + eps)), 120) - ts_rank(eps, 120)))
Traceback (most recent call last):
  File "D:\Code\worldquant\app\pipeline\runner.py", line 150, in _process_candidate
    terminal = self._wait_for_completion(handle.simulation_id)
               ^^^^^^^^^^^^^^^^^^^^^^^^^^^^^^^^^^^^^^^^^^^^^^^
  File "D:\Code\worldquant\app\pipeline\runner.py", line 192, in _wait_for_completion
    raise TimeoutError(f"Simulation {simulation_id} timed out")
TimeoutError: Simulation 48YfPDb7Z4Zbb01Q8BLuz7q timed out
2026-03-20 12:11:45,534 | INFO | app.pipeline.runner | Preparing simulation template=quality_value expression=zscore((ts_rank((book_value / (1 + operating_margin)), 60) - ts_rank(operating_margin, 60)))
2026-03-20 12:11:45,535 | INFO | events | preparing template=quality_value expression=zscore((ts_rank((book_value / (1 + operating_margin)), 60) - ts_rank(operating_margin, 60)))
2026-03-20 12:11:45,780 | INFO | app.api.clients | Simulation submitted simulation_id=2Ihj4lcdo55H9wnX8LiTAOB expression=zscore((ts_rank((book_value / (1 + operating_margin)), 60) - ts_rank(operating_margin, 60)))
2026-03-20 12:11:45,780 | INFO | app.pipeline.runner | Simulation accepted template=quality_value simulation_id=2Ihj4lcdo55H9wnX8LiTAOB
2026-03-20 12:11:46,787 | ERROR | app.pipeline.runner | Simulation failed for candidate zscore((ts_rank((book_value / (1 + operating_margin)), 60) - ts_rank(operating_margin, 60)))
Traceback (most recent call last):
  File "D:\Code\worldquant\app\pipeline\runner.py", line 150, in _process_candidate
    terminal = self._wait_for_completion(handle.simulation_id)
               ^^^^^^^^^^^^^^^^^^^^^^^^^^^^^^^^^^^^^^^^^^^^^^^
  File "D:\Code\worldquant\app\pipeline\runner.py", line 190, in _wait_for_completion
    raise RuntimeError(f"Simulation failed with status: {status}")
RuntimeError: Simulation failed with status: error
2026-03-20 12:11:46,790 | INFO | app.pipeline.runner | Running generation 2/3
2026-03-20 12:11:47,036 | INFO | app.pipeline.runner | Running generation 3/3
2026-03-20 12:11:47,322 | INFO | app.pipeline.runner | Cycle 130 complete: submitted=15.0 complete=0.0 best=0.0 avg_reward=-2.8667
2026-03-20 12:11:52,323 | INFO | app.pipeline.runner | Starting mining cycle 131/999999
2026-03-20 12:11:52,336 | INFO | app.pipeline.runner | Running generation 1/3
2026-03-20 12:11:52,654 | INFO | app.pipeline.runner | Filtered low-quality candidate template=momentum reason=identity-subtraction expression=rank((ts_rank(close, 120) - ts_rank(close, 120)))
2026-03-20 12:11:52,655 | INFO | app.pipeline.runner | Running generation 2/3
2026-03-20 12:11:52,899 | INFO | app.pipeline.runner | Running generation 3/3
2026-03-20 12:11:53,138 | INFO | app.pipeline.runner | Cycle 131 complete: submitted=15.0 complete=0.0 best=0.0 avg_reward=-2.9333
2026-03-20 12:11:58,140 | INFO | app.pipeline.runner | Starting mining cycle 132/999999
2026-03-20 12:11:58,159 | INFO | app.pipeline.runner | Running generation 1/3
2026-03-20 12:11:58,446 | INFO | app.pipeline.runner | Preparing simulation template=fundamental_cross expression=zscore((ts_rank(operating_margin, 120) - ts_rank(sales, 120)))
2026-03-20 12:11:58,446 | INFO | events | preparing template=fundamental_cross expression=zscore((ts_rank(operating_margin, 120) - ts_rank(sales, 120)))
2026-03-20 12:11:58,685 | INFO | app.api.clients | Simulation submitted simulation_id=4qkO2A1kO5bT9DuuT42NPBK expression=zscore((ts_rank(operating_margin, 120) - ts_rank(sales, 120)))
2026-03-20 12:11:58,686 | INFO | app.pipeline.runner | Simulation accepted template=fundamental_cross simulation_id=4qkO2A1kO5bT9DuuT42NPBK
2026-03-20 12:12:04,944 | ERROR | app.pipeline.runner | Simulation failed for candidate zscore((ts_rank(operating_margin, 120) - ts_rank(sales, 120)))
Traceback (most recent call last):
  File "D:\Code\worldquant\app\pipeline\runner.py", line 150, in _process_candidate
    terminal = self._wait_for_completion(handle.simulation_id)
               ^^^^^^^^^^^^^^^^^^^^^^^^^^^^^^^^^^^^^^^^^^^^^^^
  File "D:\Code\worldquant\app\pipeline\runner.py", line 190, in _wait_for_completion
    raise RuntimeError(f"Simulation failed with status: {status}")
RuntimeError: Simulation failed with status: error
2026-03-20 12:12:04,944 | INFO | app.pipeline.runner | Running generation 2/3
2026-03-20 12:12:05,160 | INFO | app.pipeline.runner | Running generation 3/3
2026-03-20 12:12:05,335 | INFO | app.pipeline.runner | Preparing simulation template=fundamental_cross expression=zscore((ts_rank(cashflow, 20) - ts_rank(operating_margin, 20)))
2026-03-20 12:12:05,335 | INFO | events | preparing template=fundamental_cross expression=zscore((ts_rank(cashflow, 20) - ts_rank(operating_margin, 20)))
2026-03-20 12:12:05,932 | INFO | app.api.clients | Simulation submitted simulation_id=1BsOef5Ee5jEcuXGNHwXlZt expression=zscore((ts_rank(cashflow, 20) - ts_rank(operating_margin, 20)))
2026-03-20 12:12:05,932 | INFO | app.pipeline.runner | Simulation accepted template=fundamental_cross simulation_id=1BsOef5Ee5jEcuXGNHwXlZt
2026-03-20 12:12:06,953 | ERROR | app.pipeline.runner | Simulation failed for candidate zscore((ts_rank(cashflow, 20) - ts_rank(operating_margin, 20)))
Traceback (most recent call last):
  File "D:\Code\worldquant\app\pipeline\runner.py", line 150, in _process_candidate
    terminal = self._wait_for_completion(handle.simulation_id)
               ^^^^^^^^^^^^^^^^^^^^^^^^^^^^^^^^^^^^^^^^^^^^^^^
  File "D:\Code\worldquant\app\pipeline\runner.py", line 190, in _wait_for_completion
    raise RuntimeError(f"Simulation failed with status: {status}")
RuntimeError: Simulation failed with status: error
2026-03-20 12:12:06,997 | INFO | app.pipeline.runner | Cycle 132 complete: submitted=15.0 complete=0.0 best=0.0 avg_reward=-2.8667
2026-03-20 12:12:11,999 | INFO | app.pipeline.runner | Starting mining cycle 133/999999
2026-03-20 12:12:12,008 | INFO | app.pipeline.runner | Running generation 1/3
2026-03-20 12:12:12,191 | INFO | app.pipeline.runner | Preparing simulation template=volatility_reversion expression=rank(((vwap - ts_mean(vwap, 60)) / (1 + ts_std_dev(vwap, 60))))
2026-03-20 12:12:12,191 | INFO | events | preparing template=volatility_reversion expression=rank(((vwap - ts_mean(vwap, 60)) / (1 + ts_std_dev(vwap, 60))))
2026-03-20 12:12:16,458 | INFO | app.api.clients | Simulation submitted simulation_id=3dwDrlfY4WnasvSMtRNk6 expression=rank(((vwap - ts_mean(vwap, 60)) / (1 + ts_std_dev(vwap, 60))))
2026-03-20 12:12:16,460 | INFO | app.pipeline.runner | Simulation accepted template=volatility_reversion simulation_id=3dwDrlfY4WnasvSMtRNk6
2026-03-20 12:13:40,738 | INFO | events | completed alpha_id=2009 status=complete sharpe=-0.9700 fitness=-0.7300
2026-03-20 12:13:40,739 | INFO | app.pipeline.runner | Simulation completed simulation_id=3dwDrlfY4WnasvSMtRNk6 alpha_id=2rR57K8x sharpe=-0.9700 fitness=-0.7300 returns=-0.1146 drawdown=0.6456
2026-03-20 12:13:40,788 | INFO | app.pipeline.runner | Running generation 2/3
2026-03-20 12:13:41,039 | INFO | app.pipeline.runner | Running generation 3/3
2026-03-20 12:13:41,292 | INFO | app.pipeline.runner | Cycle 133 complete: submitted=15.0 complete=1.0 best=0.0 avg_reward=-2.8529
2026-03-20 12:13:46,294 | INFO | app.pipeline.runner | Starting mining cycle 134/999999
2026-03-20 12:13:46,313 | INFO | app.pipeline.runner | Running generation 1/3
2026-03-20 12:13:46,547 | INFO | app.pipeline.runner | Running generation 2/3
2026-03-20 12:13:46,774 | INFO | app.pipeline.runner | Running generation 3/3
2026-03-20 12:13:46,999 | INFO | app.pipeline.runner | Cycle 134 complete: submitted=15.0 complete=0.0 best=0.0 avg_reward=-3.0000
2026-03-20 12:13:52,000 | INFO | app.pipeline.runner | Starting mining cycle 135/999999
2026-03-20 12:13:52,018 | INFO | app.pipeline.runner | Running generation 1/3
2026-03-20 12:13:52,276 | INFO | app.pipeline.runner | Running generation 2/3
2026-03-20 12:13:52,457 | INFO | app.pipeline.runner | Preparing simulation template=momentum expression=ts_rank((ts_rank(eps, 40) - ts_rank(eps, 60)), 40)
2026-03-20 12:13:52,457 | INFO | events | preparing template=momentum expression=ts_rank((ts_rank(eps, 40) - ts_rank(eps, 60)), 40)
2026-03-20 12:13:52,703 | INFO | app.api.clients | Simulation submitted simulation_id=2awJMhchl4nU9h812VQZ8y2K expression=ts_rank((ts_rank(eps, 40) - ts_rank(eps, 60)), 40)
2026-03-20 12:13:52,704 | INFO | app.pipeline.runner | Simulation accepted template=momentum simulation_id=2awJMhchl4nU9h812VQZ8y2K
2026-03-20 12:15:23,566 | INFO | events | completed alpha_id=2044 status=complete sharpe=-0.4700 fitness=-0.1400
2026-03-20 12:15:23,566 | INFO | app.pipeline.runner | Simulation completed simulation_id=2awJMhchl4nU9h812VQZ8y2K alpha_id=3qx07l7N sharpe=-0.4700 fitness=-0.1400 returns=-0.0107 drawdown=0.1049
2026-03-20 12:15:23,615 | INFO | app.pipeline.runner | Running generation 3/3
2026-03-20 12:15:23,838 | INFO | app.pipeline.runner | Cycle 135 complete: submitted=15.0 complete=1.0 best=0.0 avg_reward=-2.8157
2026-03-20 12:15:28,839 | INFO | app.pipeline.runner | Starting mining cycle 136/999999
2026-03-20 12:15:28,846 | INFO | app.pipeline.runner | Running generation 1/3
2026-03-20 12:15:29,119 | INFO | app.pipeline.runner | Running generation 2/3
2026-03-20 12:15:29,347 | INFO | app.pipeline.runner | Preparing simulation template=momentum expression=ts_rank((ts_rank(close, 10) - ts_rank(close, 20)), 10)
2026-03-20 12:15:29,347 | INFO | events | preparing template=momentum expression=ts_rank((ts_rank(close, 10) - ts_rank(close, 20)), 10)
2026-03-20 12:15:29,593 | INFO | app.api.clients | Simulation submitted simulation_id=4pvjo03UU538cFVCmlLZxAS expression=ts_rank((ts_rank(close, 10) - ts_rank(close, 20)), 10)
2026-03-20 12:15:29,594 | INFO | app.pipeline.runner | Simulation accepted template=momentum simulation_id=4pvjo03UU538cFVCmlLZxAS
2026-03-20 12:17:20,707 | INFO | events | completed alpha_id=2060 status=complete sharpe=-1.3100 fitness=-0.3900
2026-03-20 12:17:20,708 | INFO | app.pipeline.runner | Simulation completed simulation_id=4pvjo03UU538cFVCmlLZxAS alpha_id=1YLW7Wzz sharpe=-1.3100 fitness=-0.3900 returns=-0.0692 drawdown=0.3701
2026-03-20 12:17:20,708 | INFO | app.pipeline.runner | Running generation 3/3
2026-03-20 12:17:20,938 | INFO | app.pipeline.runner | Preparing simulation template=momentum expression=ts_rank((ts_rank(eps, 10) - ts_rank(eps, 60)), 10)
2026-03-20 12:17:20,939 | INFO | events | preparing template=momentum expression=ts_rank((ts_rank(eps, 10) - ts_rank(eps, 60)), 10)
2026-03-20 12:17:21,329 | INFO | app.api.clients | Simulation submitted simulation_id=288oFHgDw51GaEA19Uc4RKZT expression=ts_rank((ts_rank(eps, 10) - ts_rank(eps, 60)), 10)
2026-03-20 12:17:21,329 | INFO | app.pipeline.runner | Simulation accepted template=momentum simulation_id=288oFHgDw51GaEA19Uc4RKZT
2026-03-20 12:19:38,565 | INFO | events | completed alpha_id=2065 status=complete sharpe=0.5800 fitness=0.1900
2026-03-20 12:19:38,566 | INFO | app.pipeline.runner | Simulation completed simulation_id=288oFHgDw51GaEA19Uc4RKZT alpha_id=2rR57x1Y sharpe=0.5800 fitness=0.1900 returns=0.0129 drawdown=0.0376
2026-03-20 12:19:38,567 | INFO | app.pipeline.runner | Cycle 136 complete: submitted=15.0 complete=2.0 best=0.0 avg_reward=-2.6244
2026-03-20 12:19:43,568 | INFO | app.pipeline.runner | Starting mining cycle 137/999999
2026-03-20 12:19:43,581 | INFO | app.pipeline.runner | Running generation 1/3
2026-03-20 12:19:43,858 | INFO | app.pipeline.runner | Running generation 2/3
2026-03-20 12:19:44,040 | INFO | app.pipeline.runner | Preparing simulation template=fundamental_cross expression=ts_rank((ts_rank(vwap, 10) - ts_rank(eps, 10)), 10)
2026-03-20 12:19:44,041 | INFO | events | preparing template=fundamental_cross expression=ts_rank((ts_rank(vwap, 10) - ts_rank(eps, 10)), 10)
2026-03-20 12:19:44,292 | INFO | app.api.clients | Simulation submitted simulation_id=3sFKKmg164ECaovpXcYXDBO expression=ts_rank((ts_rank(vwap, 10) - ts_rank(eps, 10)), 10)
2026-03-20 12:19:44,293 | INFO | app.pipeline.runner | Simulation accepted template=fundamental_cross simulation_id=3sFKKmg164ECaovpXcYXDBO
2026-03-20 12:22:54,629 | INFO | events | completed alpha_id=2074 status=complete sharpe=-1.7400 fitness=-0.6800
2026-03-20 12:22:54,629 | INFO | app.pipeline.runner | Simulation completed simulation_id=3sFKKmg164ECaovpXcYXDBO alpha_id=A1bxPWQR sharpe=-1.7400 fitness=-0.6800 returns=-0.1226 drawdown=0.6571
2026-03-20 12:22:54,676 | INFO | app.pipeline.runner | Running generation 3/3
2026-03-20 12:22:54,851 | INFO | app.pipeline.runner | Preparing simulation template=fundamental_cross expression=zscore((ts_rank(close, 20) - ts_rank(cashflow, 20)))
2026-03-20 12:22:54,852 | INFO | events | preparing template=fundamental_cross expression=zscore((ts_rank(close, 20) - ts_rank(cashflow, 20)))
2026-03-20 12:22:55,269 | INFO | app.api.clients | Simulation submitted simulation_id=43eTQT9fb51O9NTHpnmQq0O expression=zscore((ts_rank(close, 20) - ts_rank(cashflow, 20)))
2026-03-20 12:22:55,270 | INFO | app.pipeline.runner | Simulation accepted template=fundamental_cross simulation_id=43eTQT9fb51O9NTHpnmQq0O
2026-03-20 12:24:43,592 | INFO | events | completed alpha_id=2079 status=complete sharpe=-1.2900 fitness=-0.6700
2026-03-20 12:24:43,593 | INFO | app.pipeline.runner | Simulation completed simulation_id=43eTQT9fb51O9NTHpnmQq0O alpha_id=YPma0wZv sharpe=-1.2900 fitness=-0.6700 returns=-0.1329 drawdown=0.6955
2026-03-20 12:24:43,645 | INFO | app.pipeline.runner | Cycle 137 complete: submitted=15.0 complete=2.0 best=0.0 avg_reward=-2.7232
2026-03-20 12:24:48,646 | INFO | app.pipeline.runner | Starting mining cycle 138/999999
2026-03-20 12:24:48,660 | INFO | app.pipeline.runner | Running generation 1/3
2026-03-20 12:24:48,930 | INFO | app.pipeline.runner | Running generation 2/3
2026-03-20 12:24:49,191 | INFO | app.pipeline.runner | Running generation 3/3
2026-03-20 12:24:49,373 | INFO | app.pipeline.runner | Preparing simulation template=mean_reversion expression=zscore(group_neutralize((eps - ts_mean(eps, 60)), sector))
2026-03-20 12:24:49,374 | INFO | events | preparing template=mean_reversion expression=zscore(group_neutralize((eps - ts_mean(eps, 60)), sector))
2026-03-20 12:24:49,606 | INFO | app.api.clients | Simulation submitted simulation_id=r2AsIc9G51Nac7vp49KzL7 expression=zscore(group_neutralize((eps - ts_mean(eps, 60)), sector))
2026-03-20 12:24:49,607 | INFO | app.pipeline.runner | Simulation accepted template=mean_reversion simulation_id=r2AsIc9G51Nac7vp49KzL7
2026-03-20 12:27:01,945 | INFO | events | completed alpha_id=2094 status=complete sharpe=-0.0300 fitness=-0.0000
2026-03-20 12:27:01,946 | INFO | app.pipeline.runner | Simulation completed simulation_id=r2AsIc9G51Nac7vp49KzL7 alpha_id=2rR5LKk6 sharpe=-0.0300 fitness=-0.0000 returns=-0.0020 drawdown=0.1040
2026-03-20 12:27:01,968 | INFO | app.pipeline.runner | Preparing simulation template=fundamental_cross expression=rank((ts_rank(returns, 20) - ts_rank(sales, 20)))
2026-03-20 12:27:01,968 | INFO | events | preparing template=fundamental_cross expression=rank((ts_rank(returns, 20) - ts_rank(sales, 20)))
2026-03-20 12:27:02,704 | INFO | app.api.clients | Simulation submitted simulation_id=1BHdCG3xS4Jdav11ds8ywdcJ expression=rank((ts_rank(returns, 20) - ts_rank(sales, 20)))
2026-03-20 12:27:02,706 | INFO | app.pipeline.runner | Simulation accepted template=fundamental_cross simulation_id=1BHdCG3xS4Jdav11ds8ywdcJ
2026-03-20 12:28:50,841 | INFO | events | completed alpha_id=2095 status=complete sharpe=-1.4400 fitness=-0.4100
2026-03-20 12:28:50,842 | INFO | app.pipeline.runner | Simulation completed simulation_id=1BHdCG3xS4Jdav11ds8ywdcJ alpha_id=le2al8An sharpe=-1.4400 fitness=-0.4100 returns=-0.0949 drawdown=0.4926
2026-03-20 12:28:50,843 | INFO | app.pipeline.runner | Cycle 138 complete: submitted=15.0 complete=2.0 best=0.0 avg_reward=-2.6489
2026-03-20 12:28:55,844 | INFO | app.pipeline.runner | Starting mining cycle 139/999999
2026-03-20 12:28:55,870 | INFO | app.pipeline.runner | Running generation 1/3
2026-03-20 12:28:56,050 | INFO | app.pipeline.runner | Running generation 2/3
2026-03-20 12:28:56,236 | INFO | app.pipeline.runner | Preparing simulation template=volatility_reversion expression=rank(((book_value - ts_mean(book_value, 60)) / (1 + ts_std_dev(book_value, 60))))
2026-03-20 12:28:56,237 | INFO | events | preparing template=volatility_reversion expression=rank(((book_value - ts_mean(book_value, 60)) / (1 + ts_std_dev(book_value, 60))))
2026-03-20 12:28:56,478 | INFO | app.api.clients | Simulation submitted simulation_id=1jGheWfiE53Ocd5VVe4x2Of expression=rank(((book_value - ts_mean(book_value, 60)) / (1 + ts_std_dev(book_value, 60))))
2026-03-20 12:28:56,480 | INFO | app.pipeline.runner | Simulation accepted template=volatility_reversion simulation_id=1jGheWfiE53Ocd5VVe4x2Of
2026-03-20 12:28:57,480 | ERROR | app.pipeline.runner | Simulation failed for candidate rank(((book_value - ts_mean(book_value, 60)) / (1 + ts_std_dev(book_value, 60))))
Traceback (most recent call last):
  File "D:\Code\worldquant\app\pipeline\runner.py", line 150, in _process_candidate
    terminal = self._wait_for_completion(handle.simulation_id)
               ^^^^^^^^^^^^^^^^^^^^^^^^^^^^^^^^^^^^^^^^^^^^^^^
  File "D:\Code\worldquant\app\pipeline\runner.py", line 190, in _wait_for_completion
    raise RuntimeError(f"Simulation failed with status: {status}")
RuntimeError: Simulation failed with status: error
2026-03-20 12:28:57,481 | INFO | app.pipeline.runner | Running generation 3/3
2026-03-20 12:28:57,658 | INFO | app.pipeline.runner | Preparing simulation template=fundamental_cross expression=zscore((ts_rank(close, 40) - ts_rank(sales, 40)))
2026-03-20 12:28:57,659 | INFO | events | preparing template=fundamental_cross expression=zscore((ts_rank(close, 40) - ts_rank(sales, 40)))
2026-03-20 12:28:58,487 | INFO | app.api.clients | Simulation submitted simulation_id=1wty9A9aZ4BJ9LEI04b43NH expression=zscore((ts_rank(close, 40) - ts_rank(sales, 40)))
2026-03-20 12:28:58,488 | INFO | app.pipeline.runner | Simulation accepted template=fundamental_cross simulation_id=1wty9A9aZ4BJ9LEI04b43NH
2026-03-20 12:30:49,957 | INFO | events | completed alpha_id=2110 status=complete sharpe=-0.9400 fitness=-0.4900
2026-03-20 12:30:49,960 | INFO | app.pipeline.runner | Simulation completed simulation_id=1wty9A9aZ4BJ9LEI04b43NH alpha_id=qMd7lYjE sharpe=-0.9400 fitness=-0.4900 returns=-0.0870 drawdown=0.4639
2026-03-20 12:30:49,961 | INFO | app.pipeline.runner | Cycle 139 complete: submitted=15.0 complete=1.0 best=0.0 avg_reward=-2.7748
2026-03-20 12:30:54,964 | INFO | app.pipeline.runner | Starting mining cycle 140/999999
2026-03-20 12:30:54,978 | INFO | app.pipeline.runner | Running generation 1/3
2026-03-20 12:30:55,165 | INFO | app.pipeline.runner | Preparing simulation template=price_volume_divergence expression=rank((ts_delta(close, 60) - ts_decay_linear(ts_delta(adv20, 60), 5)))
2026-03-20 12:30:55,165 | INFO | events | preparing template=price_volume_divergence expression=rank((ts_delta(close, 60) - ts_decay_linear(ts_delta(adv20, 60), 5)))
2026-03-20 12:30:55,409 | INFO | app.api.clients | Simulation submitted simulation_id=s73IvdJT4qxaXz2WLeQYmC expression=rank((ts_delta(close, 60) - ts_decay_linear(ts_delta(adv20, 60), 5)))
2026-03-20 12:30:55,409 | INFO | app.pipeline.runner | Simulation accepted template=price_volume_divergence simulation_id=s73IvdJT4qxaXz2WLeQYmC
2026-03-20 12:41:34,436 | ERROR | app.pipeline.runner | Simulation failed for candidate rank((ts_delta(close, 60) - ts_decay_linear(ts_delta(adv20, 60), 5)))
Traceback (most recent call last):
  File "D:\Code\worldquant\app\pipeline\runner.py", line 150, in _process_candidate
    terminal = self._wait_for_completion(handle.simulation_id)
               ^^^^^^^^^^^^^^^^^^^^^^^^^^^^^^^^^^^^^^^^^^^^^^^
  File "D:\Code\worldquant\app\pipeline\runner.py", line 192, in _wait_for_completion
    raise TimeoutError(f"Simulation {simulation_id} timed out")
TimeoutError: Simulation s73IvdJT4qxaXz2WLeQYmC timed out
2026-03-20 12:41:34,443 | INFO | app.pipeline.runner | Running generation 2/3
2026-03-20 12:41:34,627 | INFO | app.pipeline.runner | Running generation 3/3
2026-03-20 12:41:34,799 | INFO | app.pipeline.runner | Cycle 140 complete: submitted=15.0 complete=0.0 best=0.0 avg_reward=-2.9333
2026-03-20 12:41:39,800 | INFO | app.pipeline.runner | Starting mining cycle 141/999999
2026-03-20 12:41:39,831 | INFO | app.pipeline.runner | Running generation 1/3
2026-03-20 12:41:39,982 | INFO | app.pipeline.runner | Running generation 2/3
2026-03-20 12:41:40,120 | INFO | app.pipeline.runner | Running generation 3/3
2026-03-20 12:41:40,245 | INFO | app.pipeline.runner | Preparing simulation template=fundamental_cross expression=zscore((ts_rank(sales, 20) - ts_rank(operating_margin, 20)))
2026-03-20 12:41:40,245 | INFO | events | preparing template=fundamental_cross expression=zscore((ts_rank(sales, 20) - ts_rank(operating_margin, 20)))
2026-03-20 12:41:40,604 | INFO | app.api.clients | Simulation submitted simulation_id=e3o4udUL4klaEx11KXX9H66 expression=zscore((ts_rank(sales, 20) - ts_rank(operating_margin, 20)))
2026-03-20 12:41:40,605 | INFO | app.pipeline.runner | Simulation accepted template=fundamental_cross simulation_id=e3o4udUL4klaEx11KXX9H66
2026-03-20 12:41:46,700 | ERROR | app.pipeline.runner | Simulation failed for candidate zscore((ts_rank(sales, 20) - ts_rank(operating_margin, 20)))
Traceback (most recent call last):
  File "D:\Code\worldquant\app\pipeline\runner.py", line 150, in _process_candidate
    terminal = self._wait_for_completion(handle.simulation_id)
               ^^^^^^^^^^^^^^^^^^^^^^^^^^^^^^^^^^^^^^^^^^^^^^^
  File "D:\Code\worldquant\app\pipeline\runner.py", line 190, in _wait_for_completion
    raise RuntimeError(f"Simulation failed with status: {status}")
RuntimeError: Simulation failed with status: error
2026-03-20 12:41:46,732 | INFO | app.pipeline.runner | Cycle 141 complete: submitted=15.0 complete=0.0 best=0.0 avg_reward=-2.9333
2026-03-20 12:41:51,735 | INFO | app.pipeline.runner | Starting mining cycle 142/999999
2026-03-20 12:41:51,760 | INFO | app.pipeline.runner | Running generation 1/3
2026-03-20 12:41:51,906 | INFO | app.pipeline.runner | Running generation 2/3
2026-03-20 12:41:52,069 | INFO | app.pipeline.runner | Running generation 3/3
2026-03-20 12:41:52,225 | INFO | app.pipeline.runner | Cycle 142 complete: submitted=15.0 complete=0.0 best=0.0 avg_reward=-3.0000
2026-03-20 12:41:57,227 | INFO | app.pipeline.runner | Starting mining cycle 143/999999
2026-03-20 12:41:57,245 | INFO | app.pipeline.runner | Running generation 1/3
2026-03-20 12:41:57,399 | INFO | app.pipeline.runner | Running generation 2/3
2026-03-20 12:41:57,574 | INFO | app.pipeline.runner | Running generation 3/3
2026-03-20 12:41:57,704 | INFO | app.pipeline.runner | Preparing simulation template=momentum expression=ts_rank((ts_rank(returns, 5) - ts_rank(returns, 20)), 5)
2026-03-20 12:41:57,705 | INFO | events | preparing template=momentum expression=ts_rank((ts_rank(returns, 5) - ts_rank(returns, 20)), 5)
2026-03-20 12:41:57,965 | INFO | app.api.clients | Simulation submitted simulation_id=2j4c4e6xe4Zlaey1gI3xHLnY expression=ts_rank((ts_rank(returns, 5) - ts_rank(returns, 20)), 5)
2026-03-20 12:41:57,966 | INFO | app.pipeline.runner | Simulation accepted template=momentum simulation_id=2j4c4e6xe4Zlaey1gI3xHLnY
2026-03-20 12:43:28,039 | INFO | events | completed alpha_id=2169 status=complete sharpe=0.8200 fitness=0.1400
2026-03-20 12:43:28,040 | INFO | app.pipeline.runner | Simulation completed simulation_id=2j4c4e6xe4Zlaey1gI3xHLnY alpha_id=kqXaZwxd sharpe=0.8200 fitness=0.1400 returns=0.0376 drawdown=0.0639
2026-03-20 12:43:28,070 | INFO | app.pipeline.runner | Cycle 143 complete: submitted=15.0 complete=1.0 best=0.0 avg_reward=-2.7775
2026-03-20 12:43:33,073 | INFO | app.pipeline.runner | Starting mining cycle 144/999999
2026-03-20 12:43:33,088 | INFO | app.pipeline.runner | Running generation 1/3
2026-03-20 12:43:33,240 | INFO | app.pipeline.runner | Filtered low-quality candidate template=momentum reason=identity-subtraction expression=ts_rank((ts_rank(vwap, 120) - ts_rank(vwap, 120)), 120)
2026-03-20 12:43:33,241 | INFO | app.pipeline.runner | Running generation 2/3
2026-03-20 12:43:33,431 | INFO | app.pipeline.runner | Running generation 3/3
2026-03-20 12:43:33,550 | INFO | app.pipeline.runner | Preparing simulation template=price_volume_divergence expression=rank((ts_delta(eps, 20) - ts_decay_linear(ts_delta(adv20, 20), 10)))
2026-03-20 12:43:33,550 | INFO | events | preparing template=price_volume_divergence expression=rank((ts_delta(eps, 20) - ts_decay_linear(ts_delta(adv20, 20), 10)))
2026-03-20 12:43:33,789 | INFO | app.api.clients | Simulation submitted simulation_id=u8rRLf734IfbZRXZQeafoz expression=rank((ts_delta(eps, 20) - ts_decay_linear(ts_delta(adv20, 20), 10)))
2026-03-20 12:43:33,790 | INFO | app.pipeline.runner | Simulation accepted template=price_volume_divergence simulation_id=u8rRLf734IfbZRXZQeafoz
2026-03-20 12:54:04,199 | ERROR | app.pipeline.runner | Simulation failed for candidate rank((ts_delta(eps, 20) - ts_decay_linear(ts_delta(adv20, 20), 10)))
Traceback (most recent call last):
  File "D:\Code\worldquant\app\pipeline\runner.py", line 150, in _process_candidate
    terminal = self._wait_for_completion(handle.simulation_id)
               ^^^^^^^^^^^^^^^^^^^^^^^^^^^^^^^^^^^^^^^^^^^^^^^
  File "D:\Code\worldquant\app\pipeline\runner.py", line 192, in _wait_for_completion
    raise TimeoutError(f"Simulation {simulation_id} timed out")
TimeoutError: Simulation u8rRLf734IfbZRXZQeafoz timed out
2026-03-20 12:54:04,232 | INFO | app.pipeline.runner | Cycle 144 complete: submitted=15.0 complete=0.0 best=0.0 avg_reward=-2.8667
2026-03-20 12:54:09,234 | INFO | app.pipeline.runner | Starting mining cycle 145/999999
2026-03-20 12:54:09,255 | INFO | app.pipeline.runner | Running generation 1/3
2026-03-20 12:54:09,379 | INFO | app.pipeline.runner | Preparing simulation template=quality_value expression=zscore((ts_rank((sales / (1 + book_value)), 120) - ts_rank(book_value, 120)))
2026-03-20 12:54:09,380 | INFO | events | preparing template=quality_value expression=zscore((ts_rank((sales / (1 + book_value)), 120) - ts_rank(book_value, 120)))
2026-03-20 12:54:10,468 | INFO | app.api.clients | Simulation submitted simulation_id=civ6RgRq4phcxm1cNq2xVHw expression=zscore((ts_rank((sales / (1 + book_value)), 120) - ts_rank(book_value, 120)))
2026-03-20 12:54:10,469 | INFO | app.pipeline.runner | Simulation accepted template=quality_value simulation_id=civ6RgRq4phcxm1cNq2xVHw
2026-03-20 12:54:15,929 | ERROR | app.pipeline.runner | Simulation failed for candidate zscore((ts_rank((sales / (1 + book_value)), 120) - ts_rank(book_value, 120)))
Traceback (most recent call last):
  File "D:\Code\worldquant\app\pipeline\runner.py", line 150, in _process_candidate
    terminal = self._wait_for_completion(handle.simulation_id)
               ^^^^^^^^^^^^^^^^^^^^^^^^^^^^^^^^^^^^^^^^^^^^^^^
  File "D:\Code\worldquant\app\pipeline\runner.py", line 190, in _wait_for_completion
    raise RuntimeError(f"Simulation failed with status: {status}")
RuntimeError: Simulation failed with status: error
2026-03-20 12:54:15,955 | INFO | app.pipeline.runner | Preparing simulation template=momentum expression=rank((ts_rank(returns, 20) - ts_rank(returns, 120)))
2026-03-20 12:54:15,957 | INFO | events | preparing template=momentum expression=rank((ts_rank(returns, 20) - ts_rank(returns, 120)))
2026-03-20 12:54:16,972 | INFO | app.api.clients | Simulation submitted simulation_id=8ArZd2cy4Kh9EP13TcQMBnY expression=rank((ts_rank(returns, 20) - ts_rank(returns, 120)))
2026-03-20 12:54:16,973 | INFO | app.pipeline.runner | Simulation accepted template=momentum simulation_id=8ArZd2cy4Kh9EP13TcQMBnY
2026-03-20 12:56:47,113 | INFO | events | completed alpha_id=2190 status=complete sharpe=0.8200 fitness=0.1600
2026-03-20 12:56:47,113 | INFO | app.pipeline.runner | Simulation completed simulation_id=8ArZd2cy4Kh9EP13TcQMBnY alpha_id=wp1ojOgQ sharpe=0.8200 fitness=0.1600 returns=0.0426 drawdown=0.0601
2026-03-20 12:56:47,114 | INFO | app.pipeline.runner | Running generation 2/3
2026-03-20 12:56:47,286 | INFO | app.pipeline.runner | Running generation 3/3
2026-03-20 12:56:47,455 | INFO | app.pipeline.runner | Cycle 145 complete: submitted=15.0 complete=1.0 best=0.0 avg_reward=-2.7099
2026-03-20 12:56:52,456 | INFO | app.pipeline.runner | Starting mining cycle 146/999999
2026-03-20 12:56:52,470 | INFO | app.pipeline.runner | Running generation 1/3
2026-03-20 12:56:52,634 | INFO | app.pipeline.runner | Running generation 2/3
2026-03-20 12:56:52,809 | INFO | app.pipeline.runner | Preparing simulation template=quality_value expression=rank((ts_rank((high / (1 + cashflow)), 60) - ts_rank(cashflow, 60)))
2026-03-20 12:56:52,810 | INFO | events | preparing template=quality_value expression=rank((ts_rank((high / (1 + cashflow)), 60) - ts_rank(cashflow, 60)))
2026-03-20 12:56:53,054 | INFO | app.api.clients | Simulation submitted simulation_id=34ilOJfN14WU8FpSS7gl2yO expression=rank((ts_rank((high / (1 + cashflow)), 60) - ts_rank(cashflow, 60)))
2026-03-20 12:56:53,054 | INFO | app.pipeline.runner | Simulation accepted template=quality_value simulation_id=34ilOJfN14WU8FpSS7gl2yO
2026-03-20 12:58:13,314 | INFO | events | completed alpha_id=2210 status=complete sharpe=-0.4300 fitness=-0.1100
2026-03-20 12:58:13,315 | INFO | app.pipeline.runner | Simulation completed simulation_id=34ilOJfN14WU8FpSS7gl2yO alpha_id=ZYxa7rqj sharpe=-0.4300 fitness=-0.1100 returns=-0.0175 drawdown=0.1228
2026-03-20 12:58:13,315 | INFO | app.pipeline.runner | Running generation 3/3
2026-03-20 12:58:13,473 | INFO | app.pipeline.runner | Cycle 146 complete: submitted=15.0 complete=1.0 best=0.0 avg_reward=-2.8137
2026-03-20 12:58:18,475 | INFO | app.pipeline.runner | Starting mining cycle 147/999999
2026-03-20 12:58:18,497 | INFO | app.pipeline.runner | Running generation 1/3
2026-03-20 12:58:18,698 | INFO | app.pipeline.runner | Running generation 2/3
2026-03-20 12:58:18,863 | INFO | app.pipeline.runner | Running generation 3/3
2026-03-20 12:58:18,988 | INFO | app.pipeline.runner | Preparing simulation template=mean_reversion expression=rank(group_neutralize((vwap - ts_mean(vwap, 10)), subindustry))
2026-03-20 12:58:18,988 | INFO | events | preparing template=mean_reversion expression=rank(group_neutralize((vwap - ts_mean(vwap, 10)), subindustry))
2026-03-20 12:58:19,222 | INFO | app.api.clients | Simulation submitted simulation_id=3bFRcYcgd4HjccWdwHNdLvt expression=rank(group_neutralize((vwap - ts_mean(vwap, 10)), subindustry))
2026-03-20 12:58:19,223 | INFO | app.pipeline.runner | Simulation accepted template=mean_reversion simulation_id=3bFRcYcgd4HjccWdwHNdLvt
2026-03-20 12:59:54,488 | INFO | events | completed alpha_id=2229 status=complete sharpe=-1.8300 fitness=-0.9300
2026-03-20 12:59:54,489 | INFO | app.pipeline.runner | Simulation completed simulation_id=3bFRcYcgd4HjccWdwHNdLvt alpha_id=qMd7jx8Z sharpe=-1.8300 fitness=-0.9300 returns=-0.1126 drawdown=0.5584
2026-03-20 12:59:54,515 | INFO | app.pipeline.runner | Preparing simulation template=fundamental_cross expression=zscore((ts_rank(close, 5) - ts_rank(volume, 5)))
2026-03-20 12:59:54,515 | INFO | events | preparing template=fundamental_cross expression=zscore((ts_rank(close, 5) - ts_rank(volume, 5)))
2026-03-20 12:59:55,183 | INFO | app.api.clients | Simulation submitted simulation_id=3neywQdsl4A7bggQWqOOoWZ expression=zscore((ts_rank(close, 5) - ts_rank(volume, 5)))
2026-03-20 12:59:55,183 | INFO | app.pipeline.runner | Simulation accepted template=fundamental_cross simulation_id=3neywQdsl4A7bggQWqOOoWZ
2026-03-20 13:01:04,391 | INFO | events | completed alpha_id=2230 status=complete sharpe=-2.0300 fitness=-0.7100
2026-03-20 13:01:04,391 | INFO | app.pipeline.runner | Simulation completed simulation_id=3neywQdsl4A7bggQWqOOoWZ alpha_id=qMd7j7aV sharpe=-2.0300 fitness=-0.7100 returns=-0.1419 drawdown=0.7149
2026-03-20 13:01:04,392 | INFO | app.pipeline.runner | Cycle 147 complete: submitted=15.0 complete=2.0 best=0.0 avg_reward=-2.7522
2026-03-20 13:01:09,394 | INFO | app.pipeline.runner | Starting mining cycle 148/999999
2026-03-20 13:01:09,416 | INFO | app.pipeline.runner | Running generation 1/3
2026-03-20 13:01:09,594 | INFO | app.pipeline.runner | Running generation 2/3
2026-03-20 13:01:09,775 | INFO | app.pipeline.runner | Preparing simulation template=volatility_reversion expression=zscore(((cashflow - ts_mean(cashflow, 10)) / (1 + ts_std_dev(cashflow, 10))))
2026-03-20 13:01:09,776 | INFO | events | preparing template=volatility_reversion expression=zscore(((cashflow - ts_mean(cashflow, 10)) / (1 + ts_std_dev(cashflow, 10))))
2026-03-20 13:01:10,053 | INFO | app.api.clients | Simulation submitted simulation_id=4DeiyxcsK4uY8PqVFxrn9x8 expression=zscore(((cashflow - ts_mean(cashflow, 10)) / (1 + ts_std_dev(cashflow, 10))))
2026-03-20 13:01:10,053 | INFO | app.pipeline.runner | Simulation accepted template=volatility_reversion simulation_id=4DeiyxcsK4uY8PqVFxrn9x8
2026-03-20 13:02:29,605 | INFO | events | completed alpha_id=2240 status=complete sharpe=-0.2800 fitness=-0.0700
2026-03-20 13:02:29,607 | INFO | app.pipeline.runner | Simulation completed simulation_id=4DeiyxcsK4uY8PqVFxrn9x8 alpha_id=xAQvj51q sharpe=-0.2800 fitness=-0.0700 returns=-0.0302 drawdown=0.4645
2026-03-20 13:02:29,608 | INFO | app.pipeline.runner | Running generation 3/3
2026-03-20 13:02:29,762 | INFO | app.pipeline.runner | Cycle 148 complete: submitted=15.0 complete=1.0 best=0.0 avg_reward=-2.8097
2026-03-20 13:02:34,763 | INFO | app.pipeline.runner | Starting mining cycle 149/999999
2026-03-20 13:02:34,785 | INFO | app.pipeline.runner | Running generation 1/3
2026-03-20 13:02:34,967 | INFO | app.pipeline.runner | Running generation 2/3
2026-03-20 13:02:35,144 | INFO | app.pipeline.runner | Preparing simulation template=volatility_reversion expression=zscore(((eps - ts_mean(eps, 10)) / (1 + ts_std_dev(eps, 10))))
2026-03-20 13:02:35,145 | INFO | events | preparing template=volatility_reversion expression=zscore(((eps - ts_mean(eps, 10)) / (1 + ts_std_dev(eps, 10))))
2026-03-20 13:02:35,378 | INFO | app.api.clients | Simulation submitted simulation_id=431oh48s24IUbcs12WsKeXyz expression=zscore(((eps - ts_mean(eps, 10)) / (1 + ts_std_dev(eps, 10))))
2026-03-20 13:02:35,379 | INFO | app.pipeline.runner | Simulation accepted template=volatility_reversion simulation_id=431oh48s24IUbcs12WsKeXyz
2026-03-20 13:04:31,403 | INFO | events | completed alpha_id=2255 status=complete sharpe=0.2700 fitness=0.0600
2026-03-20 13:04:31,404 | INFO | app.pipeline.runner | Simulation completed simulation_id=431oh48s24IUbcs12WsKeXyz alpha_id=kqXaVqrg sharpe=0.2700 fitness=0.0600 returns=0.0242 drawdown=0.1416
2026-03-20 13:04:31,404 | INFO | app.pipeline.runner | Running generation 3/3
2026-03-20 13:04:31,587 | INFO | app.pipeline.runner | Cycle 149 complete: submitted=15.0 complete=1.0 best=0.0 avg_reward=-2.7922
2026-03-20 13:04:36,589 | INFO | app.pipeline.runner | Starting mining cycle 150/999999
2026-03-20 13:04:36,604 | INFO | app.pipeline.runner | Running generation 1/3
2026-03-20 13:04:36,773 | INFO | app.pipeline.runner | Preparing simulation template=quality_value expression=zscore((ts_rank((sales / (1 + book_value)), 20) - ts_rank(book_value, 20)))
2026-03-20 13:04:36,774 | INFO | events | preparing template=quality_value expression=zscore((ts_rank((sales / (1 + book_value)), 20) - ts_rank(book_value, 20)))
2026-03-20 13:04:37,008 | INFO | app.api.clients | Simulation submitted simulation_id=33qDZY3U14RmaW1z0pyoOVg expression=zscore((ts_rank((sales / (1 + book_value)), 20) - ts_rank(book_value, 20)))
2026-03-20 13:04:37,009 | INFO | app.pipeline.runner | Simulation accepted template=quality_value simulation_id=33qDZY3U14RmaW1z0pyoOVg
2026-03-20 13:04:38,011 | ERROR | app.pipeline.runner | Simulation failed for candidate zscore((ts_rank((sales / (1 + book_value)), 20) - ts_rank(book_value, 20)))
Traceback (most recent call last):
  File "D:\Code\worldquant\app\pipeline\runner.py", line 150, in _process_candidate
    terminal = self._wait_for_completion(handle.simulation_id)
               ^^^^^^^^^^^^^^^^^^^^^^^^^^^^^^^^^^^^^^^^^^^^^^^
  File "D:\Code\worldquant\app\pipeline\runner.py", line 190, in _wait_for_completion
    raise RuntimeError(f"Simulation failed with status: {status}")
RuntimeError: Simulation failed with status: error
2026-03-20 13:04:38,012 | INFO | app.pipeline.runner | Running generation 2/3
2026-03-20 13:04:38,186 | INFO | app.pipeline.runner | Running generation 3/3
2026-03-20 13:04:38,388 | INFO | app.pipeline.runner | Cycle 150 complete: submitted=15.0 complete=0.0 best=0.0 avg_reward=-2.9333
2026-03-20 13:04:43,390 | INFO | app.pipeline.runner | Starting mining cycle 151/999999
2026-03-20 13:04:43,404 | INFO | app.pipeline.runner | Running generation 1/3
2026-03-20 13:04:43,561 | INFO | app.pipeline.runner | Running generation 2/3
2026-03-20 13:04:43,737 | INFO | app.pipeline.runner | Running generation 3/3
2026-03-20 13:04:43,889 | INFO | app.pipeline.runner | Cycle 151 complete: submitted=15.0 complete=0.0 best=0.0 avg_reward=-3.0000
2026-03-20 13:04:48,891 | INFO | app.pipeline.runner | Starting mining cycle 152/999999
2026-03-20 13:04:48,945 | INFO | app.pipeline.runner | Running generation 1/3
2026-03-20 13:04:49,105 | INFO | app.pipeline.runner | Running generation 2/3
2026-03-20 13:04:49,248 | INFO | app.pipeline.runner | Preparing simulation template=mean_reversion expression=zscore(group_neutralize((vwap - ts_mean(vwap, 20)), sector))
2026-03-20 13:04:49,249 | INFO | events | preparing template=mean_reversion expression=zscore(group_neutralize((vwap - ts_mean(vwap, 20)), sector))
2026-03-20 13:04:49,495 | INFO | app.api.clients | Simulation submitted simulation_id=3cfl2D47V4ZgaaiGDqFA0Gd expression=zscore(group_neutralize((vwap - ts_mean(vwap, 20)), sector))
2026-03-20 13:04:49,496 | INFO | app.pipeline.runner | Simulation accepted template=mean_reversion simulation_id=3cfl2D47V4ZgaaiGDqFA0Gd
2026-03-20 13:07:20,663 | INFO | events | completed alpha_id=2299 status=complete sharpe=-1.1800 fitness=-0.7500
2026-03-20 13:07:20,663 | INFO | app.pipeline.runner | Simulation completed simulation_id=3cfl2D47V4ZgaaiGDqFA0Gd alpha_id=Jjm8xYae sharpe=-1.1800 fitness=-0.7500 returns=-0.1329 drawdown=0.6702
2026-03-20 13:07:20,693 | INFO | app.pipeline.runner | Running generation 3/3
2026-03-20 13:07:20,864 | INFO | app.pipeline.runner | Cycle 152 complete: submitted=15.0 complete=1.0 best=0.0 avg_reward=-2.8581
2026-03-20 13:07:25,866 | INFO | app.pipeline.runner | Starting mining cycle 153/999999
2026-03-20 13:07:25,890 | INFO | app.pipeline.runner | Running generation 1/3
2026-03-20 13:07:26,067 | INFO | app.pipeline.runner | Preparing simulation template=quality_value expression=zscore((ts_rank((book_value / (1 + cashflow)), 60) - ts_rank(cashflow, 60)))
2026-03-20 13:07:26,069 | INFO | events | preparing template=quality_value expression=zscore((ts_rank((book_value / (1 + cashflow)), 60) - ts_rank(cashflow, 60)))
2026-03-20 13:07:26,402 | INFO | app.api.clients | Simulation submitted simulation_id=1QCt7N2T4F2cHORRzRLQ0o expression=zscore((ts_rank((book_value / (1 + cashflow)), 60) - ts_rank(cashflow, 60)))
2026-03-20 13:07:26,403 | INFO | app.pipeline.runner | Simulation accepted template=quality_value simulation_id=1QCt7N2T4F2cHORRzRLQ0o
2026-03-20 13:07:32,535 | ERROR | app.pipeline.runner | Simulation failed for candidate zscore((ts_rank((book_value / (1 + cashflow)), 60) - ts_rank(cashflow, 60)))
Traceback (most recent call last):
  File "D:\Code\worldquant\app\pipeline\runner.py", line 150, in _process_candidate
    terminal = self._wait_for_completion(handle.simulation_id)
               ^^^^^^^^^^^^^^^^^^^^^^^^^^^^^^^^^^^^^^^^^^^^^^^
  File "D:\Code\worldquant\app\pipeline\runner.py", line 190, in _wait_for_completion
    raise RuntimeError(f"Simulation failed with status: {status}")
RuntimeError: Simulation failed with status: error
2026-03-20 13:07:32,539 | INFO | app.pipeline.runner | Running generation 2/3
2026-03-20 13:07:32,682 | INFO | app.pipeline.runner | Preparing simulation template=mean_reversion expression=ts_rank(group_neutralize((eps - ts_mean(eps, 5)), sector), 5)
2026-03-20 13:07:32,683 | INFO | events | preparing template=mean_reversion expression=ts_rank(group_neutralize((eps - ts_mean(eps, 5)), sector), 5)
2026-03-20 13:07:33,522 | INFO | app.api.clients | Simulation submitted simulation_id=4f6xr9mh4gBcn6o5CGd3rf expression=ts_rank(group_neutralize((eps - ts_mean(eps, 5)), sector), 5)
2026-03-20 13:07:33,525 | INFO | app.pipeline.runner | Simulation accepted template=mean_reversion simulation_id=4f6xr9mh4gBcn6o5CGd3rf
2026-03-20 13:08:49,221 | INFO | events | completed alpha_id=2314 status=complete sharpe=-0.3300 fitness=-0.0500
2026-03-20 13:08:49,223 | INFO | app.pipeline.runner | Simulation completed simulation_id=4f6xr9mh4gBcn6o5CGd3rf alpha_id=xAQvYnaN sharpe=-0.3300 fitness=-0.0500 returns=-0.0197 drawdown=0.2392
2026-03-20 13:08:49,272 | INFO | app.pipeline.runner | Running generation 3/3
2026-03-20 13:08:49,418 | INFO | app.pipeline.runner | Preparing simulation template=fundamental_cross expression=zscore((ts_rank(returns, 120) - ts_rank(sales, 120)))
2026-03-20 13:08:49,418 | INFO | events | preparing template=fundamental_cross expression=zscore((ts_rank(returns, 120) - ts_rank(sales, 120)))
2026-03-20 13:08:49,990 | INFO | app.api.clients | Simulation submitted simulation_id=36O9SZNC4I3abGOAANagdO expression=zscore((ts_rank(returns, 120) - ts_rank(sales, 120)))
2026-03-20 13:08:49,991 | INFO | app.pipeline.runner | Simulation accepted template=fundamental_cross simulation_id=36O9SZNC4I3abGOAANagdO
2026-03-20 13:10:19,932 | INFO | events | completed alpha_id=2319 status=complete sharpe=-1.3500 fitness=-0.4500
2026-03-20 13:10:19,932 | INFO | app.pipeline.runner | Simulation completed simulation_id=36O9SZNC4I3abGOAANagdO alpha_id=WjdlPP3k sharpe=-1.3500 fitness=-0.4500 returns=-0.0907 drawdown=0.4690
2026-03-20 13:10:19,960 | INFO | app.pipeline.runner | Cycle 153 complete: submitted=15.0 complete=2.0 best=0.0 avg_reward=-2.5906
2026-03-20 13:10:24,962 | INFO | app.pipeline.runner | Starting mining cycle 154/999999
2026-03-20 13:10:24,991 | INFO | app.pipeline.runner | Running generation 1/3
2026-03-20 13:10:25,175 | INFO | app.pipeline.runner | Running generation 2/3
2026-03-20 13:10:25,355 | INFO | app.pipeline.runner | Running generation 3/3
2026-03-20 13:10:25,504 | INFO | app.pipeline.runner | Cycle 154 complete: submitted=15.0 complete=0.0 best=0.0 avg_reward=-3.0000
2026-03-20 13:10:30,506 | INFO | app.pipeline.runner | Starting mining cycle 155/999999
2026-03-20 13:10:30,527 | INFO | app.pipeline.runner | Running generation 1/3
2026-03-20 13:10:30,686 | INFO | app.pipeline.runner | Running generation 2/3
2026-03-20 13:10:30,842 | INFO | app.pipeline.runner | Running generation 3/3
2026-03-20 13:10:31,021 | INFO | app.pipeline.runner | Cycle 155 complete: submitted=15.0 complete=0.0 best=0.0 avg_reward=-3.0000
2026-03-20 13:10:36,022 | INFO | app.pipeline.runner | Starting mining cycle 156/999999
2026-03-20 13:10:36,042 | INFO | app.pipeline.runner | Running generation 1/3
2026-03-20 13:10:36,226 | INFO | app.pipeline.runner | Running generation 2/3
2026-03-20 13:10:36,357 | INFO | app.pipeline.runner | Running generation 3/3
2026-03-20 13:10:36,511 | INFO | app.pipeline.runner | Cycle 156 complete: submitted=15.0 complete=0.0 best=0.0 avg_reward=-3.0000
2026-03-20 13:10:41,512 | INFO | app.pipeline.runner | Starting mining cycle 157/999999
2026-03-20 13:10:41,528 | INFO | app.pipeline.runner | Running generation 1/3
2026-03-20 13:10:41,680 | INFO | app.pipeline.runner | Preparing simulation template=price_volume_divergence expression=ts_decay_linear((ts_delta(vwap, 60) - ts_decay_linear(ts_delta(adv20, 60), 10)), 60)
2026-03-20 13:10:41,680 | INFO | events | preparing template=price_volume_divergence expression=ts_decay_linear((ts_delta(vwap, 60) - ts_decay_linear(ts_delta(adv20, 60), 10)), 60)
2026-03-20 13:10:41,975 | INFO | app.api.clients | Simulation submitted simulation_id=2YoJ7FfUr4XL9db1hk31pht4 expression=ts_decay_linear((ts_delta(vwap, 60) - ts_decay_linear(ts_delta(adv20, 60), 10)), 60)
2026-03-20 13:10:41,976 | INFO | app.pipeline.runner | Simulation accepted template=price_volume_divergence simulation_id=2YoJ7FfUr4XL9db1hk31pht4
2026-03-20 13:21:15,391 | ERROR | app.pipeline.runner | Simulation failed for candidate ts_decay_linear((ts_delta(vwap, 60) - ts_decay_linear(ts_delta(adv20, 60), 10)), 60)
Traceback (most recent call last):
  File "D:\Code\worldquant\app\pipeline\runner.py", line 150, in _process_candidate
    terminal = self._wait_for_completion(handle.simulation_id)
               ^^^^^^^^^^^^^^^^^^^^^^^^^^^^^^^^^^^^^^^^^^^^^^^
  File "D:\Code\worldquant\app\pipeline\runner.py", line 192, in _wait_for_completion
    raise TimeoutError(f"Simulation {simulation_id} timed out")
TimeoutError: Simulation 2YoJ7FfUr4XL9db1hk31pht4 timed out
2026-03-20 13:21:15,393 | INFO | app.pipeline.runner | Running generation 2/3
2026-03-20 13:21:15,527 | INFO | app.pipeline.runner | Running generation 3/3
2026-03-20 13:21:15,641 | INFO | app.pipeline.runner | Cycle 157 complete: submitted=15.0 complete=0.0 best=0.0 avg_reward=-2.9333
2026-03-20 13:21:20,642 | INFO | app.pipeline.runner | Starting mining cycle 158/999999
2026-03-20 13:21:20,661 | INFO | app.pipeline.runner | Running generation 1/3
2026-03-20 13:21:20,763 | INFO | app.pipeline.runner | Filtered low-quality candidate template=momentum reason=identity-subtraction expression=rank((ts_rank(vwap, 120) - ts_rank(vwap, 120)))
2026-03-20 13:21:20,799 | INFO | app.pipeline.runner | Running generation 2/3
2026-03-20 13:21:20,916 | INFO | app.pipeline.runner | Preparing simulation template=mean_reversion expression=zscore(group_neutralize((vwap - ts_mean(vwap, 5)), industry))
2026-03-20 13:21:20,917 | INFO | events | preparing template=mean_reversion expression=zscore(group_neutralize((vwap - ts_mean(vwap, 5)), industry))
2026-03-20 13:21:21,175 | INFO | app.api.clients | Simulation submitted simulation_id=4zvVi8bv75dd9LpL335Sviq expression=zscore(group_neutralize((vwap - ts_mean(vwap, 5)), industry))
2026-03-20 13:21:21,176 | INFO | app.pipeline.runner | Simulation accepted template=mean_reversion simulation_id=4zvVi8bv75dd9LpL335Sviq
2026-03-20 13:22:32,622 | INFO | events | completed alpha_id=2389 status=complete sharpe=-0.9100 fitness=-0.3300
2026-03-20 13:22:32,623 | INFO | app.pipeline.runner | Simulation completed simulation_id=4zvVi8bv75dd9LpL335Sviq alpha_id=VkENazLM sharpe=-0.9100 fitness=-0.3300 returns=-0.0977 drawdown=0.4913
2026-03-20 13:22:32,653 | INFO | app.pipeline.runner | Running generation 3/3
2026-03-20 13:22:32,805 | INFO | app.pipeline.runner | Preparing simulation template=mean_reversion expression=rank(group_neutralize((eps - ts_mean(eps, 40)), sector))
2026-03-20 13:22:32,806 | INFO | events | preparing template=mean_reversion expression=rank(group_neutralize((eps - ts_mean(eps, 40)), sector))
2026-03-20 13:22:33,865 | INFO | app.api.clients | Simulation submitted simulation_id=1JCgedeM4PObG990jjGXRp expression=rank(group_neutralize((eps - ts_mean(eps, 40)), sector))
2026-03-20 13:22:33,866 | INFO | app.pipeline.runner | Simulation accepted template=mean_reversion simulation_id=1JCgedeM4PObG990jjGXRp
2026-03-20 13:23:57,924 | INFO | events | completed alpha_id=2394 status=complete sharpe=0.7900 fitness=0.3100
2026-03-20 13:23:57,926 | INFO | app.pipeline.runner | Simulation completed simulation_id=1JCgedeM4PObG990jjGXRp alpha_id=pwEaR27x sharpe=0.7900 fitness=0.3100 returns=0.0249 drawdown=0.0550
2026-03-20 13:23:57,995 | INFO | app.pipeline.runner | Preparing simulation template=breakout expression=rank(((low - ts_min(low, 10)) / (1 + (ts_max(low, 10) - ts_min(low, 10)))))
2026-03-20 13:23:57,996 | INFO | events | preparing template=breakout expression=rank(((low - ts_min(low, 10)) / (1 + (ts_max(low, 10) - ts_min(low, 10)))))
2026-03-20 13:23:58,684 | INFO | app.api.clients | Simulation submitted simulation_id=4o7Wtb8QE4x7bIOgkAKTx3Z expression=rank(((low - ts_min(low, 10)) / (1 + (ts_max(low, 10) - ts_min(low, 10)))))
2026-03-20 13:23:58,685 | INFO | app.pipeline.runner | Simulation accepted template=breakout simulation_id=4o7Wtb8QE4x7bIOgkAKTx3Z
2026-03-20 13:24:10,177 | ERROR | app.pipeline.runner | Simulation failed for candidate rank(((low - ts_min(low, 10)) / (1 + (ts_max(low, 10) - ts_min(low, 10)))))
Traceback (most recent call last):
  File "D:\Code\worldquant\app\pipeline\runner.py", line 150, in _process_candidate
    terminal = self._wait_for_completion(handle.simulation_id)
               ^^^^^^^^^^^^^^^^^^^^^^^^^^^^^^^^^^^^^^^^^^^^^^^
  File "D:\Code\worldquant\app\pipeline\runner.py", line 190, in _wait_for_completion
    raise RuntimeError(f"Simulation failed with status: {status}")
RuntimeError: Simulation failed with status: error
2026-03-20 13:24:10,179 | INFO | app.pipeline.runner | Cycle 158 complete: submitted=15.0 complete=2.0 best=0.0 avg_reward=-2.4714
2026-03-20 13:24:15,180 | INFO | app.pipeline.runner | Starting mining cycle 159/999999
2026-03-20 13:24:15,203 | INFO | app.pipeline.runner | Running generation 1/3
2026-03-20 13:24:15,397 | INFO | app.pipeline.runner | Running generation 2/3
2026-03-20 13:24:15,572 | INFO | app.pipeline.runner | Preparing simulation template=fundamental_cross expression=rank((ts_rank(operating_margin, 20) - ts_rank(sales, 20)))
2026-03-20 13:24:15,572 | INFO | events | preparing template=fundamental_cross expression=rank((ts_rank(operating_margin, 20) - ts_rank(sales, 20)))
2026-03-20 13:24:15,806 | INFO | app.api.clients | Simulation submitted simulation_id=3OTdLy3zf50eaBgvFKlKKLj expression=rank((ts_rank(operating_margin, 20) - ts_rank(sales, 20)))
2026-03-20 13:24:15,806 | INFO | app.pipeline.runner | Simulation accepted template=fundamental_cross simulation_id=3OTdLy3zf50eaBgvFKlKKLj
2026-03-20 13:24:16,808 | ERROR | app.pipeline.runner | Simulation failed for candidate rank((ts_rank(operating_margin, 20) - ts_rank(sales, 20)))
Traceback (most recent call last):
  File "D:\Code\worldquant\app\pipeline\runner.py", line 150, in _process_candidate
    terminal = self._wait_for_completion(handle.simulation_id)
               ^^^^^^^^^^^^^^^^^^^^^^^^^^^^^^^^^^^^^^^^^^^^^^^
  File "D:\Code\worldquant\app\pipeline\runner.py", line 190, in _wait_for_completion
    raise RuntimeError(f"Simulation failed with status: {status}")
RuntimeError: Simulation failed with status: error
2026-03-20 13:24:16,842 | INFO | app.pipeline.runner | Running generation 3/3
2026-03-20 13:24:16,966 | INFO | app.pipeline.runner | Cycle 159 complete: submitted=15.0 complete=0.0 best=0.0 avg_reward=-2.9333
2026-03-20 13:24:21,967 | INFO | app.pipeline.runner | Starting mining cycle 160/999999
2026-03-20 13:24:21,985 | INFO | app.pipeline.runner | Running generation 1/3
2026-03-20 13:24:22,122 | INFO | app.pipeline.runner | Filtered low-quality candidate template=momentum reason=identity-subtraction expression=ts_rank((ts_rank(returns, 120) - ts_rank(returns, 120)), 120)
2026-03-20 13:24:22,122 | INFO | app.pipeline.runner | Running generation 2/3
2026-03-20 13:24:22,248 | INFO | app.pipeline.runner | Preparing simulation template=momentum expression=zscore((ts_rank(close, 10) - ts_rank(close, 120)))
2026-03-20 13:24:22,249 | INFO | events | preparing template=momentum expression=zscore((ts_rank(close, 10) - ts_rank(close, 120)))
2026-03-20 13:24:22,501 | INFO | app.api.clients | Simulation submitted simulation_id=11KAJZ5SX5499SF6c8pWSvS expression=zscore((ts_rank(close, 10) - ts_rank(close, 120)))
2026-03-20 13:24:22,502 | INFO | app.pipeline.runner | Simulation accepted template=momentum simulation_id=11KAJZ5SX5499SF6c8pWSvS
2026-03-20 13:25:59,647 | INFO | events | completed alpha_id=2420 status=complete sharpe=-0.9800 fitness=-0.4100
2026-03-20 13:25:59,647 | INFO | app.pipeline.runner | Simulation completed simulation_id=11KAJZ5SX5499SF6c8pWSvS alpha_id=RRYe6nGb sharpe=-0.9800 fitness=-0.4100 returns=-0.0964 drawdown=0.5532
2026-03-20 13:25:59,648 | INFO | app.pipeline.runner | Running generation 3/3
2026-03-20 13:25:59,795 | INFO | app.pipeline.runner | Cycle 160 complete: submitted=15.0 complete=1.0 best=0.0 avg_reward=-2.7723
2026-03-20 13:26:04,797 | INFO | app.pipeline.runner | Starting mining cycle 161/999999
2026-03-20 13:26:04,815 | INFO | app.pipeline.runner | Running generation 1/3
2026-03-20 13:26:04,981 | INFO | app.pipeline.runner | Running generation 2/3
2026-03-20 13:26:05,123 | INFO | app.pipeline.runner | Preparing simulation template=quality_value expression=rank((ts_rank((operating_margin / (1 + sales)), 60) - ts_rank(sales, 60)))
2026-03-20 13:26:05,123 | INFO | events | preparing template=quality_value expression=rank((ts_rank((operating_margin / (1 + sales)), 60) - ts_rank(sales, 60)))
2026-03-20 13:26:05,431 | INFO | app.api.clients | Simulation submitted simulation_id=2Y59Kxc3J4lqaTOF5XxJgwd expression=rank((ts_rank((operating_margin / (1 + sales)), 60) - ts_rank(sales, 60)))
2026-03-20 13:26:05,432 | INFO | app.pipeline.runner | Simulation accepted template=quality_value simulation_id=2Y59Kxc3J4lqaTOF5XxJgwd
2026-03-20 13:26:06,451 | ERROR | app.pipeline.runner | Simulation failed for candidate rank((ts_rank((operating_margin / (1 + sales)), 60) - ts_rank(sales, 60)))
Traceback (most recent call last):
  File "D:\Code\worldquant\app\pipeline\runner.py", line 150, in _process_candidate
    terminal = self._wait_for_completion(handle.simulation_id)
               ^^^^^^^^^^^^^^^^^^^^^^^^^^^^^^^^^^^^^^^^^^^^^^^
  File "D:\Code\worldquant\app\pipeline\runner.py", line 190, in _wait_for_completion
    raise RuntimeError(f"Simulation failed with status: {status}")
RuntimeError: Simulation failed with status: error
2026-03-20 13:26:06,453 | INFO | app.pipeline.runner | Running generation 3/3
2026-03-20 13:26:06,626 | INFO | app.pipeline.runner | Cycle 161 complete: submitted=15.0 complete=0.0 best=0.0 avg_reward=-2.9333
2026-03-20 13:26:11,628 | INFO | app.pipeline.runner | Starting mining cycle 162/999999
2026-03-20 13:26:11,649 | INFO | app.pipeline.runner | Running generation 1/3
2026-03-20 13:26:11,779 | INFO | app.pipeline.runner | Preparing simulation template=fundamental_cross expression=zscore((ts_rank(operating_margin, 120) - ts_rank(eps, 120)))
2026-03-20 13:26:11,780 | INFO | events | preparing template=fundamental_cross expression=zscore((ts_rank(operating_margin, 120) - ts_rank(eps, 120)))
2026-03-20 13:26:12,049 | INFO | app.api.clients | Simulation submitted simulation_id=4tJCHmfoW4xScJN12jwmMgf1 expression=zscore((ts_rank(operating_margin, 120) - ts_rank(eps, 120)))
2026-03-20 13:26:12,049 | INFO | app.pipeline.runner | Simulation accepted template=fundamental_cross simulation_id=4tJCHmfoW4xScJN12jwmMgf1
2026-03-20 13:26:13,014 | ERROR | app.pipeline.runner | Simulation failed for candidate zscore((ts_rank(operating_margin, 120) - ts_rank(eps, 120)))
Traceback (most recent call last):
  File "D:\Code\worldquant\app\pipeline\runner.py", line 150, in _process_candidate
    terminal = self._wait_for_completion(handle.simulation_id)
               ^^^^^^^^^^^^^^^^^^^^^^^^^^^^^^^^^^^^^^^^^^^^^^^
  File "D:\Code\worldquant\app\pipeline\runner.py", line 190, in _wait_for_completion
    raise RuntimeError(f"Simulation failed with status: {status}")
RuntimeError: Simulation failed with status: error
2026-03-20 13:26:13,055 | INFO | app.pipeline.runner | Running generation 2/3
2026-03-20 13:26:13,199 | INFO | app.pipeline.runner | Running generation 3/3
2026-03-20 13:26:13,385 | INFO | app.pipeline.runner | Cycle 162 complete: submitted=15.0 complete=0.0 best=0.0 avg_reward=-2.9333
2026-03-20 13:26:18,386 | INFO | app.pipeline.runner | Starting mining cycle 163/999999
2026-03-20 13:26:18,405 | INFO | app.pipeline.runner | Running generation 1/3
2026-03-20 13:26:18,561 | INFO | app.pipeline.runner | Running generation 2/3
2026-03-20 13:26:18,718 | INFO | app.pipeline.runner | Running generation 3/3
2026-03-20 13:26:18,869 | INFO | app.pipeline.runner | Cycle 163 complete: submitted=15.0 complete=0.0 best=0.0 avg_reward=-3.0000
2026-03-20 13:26:23,870 | INFO | app.pipeline.runner | Starting mining cycle 164/999999
2026-03-20 13:26:23,896 | INFO | app.pipeline.runner | Running generation 1/3
2026-03-20 13:26:24,029 | INFO | app.pipeline.runner | Preparing simulation template=mean_reversion expression=zscore(group_neutralize((returns - ts_mean(returns, 5)), subindustry))
2026-03-20 13:26:24,030 | INFO | events | preparing template=mean_reversion expression=zscore(group_neutralize((returns - ts_mean(returns, 5)), subindustry))
2026-03-20 13:26:24,280 | INFO | app.api.clients | Simulation submitted simulation_id=2Vo0YUcGN5d08X213Wav36lf expression=zscore(group_neutralize((returns - ts_mean(returns, 5)), subindustry))
2026-03-20 13:26:24,283 | INFO | app.pipeline.runner | Simulation accepted template=mean_reversion simulation_id=2Vo0YUcGN5d08X213Wav36lf
2026-03-20 13:37:14,405 | INFO | app.api.clients | WorldQuant login succeeded using basic auth
2026-03-20 13:37:14,661 | INFO | app.api.clients | WorldQuant login succeeded using basic auth
2026-03-20 13:37:15,026 | INFO | app.api.clients | Simulation submitted simulation_id=4fa3yFc9m4B3bAn69ZZOAJK expression=rank(group_neutralize((vwap - ts_mean(vwap, 10)), industry))
